OPERATION_GUID,TRIAL_GUID,MATERIAL_GUID,LOCATION_GUID,OPERATION_TYPE_LID,OPERATION_STATUS_LID,OPERATION_DATE,PLOT_NO,EQUIPMENT_ID,OPERATOR_ID,QUANTITY_VALUE,QUANTITY_UOM,REMARK,CREATE_DATE,LAST_CHG_DATE,ROWGUID,SOURCE_SYSTEM,IS_SYNTHETIC
7EF5AAA3-E11B-308C-0000-000000000001,515759EC-ECE3-E30C-0000-000000000001,307DEFEB-9888-F474-0000-000000000008,128FB883-C2F8-1156-0000-000000000001,HARVEST,COMPLETED,2025-06-21 00:00:00.000,1002,SYN-EQ-002,SYNTH_USER_01,207.2,plot,SYNTHETIC — hackathon mock data,2026-02-22 05:08:35.000,2026-09-22 07:28:31.000,5D2FDA1C-E3A8-3E3C-0000-000000000001,OPS_MOCK,TRUE
7EF5AAA3-E11B-308C-0000-000000000002,515759EC-ECE3-E30C-0000-000000000002,307DEFEB-9888-F474-0000-00000000000F,128FB883-C2F8-1156-0000-000000000002,IRRIGATION,PLANNED,2025-09-12 00:00:00.000,1003,SYN-EQ-003,SYNTH_USER_04,216.2,ha,SYNTHETIC — hackathon mock data,2025-09-28 07:53:21.000,2026-09-22 03:44:54.000,5D2FDA1C-E3A8-3E3C-0000-000000000002,OPS_MOCK,TRUE
7EF5AAA3-E11B-308C-0000-000000000003,515759EC-ECE3-E30C-0000-000000000003,307DEFEB-9888-F474-0000-000000000016,128FB883-C2F8-1156-0000-000000000003,FERTILISER_APPLICATION,PLANNED,2025-09-07 00:00:00.000,1004,SYN-EQ-004,SYNTH_USER_02,57.9,kg,SYNTHETIC — hackathon mock data,2025-12-19 23:08:42.000,2026-09-23 06:43:12.000,5D2FDA1C-E3A8-3E3C-0000-000000000003,OPS_MOCK,TRUE
7EF5AAA3-E11B-308C-0000-000000000004,515759EC-ECE3-E30C-0000-000000000004,307DEFEB-9888-F474-0000-00000000001D,128FB883-C2F8-1156-0000-000000000004,HARVEST,PLANNED,2025-04-23 00:00:00.000,1005,SYN-EQ-005,SYNTH_USER_01,195.0,ha,SYNTHETIC — hackathon mock data,2025-08-14 15:20:43.000,2026-09-24 00:24:57.000,5D2FDA1C-E3A8-3E3C-0000-000000000004,OPS_MOCK,TRUE
7EF5AAA3-E11B-308C-0000-000000000005,515759EC-ECE3-E30C-0000-000000000005,307DEFEB-9888-F474-0000-000000000024,128FB883-C2F8-1156-0000-000000000005,IRRIGATION,COMPLETED,2024-06-16 00:00:00.000,1006,SYN-EQ-006,SYNTH_USER_02,100.6,plot,SYNTHETIC — hackathon mock data,2025-03-07 10:36:30.000,2026-09-23 06:22:35.000,5D2FDA1C-E3A8-3E3C-0000-000000000005,OPS_MOCK,TRUE
7EF5AAA3-E11B-308C-0000-000000000006,515759EC-ECE3-E30C-0000-000000000006,307DEFEB-9888-F474-0000-00000000002B,128FB883-C2F8-1156-0000-000000000006,PLANTING,PLANNED,2026-04-24 00:00:00.000,1007,SYN-EQ-007,SYNTH_USER_03,77.7,plot,SYNTHETIC — hackathon mock data,2026-08-22 10:50:40.000,2026-09-22 01:26:46.000,5D2FDA1C-E3A8-3E3C-0000-000000000006,OPS_MOCK,TRUE
7EF5AAA3-E11B-308C-0000-000000000007,515759EC-ECE3-E30C-0000-000000000007,307DEFEB-9888-F474-0000-000000000032,128FB883-C2F8-1156-0000-000000000001,IRRIGATION,PLANNED,2025-09-16 00:00:00.000,1008,SYN-EQ-008,SYNTH_USER_03,172.6,L,SYNTHETIC — hackathon mock data,2025-12-16 05:16:21.000,2026-09-24 03:48:18.000,5D2FDA1C-E3A8-3E3C-0000-000000000007,OPS_MOCK,TRUE
7EF5AAA3-E11B-308C-0000-000000000008,515759EC-ECE3-E30C-0000-000000000008,307DEFEB-9888-F474-0000-000000000039,128FB883-C2F8-1156-0000-000000000002,PLOT_INSPECTION,COMPLETED,2024-04-20 00:00:00.000,1009,SYN-EQ-009,SYNTH_USER_01,120.2,plot,SYNTHETIC — hackathon mock data,2026-06-25 04:07:28.000,2026-09-25 13:39:01.000,5D2FDA1C-E3A8-3E3C-0000-000000000008,OPS_MOCK,TRUE
7EF5AAA3-E11B-308C-0000-000000000009,515759EC-ECE3-E30C-0000-000000000009,307DEFEB-9888-F474-0000-000000000040,128FB883-C2F8-1156-0000-000000000003,HARVEST,PLANNED,2024-10-10 00:00:00.000,1010,SYN-EQ-010,SYNTH_USER_02,132.6,ha,SYNTHETIC — hackathon mock data,2026-03-22 14:12:04.000,2026-09-25 00:22:31.000,5D2FDA1C-E3A8-3E3C-0000-000000000009,OPS_MOCK,TRUE
7EF5AAA3-E11B-308C-0000-00000000000A,515759EC-ECE3-E30C-0000-00000000000A,307DEFEB-9888-F474-0000-000000000047,128FB883-C2F8-1156-0000-000000000004,PLANTING,COMPLETED,2025-10-11 00:00:00.000,1011,SYN-EQ-011,SYNTH_USER_04,118.9,L,SYNTHETIC — hackathon mock data,2025-11-22 02:24:00.000,2026-09-24 16:43:56.000,5D2FDA1C-E3A8-3E3C-0000-00000000000A,OPS_MOCK,TRUE
7EF5AAA3-E11B-308C-0000-00000000000B,515759EC-ECE3-E30C-0000-00000000000B,307DEFEB-9888-F474-0000-00000000004E,128FB883-C2F8-1156-0000-000000000005,FERTILISER_APPLICATION,COMPLETED,2025-09-27 00:00:00.000,1012,SYN-EQ-012,SYNTH_USER_03,159.4,plot,SYNTHETIC — hackathon mock data,2025-10-30 13:26:28.000,2026-09-22 05:16:51.000,5D2FDA1C-E3A8-3E3C-0000-00000000000B,OPS_MOCK,TRUE
7EF5AAA3-E11B-308C-0000-00000000000C,515759EC-ECE3-E30C-0000-00000000000C,307DEFEB-9888-F474-0000-000000000055,128FB883-C2F8-1156-0000-000000000006,PLOT_INSPECTION,PLANNED,2026-05-06 00:00:00.000,1013,SYN-EQ-001,SYNTH_USER_03,202.7,ha,SYNTHETIC — hackathon mock data,2026-07-24 00:25:21.000,2026-09-23 12:45:51.000,5D2FDA1C-E3A8-3E3C-0000-00000000000C,OPS_MOCK,TRUE
7EF5AAA3-E11B-308C-0000-00000000000D,515759EC-ECE3-E30C-0000-00000000000D,307DEFEB-9888-F474-0000-00000000005C,128FB883-C2F8-1156-0000-000000000001,FERTILISER_APPLICATION,PLANNED,2026-04-15 00:00:00.000,1014,SYN-EQ-002,SYNTH_USER_01,159.4,kg,SYNTHETIC — hackathon mock data,2026-09-16 21:32:04.000,2026-09-24 15:54:33.000,5D2FDA1C-E3A8-3E3C-0000-00000000000D,OPS_MOCK,TRUE
7EF5AAA3-E11B-308C-0000-00000000000E,515759EC-ECE3-E30C-0000-00000000000E,307DEFEB-9888-F474-0000-000000000063,128FB883-C2F8-1156-0000-000000000002,PLOT_INSPECTION,COMPLETED,2026-09-24 00:00:00.000,1015,SYN-EQ-003,SYNTH_USER_03,200.9,kg,SYNTHETIC — hackathon mock data,2026-09-23 05:24:07.000,2026-09-25 21:06:58.000,5D2FDA1C-E3A8-3E3C-0000-00000000000E,OPS_MOCK,TRUE
7EF5AAA3-E11B-308C-0000-00000000000F,515759EC-ECE3-E30C-0000-00000000000F,307DEFEB-9888-F474-0000-00000000006A,128FB883-C2F8-1156-0000-000000000003,FERTILISER_APPLICATION,PLANNED,2025-10-09 00:00:00.000,1016,SYN-EQ-004,SYNTH_USER_04,103.3,kg,SYNTHETIC — hackathon mock data,2026-07-15 18:26:47.000,2026-09-25 07:12:04.000,5D2FDA1C-E3A8-3E3C-0000-00000000000F,OPS_MOCK,TRUE
7EF5AAA3-E11B-308C-0000-000000000010,515759EC-ECE3-E30C-0000-000000000010,307DEFEB-9888-F474-0000-000000000071,128FB883-C2F8-1156-0000-000000000004,PLANTING,COMPLETED,2026-10-20 00:00:00.000,1017,SYN-EQ-005,SYNTH_USER_04,84.0,plot,SYNTHETIC — hackathon mock data,2026-10-01 22:19:02.000,2026-09-23 06:29:43.000,5D2FDA1C-E3A8-3E3C-0000-000000000010,OPS_MOCK,TRUE
7EF5AAA3-E11B-308C-0000-000000000011,515759EC-ECE3-E30C-0000-000000000011,307DEFEB-9888-F474-0000-000000000078,128FB883-C2F8-1156-0000-000000000005,PLOT_INSPECTION,COMPLETED,2025-05-10 00:00:00.000,1018,SYN-EQ-006,SYNTH_USER_03,96.9,plot,SYNTHETIC — hackathon mock data,2025-07-18 13:23:13.000,2026-09-24 19:55:52.000,5D2FDA1C-E3A8-3E3C-0000-000000000011,OPS_MOCK,TRUE
7EF5AAA3-E11B-308C-0000-000000000012,515759EC-ECE3-E30C-0000-000000000012,307DEFEB-9888-F474-0000-00000000007F,128FB883-C2F8-1156-0000-000000000006,IRRIGATION,COMPLETED,2025-05-02 00:00:00.000,1019,SYN-EQ-007,SYNTH_USER_04,97.1,kg,SYNTHETIC — hackathon mock data,2026-04-22 05:14:54.000,2026-09-23 12:44:19.000,5D2FDA1C-E3A8-3E3C-0000-000000000012,OPS_MOCK,TRUE
7EF5AAA3-E11B-308C-0000-000000000013,515759EC-ECE3-E30C-0000-000000000013,307DEFEB-9888-F474-0000-000000000086,128FB883-C2F8-1156-0000-000000000001,HARVEST,PLANNED,2024-06-20 00:00:00.000,1020,SYN-EQ-008,SYNTH_USER_04,104.8,ha,SYNTHETIC — hackathon mock data,2026-01-15 07:31:17.000,2026-09-24 20:39:54.000,5D2FDA1C-E3A8-3E3C-0000-000000000013,OPS_MOCK,TRUE
7EF5AAA3-E11B-308C-0000-000000000014,515759EC-ECE3-E30C-0000-000000000014,307DEFEB-9888-F474-0000-00000000008D,128FB883-C2F8-1156-0000-000000000002,PLANTING,COMPLETED,2025-05-14 00:00:00.000,1021,SYN-EQ-009,SYNTH_USER_02,75.9,L,SYNTHETIC — hackathon mock data,2026-02-16 13:38:39.000,2026-09-24 00:15:35.000,5D2FDA1C-E3A8-3E3C-0000-000000000014,OPS_MOCK,TRUE
7EF5AAA3-E11B-308C-0000-000000000015,515759EC-ECE3-E30C-0000-000000000015,307DEFEB-9888-F474-0000-000000000094,128FB883-C2F8-1156-0000-000000000003,PLOT_INSPECTION,PLANNED,2024-05-11 00:00:00.000,1022,SYN-EQ-010,SYNTH_USER_04,142.8,kg,SYNTHETIC — hackathon mock data,2025-01-04 04:05:09.000,2026-09-24 22:58:35.000,5D2FDA1C-E3A8-3E3C-0000-000000000015,OPS_MOCK,TRUE
7EF5AAA3-E11B-308C-0000-000000000016,515759EC-ECE3-E30C-0000-000000000016,307DEFEB-9888-F474-0000-000000000005,128FB883-C2F8-1156-0000-000000000004,HARVEST,COMPLETED,2026-06-04 00:00:00.000,1023,SYN-EQ-011,SYNTH_USER_01,118.2,plot,SYNTHETIC — hackathon mock data,2026-08-11 14:19:25.000,2026-09-25 16:12:43.000,5D2FDA1C-E3A8-3E3C-0000-000000000016,OPS_MOCK,TRUE
7EF5AAA3-E11B-308C-0000-000000000017,515759EC-ECE3-E30C-0000-000000000017,307DEFEB-9888-F474-0000-00000000000C,128FB883-C2F8-1156-0000-000000000005,PLANTING,PLANNED,2024-09-20 00:00:00.000,1024,SYN-EQ-012,SYNTH_USER_03,156.8,plot,SYNTHETIC — hackathon mock data,2026-06-30 10:30:53.000,2026-09-23 11:31:48.000,5D2FDA1C-E3A8-3E3C-0000-000000000017,OPS_MOCK,TRUE
7EF5AAA3-E11B-308C-0000-000000000018,515759EC-ECE3-E30C-0000-000000000018,307DEFEB-9888-F474-0000-000000000013,128FB883-C2F8-1156-0000-000000000006,FERTILISER_APPLICATION,PLANNED,2026-06-16 00:00:00.000,1025,SYN-EQ-001,SYNTH_USER_03,62.6,plot,SYNTHETIC — hackathon mock data,2026-08-06 07:22:38.000,2026-09-25 12:27:03.000,5D2FDA1C-E3A8-3E3C-0000-000000000018,OPS_MOCK,TRUE
7EF5AAA3-E11B-308C-0000-000000000019,515759EC-ECE3-E30C-0000-000000000019,307DEFEB-9888-F474-0000-00000000001A,128FB883-C2F8-1156-0000-000000000001,PLOT_INSPECTION,PLANNED,2026-04-08 00:00:00.000,1026,SYN-EQ-002,SYNTH_USER_04,85.0,plot,SYNTHETIC — hackathon mock data,2026-06-08 16:16:17.000,2026-09-22 07:44:35.000,5D2FDA1C-E3A8-3E3C-0000-000000000019,OPS_MOCK,TRUE
7EF5AAA3-E11B-308C-0000-00000000001A,515759EC-ECE3-E30C-0000-00000000001A,307DEFEB-9888-F474-0000-000000000021,128FB883-C2F8-1156-0000-000000000002,PLANTING,COMPLETED,2024-06-24 00:00:00.000,1027,SYN-EQ-003,SYNTH_USER_04,94.6,kg,SYNTHETIC — hackathon mock data,2025-04-12 20:56:00.000,2026-09-25 10:17:42.000,5D2FDA1C-E3A8-3E3C-0000-00000000001A,OPS_MOCK,TRUE
7EF5AAA3-E11B-308C-0000-00000000001B,515759EC-ECE3-E30C-0000-00000000001B,307DEFEB-9888-F474-0000-000000000028,128FB883-C2F8-1156-0000-000000000003,FERTILISER_APPLICATION,COMPLETED,2024-04-23 00:00:00.000,1028,SYN-EQ-004,SYNTH_USER_04,98.6,plot,SYNTHETIC — hackathon mock data,2025-05-26 09:13:58.000,2026-09-23 02:24:10.000,5D2FDA1C-E3A8-3E3C-0000-00000000001B,OPS_MOCK,TRUE
7EF5AAA3-E11B-308C-0000-00000000001C,515759EC-ECE3-E30C-0000-00000000001C,307DEFEB-9888-F474-0000-00000000002F,128FB883-C2F8-1156-0000-000000000004,PLANTING,COMPLETED,2024-04-15 00:00:00.000,1029,SYN-EQ-005,SYNTH_USER_04,13.6,L,SYNTHETIC — hackathon mock data,2024-12-31 22:21:51.000,2026-09-24 09:58:58.000,5D2FDA1C-E3A8-3E3C-0000-00000000001C,OPS_MOCK,TRUE
7EF5AAA3-E11B-308C-0000-00000000001D,515759EC-ECE3-E30C-0000-00000000001D,307DEFEB-9888-F474-0000-000000000036,128FB883-C2F8-1156-0000-000000000005,IRRIGATION,COMPLETED,2024-05-06 00:00:00.000,1030,SYN-EQ-006,SYNTH_USER_04,156.1,L,SYNTHETIC — hackathon mock data,2024-12-12 14:22:10.000,2026-09-22 07:48:31.000,5D2FDA1C-E3A8-3E3C-0000-00000000001D,OPS_MOCK,TRUE
7EF5AAA3-E11B-308C-0000-00000000001E,515759EC-ECE3-E30C-0000-00000000001E,307DEFEB-9888-F474-0000-00000000003D,128FB883-C2F8-1156-0000-000000000006,PLOT_INSPECTION,COMPLETED,2025-04-28 00:00:00.000,1031,SYN-EQ-007,SYNTH_USER_04,71.7,kg,SYNTHETIC — hackathon mock data,2026-09-01 02:59:31.000,2026-09-25 23:51:51.000,5D2FDA1C-E3A8-3E3C-0000-00000000001E,OPS_MOCK,TRUE
7EF5AAA3-E11B-308C-0000-00000000001F,515759EC-ECE3-E30C-0000-00000000001F,307DEFEB-9888-F474-0000-000000000044,128FB883-C2F8-1156-0000-000000000001,PLOT_INSPECTION,COMPLETED,2025-04-25 00:00:00.000,1032,SYN-EQ-008,SYNTH_USER_03,37.7,kg,SYNTHETIC — hackathon mock data,2026-03-04 16:44:20.000,2026-09-25 08:30:11.000,5D2FDA1C-E3A8-3E3C-0000-00000000001F,OPS_MOCK,TRUE
7EF5AAA3-E11B-308C-0000-000000000020,515759EC-ECE3-E30C-0000-000000000020,307DEFEB-9888-F474-0000-00000000004B,128FB883-C2F8-1156-0000-000000000002,PLOT_INSPECTION,COMPLETED,2026-09-17 00:00:00.000,1033,SYN-EQ-009,SYNTH_USER_01,36.7,kg,SYNTHETIC — hackathon mock data,2026-09-17 01:04:43.000,2026-09-23 02:29:14.000,5D2FDA1C-E3A8-3E3C-0000-000000000020,OPS_MOCK,TRUE
7EF5AAA3-E11B-308C-0000-000000000021,515759EC-ECE3-E30C-0000-000000000021,307DEFEB-9888-F474-0000-000000000052,128FB883-C2F8-1156-0000-000000000003,PLANTING,COMPLETED,2024-06-10 00:00:00.000,1034,SYN-EQ-010,SYNTH_USER_03,118.1,L,SYNTHETIC — hackathon mock data,2026-08-30 01:25:44.000,2026-09-25 02:29:02.000,5D2FDA1C-E3A8-3E3C-0000-000000000021,OPS_MOCK,TRUE
7EF5AAA3-E11B-308C-0000-000000000022,515759EC-ECE3-E30C-0000-000000000022,307DEFEB-9888-F474-0000-000000000059,128FB883-C2F8-1156-0000-000000000004,HARVEST,PLANNED,2024-05-14 00:00:00.000,1035,SYN-EQ-011,SYNTH_USER_03,119.5,plot,SYNTHETIC — hackathon mock data,2025-08-23 05:12:05.000,2026-09-25 16:44:22.000,5D2FDA1C-E3A8-3E3C-0000-000000000022,OPS_MOCK,TRUE
7EF5AAA3-E11B-308C-0000-000000000023,515759EC-ECE3-E30C-0000-000000000023,307DEFEB-9888-F474-0000-000000000060,128FB883-C2F8-1156-0000-000000000005,PLANTING,COMPLETED,2026-04-10 00:00:00.000,1036,SYN-EQ-012,SYNTH_USER_04,198.4,plot,SYNTHETIC — hackathon mock data,2026-04-28 10:48:13.000,2026-09-24 17:07:19.000,5D2FDA1C-E3A8-3E3C-0000-000000000023,OPS_MOCK,TRUE
7EF5AAA3-E11B-308C-0000-000000000024,515759EC-ECE3-E30C-0000-000000000024,307DEFEB-9888-F474-0000-000000000067,128FB883-C2F8-1156-0000-000000000006,HARVEST,COMPLETED,2026-06-25 00:00:00.000,1037,SYN-EQ-001,SYNTH_USER_03,66.4,ha,SYNTHETIC — hackathon mock data,2026-08-04 09:31:46.000,2026-09-22 19:46:24.000,5D2FDA1C-E3A8-3E3C-0000-000000000024,OPS_MOCK,TRUE
7EF5AAA3-E11B-308C-0000-000000000025,515759EC-ECE3-E30C-0000-000000000025,307DEFEB-9888-F474-0000-00000000006E,128FB883-C2F8-1156-0000-000000000001,IRRIGATION,COMPLETED,2025-09-15 00:00:00.000,1038,SYN-EQ-002,SYNTH_USER_01,25.8,plot,SYNTHETIC — hackathon mock data,2026-04-18 06:58:42.000,2026-09-25 15:49:28.000,5D2FDA1C-E3A8-3E3C-0000-000000000025,OPS_MOCK,TRUE
7EF5AAA3-E11B-308C-0000-000000000026,515759EC-ECE3-E30C-0000-000000000026,307DEFEB-9888-F474-0000-000000000075,128FB883-C2F8-1156-0000-000000000002,PLANTING,PLANNED,2024-10-26 00:00:00.000,1039,SYN-EQ-003,SYNTH_USER_03,123.0,ha,SYNTHETIC — hackathon mock data,2024-12-17 03:11:07.000,2026-09-24 13:11:56.000,5D2FDA1C-E3A8-3E3C-0000-000000000026,OPS_MOCK,TRUE
7EF5AAA3-E11B-308C-0000-000000000027,515759EC-ECE3-E30C-0000-000000000027,307DEFEB-9888-F474-0000-00000000007C,128FB883-C2F8-1156-0000-000000000003,HARVEST,COMPLETED,2026-10-27 00:00:00.000,1040,SYN-EQ-004,SYNTH_USER_03,20.4,ha,SYNTHETIC — hackathon mock data,2026-10-26 03:11:06.000,2026-09-23 03:22:29.000,5D2FDA1C-E3A8-3E3C-0000-000000000027,OPS_MOCK,TRUE
7EF5AAA3-E11B-308C-0000-000000000028,515759EC-ECE3-E30C-0000-000000000028,307DEFEB-9888-F474-0000-000000000083,128FB883-C2F8-1156-0000-000000000004,IRRIGATION,PLANNED,2024-10-09 00:00:00.000,1041,SYN-EQ-005,SYNTH_USER_04,157.6,plot,SYNTHETIC — hackathon mock data,2025-05-11 19:49:36.000,2026-09-23 11:04:36.000,5D2FDA1C-E3A8-3E3C-0000-000000000028,OPS_MOCK,TRUE
7EF5AAA3-E11B-308C-0000-000000000029,515759EC-ECE3-E30C-0000-000000000029,307DEFEB-9888-F474-0000-00000000008A,128FB883-C2F8-1156-0000-000000000005,IRRIGATION,COMPLETED,2026-06-27 00:00:00.000,1042,SYN-EQ-006,SYNTH_USER_02,176.6,plot,SYNTHETIC — hackathon mock data,2026-07-15 19:41:53.000,2026-09-25 17:54:52.000,5D2FDA1C-E3A8-3E3C-0000-000000000029,OPS_MOCK,TRUE
7EF5AAA3-E11B-308C-0000-00000000002A,515759EC-ECE3-E30C-0000-00000000002A,307DEFEB-9888-F474-0000-000000000091,128FB883-C2F8-1156-0000-000000000006,HARVEST,COMPLETED,2025-06-20 00:00:00.000,1043,SYN-EQ-007,SYNTH_USER_02,156.9,kg,SYNTHETIC — hackathon mock data,2026-02-27 05:03:36.000,2026-09-22 15:19:02.000,5D2FDA1C-E3A8-3E3C-0000-00000000002A,OPS_MOCK,TRUE
7EF5AAA3-E11B-308C-0000-00000000002B,515759EC-ECE3-E30C-0000-00000000002B,307DEFEB-9888-F474-0000-000000000002,128FB883-C2F8-1156-0000-000000000001,PLANTING,PLANNED,2026-05-07 00:00:00.000,1044,SYN-EQ-008,SYNTH_USER_03,203.8,plot,SYNTHETIC — hackathon mock data,2026-07-12 14:51:50.000,2026-09-24 13:19:51.000,5D2FDA1C-E3A8-3E3C-0000-00000000002B,OPS_MOCK,TRUE
7EF5AAA3-E11B-308C-0000-00000000002C,515759EC-ECE3-E30C-0000-00000000002C,307DEFEB-9888-F474-0000-000000000009,128FB883-C2F8-1156-0000-000000000002,IRRIGATION,COMPLETED,2026-04-05 00:00:00.000,1045,SYN-EQ-009,SYNTH_USER_04,70.6,kg,SYNTHETIC — hackathon mock data,2026-04-13 08:40:13.000,2026-09-22 17:46:00.000,5D2FDA1C-E3A8-3E3C-0000-00000000002C,OPS_MOCK,TRUE
7EF5AAA3-E11B-308C-0000-00000000002D,515759EC-ECE3-E30C-0000-00000000002D,307DEFEB-9888-F474-0000-000000000010,128FB883-C2F8-1156-0000-000000000003,IRRIGATION,COMPLETED,2026-05-12 00:00:00.000,1046,SYN-EQ-010,SYNTH_USER_04,68.0,L,SYNTHETIC — hackathon mock data,2026-09-04 23:29:25.000,2026-09-24 10:09:05.000,5D2FDA1C-E3A8-3E3C-0000-00000000002D,OPS_MOCK,TRUE
7EF5AAA3-E11B-308C-0000-00000000002E,515759EC-ECE3-E30C-0000-00000000002E,307DEFEB-9888-F474-0000-000000000017,128FB883-C2F8-1156-0000-000000000004,IRRIGATION,COMPLETED,2024-10-12 00:00:00.000,1047,SYN-EQ-011,SYNTH_USER_03,153.6,plot,SYNTHETIC — hackathon mock data,2025-10-14 02:09:59.000,2026-09-24 02:40:39.000,5D2FDA1C-E3A8-3E3C-0000-00000000002E,OPS_MOCK,TRUE
7EF5AAA3-E11B-308C-0000-00000000002F,515759EC-ECE3-E30C-0000-00000000002F,307DEFEB-9888-F474-0000-00000000001E,128FB883-C2F8-1156-0000-000000000005,PLANTING,COMPLETED,2025-05-16 00:00:00.000,1048,SYN-EQ-012,SYNTH_USER_04,71.5,kg,SYNTHETIC — hackathon mock data,2026-06-08 11:34:46.000,2026-09-25 14:31:14.000,5D2FDA1C-E3A8-3E3C-0000-00000000002F,OPS_MOCK,TRUE
7EF5AAA3-E11B-308C-0000-000000000030,515759EC-ECE3-E30C-0000-000000000030,307DEFEB-9888-F474-0000-000000000025,128FB883-C2F8-1156-0000-000000000006,HARVEST,COMPLETED,2026-04-27 00:00:00.000,1049,SYN-EQ-001,SYNTH_USER_02,148.7,kg,SYNTHETIC — hackathon mock data,2026-08-24 02:31:27.000,2026-09-23 08:16:49.000,5D2FDA1C-E3A8-3E3C-0000-000000000030,OPS_MOCK,TRUE
7EF5AAA3-E11B-308C-0000-000000000031,515759EC-ECE3-E30C-0000-000000000031,307DEFEB-9888-F474-0000-00000000002C,128FB883-C2F8-1156-0000-000000000001,PLOT_INSPECTION,COMPLETED,2024-06-03 00:00:00.000,1050,SYN-EQ-002,SYNTH_USER_04,107.7,plot,SYNTHETIC — hackathon mock data,2025-09-07 01:16:53.000,2026-09-24 13:47:53.000,5D2FDA1C-E3A8-3E3C-0000-000000000031,OPS_MOCK,TRUE
7EF5AAA3-E11B-308C-0000-000000000032,515759EC-ECE3-E30C-0000-000000000032,307DEFEB-9888-F474-0000-000000000033,128FB883-C2F8-1156-0000-000000000002,PLANTING,COMPLETED,2024-04-19 00:00:00.000,1051,SYN-EQ-003,SYNTH_USER_03,33.2,plot,SYNTHETIC — hackathon mock data,2026-07-18 11:46:31.000,2026-09-23 13:42:44.000,5D2FDA1C-E3A8-3E3C-0000-000000000032,OPS_MOCK,TRUE
7EF5AAA3-E11B-308C-0000-000000000033,515759EC-ECE3-E30C-0000-000000000033,307DEFEB-9888-F474-0000-00000000003A,128FB883-C2F8-1156-0000-000000000003,IRRIGATION,COMPLETED,2026-04-10 00:00:00.000,1052,SYN-EQ-004,SYNTH_USER_04,88.0,L,SYNTHETIC — hackathon mock data,2026-07-26 06:54:36.000,2026-09-24 15:49:52.000,5D2FDA1C-E3A8-3E3C-0000-000000000033,OPS_MOCK,TRUE
7EF5AAA3-E11B-308C-0000-000000000034,515759EC-ECE3-E30C-0000-000000000034,307DEFEB-9888-F474-0000-000000000041,128FB883-C2F8-1156-0000-000000000004,PLANTING,COMPLETED,2025-10-08 00:00:00.000,1053,SYN-EQ-005,SYNTH_USER_03,135.0,L,SYNTHETIC — hackathon mock data,2026-05-16 06:22:50.000,2026-09-25 16:02:54.000,5D2FDA1C-E3A8-3E3C-0000-000000000034,OPS_MOCK,TRUE
7EF5AAA3-E11B-308C-0000-000000000035,515759EC-ECE3-E30C-0000-000000000035,307DEFEB-9888-F474-0000-000000000048,128FB883-C2F8-1156-0000-000000000005,PLANTING,COMPLETED,2024-06-08 00:00:00.000,1054,SYN-EQ-006,SYNTH_USER_02,26.0,L,SYNTHETIC — hackathon mock data,2025-05-01 08:13:52.000,2026-09-22 00:30:06.000,5D2FDA1C-E3A8-3E3C-0000-000000000035,OPS_MOCK,TRUE
7EF5AAA3-E11B-308C-0000-000000000036,515759EC-ECE3-E30C-0000-000000000036,307DEFEB-9888-F474-0000-00000000004F,128FB883-C2F8-1156-0000-000000000006,PLANTING,COMPLETED,2025-05-28 00:00:00.000,1055,SYN-EQ-007,SYNTH_USER_02,166.6,ha,SYNTHETIC — hackathon mock data,2026-09-13 19:53:43.000,2026-09-23 18:48:35.000,5D2FDA1C-E3A8-3E3C-0000-000000000036,OPS_MOCK,TRUE
7EF5AAA3-E11B-308C-0000-000000000037,515759EC-ECE3-E30C-0000-000000000037,307DEFEB-9888-F474-0000-000000000056,128FB883-C2F8-1156-0000-000000000001,PLANTING,PLANNED,2025-04-22 00:00:00.000,1056,SYN-EQ-008,SYNTH_USER_01,209.6,plot,SYNTHETIC — hackathon mock data,2026-08-09 09:29:53.000,2026-09-25 07:59:45.000,5D2FDA1C-E3A8-3E3C-0000-000000000037,OPS_MOCK,TRUE
7EF5AAA3-E11B-308C-0000-000000000038,515759EC-ECE3-E30C-0000-000000000038,307DEFEB-9888-F474-0000-00000000005D,128FB883-C2F8-1156-0000-000000000002,PLOT_INSPECTION,PLANNED,2025-05-06 00:00:00.000,1057,SYN-EQ-009,SYNTH_USER_04,136.8,L,SYNTHETIC — hackathon mock data,2025-09-09 17:32:38.000,2026-09-22 16:18:39.000,5D2FDA1C-E3A8-3E3C-0000-000000000038,OPS_MOCK,TRUE
7EF5AAA3-E11B-308C-0000-000000000039,515759EC-ECE3-E30C-0000-000000000039,307DEFEB-9888-F474-0000-000000000064,128FB883-C2F8-1156-0000-000000000003,FERTILISER_APPLICATION,COMPLETED,2025-09-10 00:00:00.000,1058,SYN-EQ-010,SYNTH_USER_04,204.9,L,SYNTHETIC — hackathon mock data,2025-12-26 06:34:50.000,2026-09-22 15:41:37.000,5D2FDA1C-E3A8-3E3C-0000-000000000039,OPS_MOCK,TRUE
7EF5AAA3-E11B-308C-0000-00000000003A,515759EC-ECE3-E30C-0000-00000000003A,307DEFEB-9888-F474-0000-00000000006B,128FB883-C2F8-1156-0000-000000000004,PLOT_INSPECTION,COMPLETED,2025-05-01 00:00:00.000,1059,SYN-EQ-011,SYNTH_USER_01,70.9,plot,SYNTHETIC — hackathon mock data,2026-05-06 19:18:09.000,2026-09-23 02:03:56.000,5D2FDA1C-E3A8-3E3C-0000-00000000003A,OPS_MOCK,TRUE
7EF5AAA3-E11B-308C-0000-00000000003B,515759EC-ECE3-E30C-0000-00000000003B,307DEFEB-9888-F474-0000-000000000072,128FB883-C2F8-1156-0000-000000000005,FERTILISER_APPLICATION,PLANNED,2025-05-19 00:00:00.000,1060,SYN-EQ-012,SYNTH_USER_04,167.1,plot,SYNTHETIC — hackathon mock data,2026-02-24 08:30:12.000,2026-09-22 17:06:39.000,5D2FDA1C-E3A8-3E3C-0000-00000000003B,OPS_MOCK,TRUE
7EF5AAA3-E11B-308C-0000-00000000003C,515759EC-ECE3-E30C-0000-00000000003C,307DEFEB-9888-F474-0000-000000000079,128FB883-C2F8-1156-0000-000000000006,PLANTING,COMPLETED,2024-10-20 00:00:00.000,1061,SYN-EQ-001,SYNTH_USER_03,81.9,plot,SYNTHETIC — hackathon mock data,2026-04-22 12:19:37.000,2026-09-24 11:21:15.000,5D2FDA1C-E3A8-3E3C-0000-00000000003C,OPS_MOCK,TRUE
7EF5AAA3-E11B-308C-0000-00000000003D,515759EC-ECE3-E30C-0000-00000000003D,307DEFEB-9888-F474-0000-000000000080,128FB883-C2F8-1156-0000-000000000001,PLOT_INSPECTION,PLANNED,2024-09-19 00:00:00.000,1062,SYN-EQ-002,SYNTH_USER_01,48.0,kg,SYNTHETIC — hackathon mock data,2026-04-16 09:08:58.000,2026-09-23 09:42:08.000,5D2FDA1C-E3A8-3E3C-0000-00000000003D,OPS_MOCK,TRUE
7EF5AAA3-E11B-308C-0000-00000000003E,515759EC-ECE3-E30C-0000-00000000003E,307DEFEB-9888-F474-0000-000000000087,128FB883-C2F8-1156-0000-000000000002,HARVEST,COMPLETED,2026-10-15 00:00:00.000,1063,SYN-EQ-003,SYNTH_USER_03,135.1,kg,SYNTHETIC — hackathon mock data,2026-10-13 00:58:35.000,2026-09-24 07:13:23.000,5D2FDA1C-E3A8-3E3C-0000-00000000003E,OPS_MOCK,TRUE
7EF5AAA3-E11B-308C-0000-00000000003F,515759EC-ECE3-E30C-0000-00000000003F,307DEFEB-9888-F474-0000-00000000008E,128FB883-C2F8-1156-0000-000000000003,HARVEST,COMPLETED,2026-04-28 00:00:00.000,1064,SYN-EQ-004,SYNTH_USER_03,33.9,plot,SYNTHETIC — hackathon mock data,2026-09-11 08:59:03.000,2026-09-24 00:55:44.000,5D2FDA1C-E3A8-3E3C-0000-00000000003F,OPS_MOCK,TRUE
7EF5AAA3-E11B-308C-0000-000000000040,515759EC-ECE3-E30C-0000-000000000040,307DEFEB-9888-F474-0000-000000000095,128FB883-C2F8-1156-0000-000000000004,PLANTING,PLANNED,2026-09-04 00:00:00.000,1065,SYN-EQ-005,SYNTH_USER_02,9.0,ha,SYNTHETIC — hackathon mock data,2026-09-19 10:32:41.000,2026-09-22 12:48:19.000,5D2FDA1C-E3A8-3E3C-0000-000000000040,OPS_MOCK,TRUE
7EF5AAA3-E11B-308C-0000-000000000041,515759EC-ECE3-E30C-0000-000000000041,307DEFEB-9888-F474-0000-000000000006,128FB883-C2F8-1156-0000-000000000005,PLANTING,COMPLETED,2026-05-14 00:00:00.000,1066,SYN-EQ-006,SYNTH_USER_02,77.5,plot,SYNTHETIC — hackathon mock data,2026-08-27 18:40:52.000,2026-09-25 23:45:51.000,5D2FDA1C-E3A8-3E3C-0000-000000000041,OPS_MOCK,TRUE
7EF5AAA3-E11B-308C-0000-000000000042,515759EC-ECE3-E30C-0000-000000000042,307DEFEB-9888-F474-0000-00000000000D,128FB883-C2F8-1156-0000-000000000006,FERTILISER_APPLICATION,COMPLETED,2026-09-11 00:00:00.000,1067,SYN-EQ-007,SYNTH_USER_02,124.4,plot,SYNTHETIC — hackathon mock data,2026-09-14 17:32:49.000,2026-09-22 05:15:35.000,5D2FDA1C-E3A8-3E3C-0000-000000000042,OPS_MOCK,TRUE
7EF5AAA3-E11B-308C-0000-000000000043,515759EC-ECE3-E30C-0000-000000000043,307DEFEB-9888-F474-0000-000000000014,128FB883-C2F8-1156-0000-000000000001,PLANTING,COMPLETED,2024-04-17 00:00:00.000,1068,SYN-EQ-008,SYNTH_USER_01,157.4,ha,SYNTHETIC — hackathon mock data,2025-08-23 15:46:45.000,2026-09-24 17:41:50.000,5D2FDA1C-E3A8-3E3C-0000-000000000043,OPS_MOCK,TRUE
7EF5AAA3-E11B-308C-0000-000000000044,515759EC-ECE3-E30C-0000-000000000044,307DEFEB-9888-F474-0000-00000000001B,128FB883-C2F8-1156-0000-000000000002,FERTILISER_APPLICATION,PLANNED,2026-05-28 00:00:00.000,1069,SYN-EQ-009,SYNTH_USER_04,131.3,L,SYNTHETIC — hackathon mock data,2026-06-28 03:59:28.000,2026-09-23 23:56:31.000,5D2FDA1C-E3A8-3E3C-0000-000000000044,OPS_MOCK,TRUE
7EF5AAA3-E11B-308C-0000-000000000045,515759EC-ECE3-E30C-0000-000000000045,307DEFEB-9888-F474-0000-000000000022,128FB883-C2F8-1156-0000-000000000003,IRRIGATION,PLANNED,2024-05-18 00:00:00.000,1070,SYN-EQ-010,SYNTH_USER_04,139.5,kg,SYNTHETIC — hackathon mock data,2026-03-24 07:32:22.000,2026-09-22 14:42:56.000,5D2FDA1C-E3A8-3E3C-0000-000000000045,OPS_MOCK,TRUE
7EF5AAA3-E11B-308C-0000-000000000046,515759EC-ECE3-E30C-0000-000000000046,307DEFEB-9888-F474-0000-000000000029,128FB883-C2F8-1156-0000-000000000004,PLANTING,COMPLETED,2024-05-28 00:00:00.000,1071,SYN-EQ-011,SYNTH_USER_01,49.7,kg,SYNTHETIC — hackathon mock data,2026-06-05 02:08:17.000,2026-09-25 20:09:55.000,5D2FDA1C-E3A8-3E3C-0000-000000000046,OPS_MOCK,TRUE
7EF5AAA3-E11B-308C-0000-000000000047,515759EC-ECE3-E30C-0000-000000000047,307DEFEB-9888-F474-0000-000000000030,128FB883-C2F8-1156-0000-000000000005,PLANTING,COMPLETED,2024-10-12 00:00:00.000,1072,SYN-EQ-012,SYNTH_USER_03,137.0,kg,SYNTHETIC — hackathon mock data,2025-07-23 22:03:31.000,2026-09-23 12:37:56.000,5D2FDA1C-E3A8-3E3C-0000-000000000047,OPS_MOCK,TRUE
7EF5AAA3-E11B-308C-0000-000000000048,515759EC-ECE3-E30C-0000-000000000048,307DEFEB-9888-F474-0000-000000000037,128FB883-C2F8-1156-0000-000000000006,PLOT_INSPECTION,COMPLETED,2024-10-10 00:00:00.000,1073,SYN-EQ-001,SYNTH_USER_04,117.8,plot,SYNTHETIC — hackathon mock data,2025-05-10 01:11:56.000,2026-09-22 19:36:05.000,5D2FDA1C-E3A8-3E3C-0000-000000000048,OPS_MOCK,TRUE
7EF5AAA3-E11B-308C-0000-000000000049,515759EC-ECE3-E30C-0000-000000000001,307DEFEB-9888-F474-0000-00000000003E,128FB883-C2F8-1156-0000-000000000001,PLOT_INSPECTION,PLANNED,2026-04-21 00:00:00.000,1074,SYN-EQ-002,SYNTH_USER_01,218.8,kg,SYNTHETIC — hackathon mock data,2026-08-14 21:14:23.000,2026-09-24 19:15:06.000,5D2FDA1C-E3A8-3E3C-0000-000000000049,OPS_MOCK,TRUE
7EF5AAA3-E11B-308C-0000-00000000004A,515759EC-ECE3-E30C-0000-000000000002,307DEFEB-9888-F474-0000-000000000045,128FB883-C2F8-1156-0000-000000000002,FERTILISER_APPLICATION,COMPLETED,2026-05-06 00:00:00.000,1075,SYN-EQ-003,SYNTH_USER_01,6.7,plot,SYNTHETIC — hackathon mock data,2026-09-13 06:31:01.000,2026-09-23 11:57:15.000,5D2FDA1C-E3A8-3E3C-0000-00000000004A,OPS_MOCK,TRUE
7EF5AAA3-E11B-308C-0000-00000000004B,515759EC-ECE3-E30C-0000-000000000003,307DEFEB-9888-F474-0000-00000000004C,128FB883-C2F8-1156-0000-000000000003,PLANTING,COMPLETED,2025-05-08 00:00:00.000,1076,SYN-EQ-004,SYNTH_USER_03,213.1,kg,SYNTHETIC — hackathon mock data,2025-12-30 08:05:46.000,2026-09-23 08:30:46.000,5D2FDA1C-E3A8-3E3C-0000-00000000004B,OPS_MOCK,TRUE
7EF5AAA3-E11B-308C-0000-00000000004C,515759EC-ECE3-E30C-0000-000000000004,307DEFEB-9888-F474-0000-000000000053,128FB883-C2F8-1156-0000-000000000004,IRRIGATION,COMPLETED,2025-10-02 00:00:00.000,1077,SYN-EQ-005,SYNTH_USER_02,40.5,kg,SYNTHETIC — hackathon mock data,2026-01-23 22:01:49.000,2026-09-22 17:16:40.000,5D2FDA1C-E3A8-3E3C-0000-00000000004C,OPS_MOCK,TRUE
7EF5AAA3-E11B-308C-0000-00000000004D,515759EC-ECE3-E30C-0000-000000000005,307DEFEB-9888-F474-0000-00000000005A,128FB883-C2F8-1156-0000-000000000005,PLANTING,PLANNED,2026-05-24 00:00:00.000,1078,SYN-EQ-006,SYNTH_USER_01,135.6,ha,SYNTHETIC — hackathon mock data,2026-08-25 10:36:08.000,2026-09-22 19:59:11.000,5D2FDA1C-E3A8-3E3C-0000-00000000004D,OPS_MOCK,TRUE
7EF5AAA3-E11B-308C-0000-00000000004E,515759EC-ECE3-E30C-0000-000000000006,307DEFEB-9888-F474-0000-000000000061,128FB883-C2F8-1156-0000-000000000006,PLOT_INSPECTION,COMPLETED,2024-09-18 00:00:00.000,1079,SYN-EQ-007,SYNTH_USER_03,26.0,ha,SYNTHETIC — hackathon mock data,2026-06-25 02:15:47.000,2026-09-25 20:49:45.000,5D2FDA1C-E3A8-3E3C-0000-00000000004E,OPS_MOCK,TRUE
7EF5AAA3-E11B-308C-0000-00000000004F,515759EC-ECE3-E30C-0000-000000000007,307DEFEB-9888-F474-0000-000000000068,128FB883-C2F8-1156-0000-000000000001,HARVEST,COMPLETED,2026-05-04 00:00:00.000,1080,SYN-EQ-008,SYNTH_USER_02,190.0,kg,SYNTHETIC — hackathon mock data,2026-08-16 03:06:45.000,2026-09-23 04:15:31.000,5D2FDA1C-E3A8-3E3C-0000-00000000004F,OPS_MOCK,TRUE
7EF5AAA3-E11B-308C-0000-000000000050,515759EC-ECE3-E30C-0000-000000000008,307DEFEB-9888-F474-0000-00000000006F,128FB883-C2F8-1156-0000-000000000002,PLOT_INSPECTION,COMPLETED,2025-06-20 00:00:00.000,1081,SYN-EQ-009,SYNTH_USER_03,188.4,kg,SYNTHETIC — hackathon mock data,2025-11-25 01:42:45.000,2026-09-23 01:17:42.000,5D2FDA1C-E3A8-3E3C-0000-000000000050,OPS_MOCK,TRUE
7EF5AAA3-E11B-308C-0000-000000000051,515759EC-ECE3-E30C-0000-000000000009,307DEFEB-9888-F474-0000-000000000076,128FB883-C2F8-1156-0000-000000000003,HARVEST,PLANNED,2026-05-11 00:00:00.000,1082,SYN-EQ-010,SYNTH_USER_02,168.3,kg,SYNTHETIC — hackathon mock data,2026-08-05 09:34:07.000,2026-09-24 18:07:42.000,5D2FDA1C-E3A8-3E3C-0000-000000000051,OPS_MOCK,TRUE
7EF5AAA3-E11B-308C-0000-000000000052,515759EC-ECE3-E30C-0000-00000000000A,307DEFEB-9888-F474-0000-00000000007D,128FB883-C2F8-1156-0000-000000000004,HARVEST,PLANNED,2025-10-05 00:00:00.000,1083,SYN-EQ-011,SYNTH_USER_04,137.5,L,SYNTHETIC — hackathon mock data,2026-05-23 13:27:23.000,2026-09-22 20:16:17.000,5D2FDA1C-E3A8-3E3C-0000-000000000052,OPS_MOCK,TRUE
7EF5AAA3-E11B-308C-0000-000000000053,515759EC-ECE3-E30C-0000-00000000000B,307DEFEB-9888-F474-0000-000000000084,128FB883-C2F8-1156-0000-000000000005,IRRIGATION,PLANNED,2026-10-25 00:00:00.000,1084,SYN-EQ-012,SYNTH_USER_03,211.7,kg,SYNTHETIC — hackathon mock data,2026-09-22 17:31:14.000,2026-09-23 12:25:28.000,5D2FDA1C-E3A8-3E3C-0000-000000000053,OPS_MOCK,TRUE
7EF5AAA3-E11B-308C-0000-000000000054,515759EC-ECE3-E30C-0000-00000000000C,307DEFEB-9888-F474-0000-00000000008B,128FB883-C2F8-1156-0000-000000000006,PLOT_INSPECTION,PLANNED,2025-05-15 00:00:00.000,1085,SYN-EQ-001,SYNTH_USER_01,21.6,kg,SYNTHETIC — hackathon mock data,2026-06-18 13:58:33.000,2026-09-22 09:00:53.000,5D2FDA1C-E3A8-3E3C-0000-000000000054,OPS_MOCK,TRUE
7EF5AAA3-E11B-308C-0000-000000000055,515759EC-ECE3-E30C-0000-00000000000D,307DEFEB-9888-F474-0000-000000000092,128FB883-C2F8-1156-0000-000000000001,PLANTING,PLANNED,2024-10-08 00:00:00.000,1086,SYN-EQ-002,SYNTH_USER_03,159.3,ha,SYNTHETIC — hackathon mock data,2026-01-05 23:46:10.000,2026-09-25 14:47:09.000,5D2FDA1C-E3A8-3E3C-0000-000000000055,OPS_MOCK,TRUE
7EF5AAA3-E11B-308C-0000-000000000056,515759EC-ECE3-E30C-0000-00000000000E,307DEFEB-9888-F474-0000-000000000003,128FB883-C2F8-1156-0000-000000000002,PLOT_INSPECTION,PLANNED,2024-04-23 00:00:00.000,1087,SYN-EQ-003,SYNTH_USER_03,174.5,plot,SYNTHETIC — hackathon mock data,2025-02-19 00:25:36.000,2026-09-25 11:08:17.000,5D2FDA1C-E3A8-3E3C-0000-000000000056,OPS_MOCK,TRUE
7EF5AAA3-E11B-308C-0000-000000000057,515759EC-ECE3-E30C-0000-00000000000F,307DEFEB-9888-F474-0000-00000000000A,128FB883-C2F8-1156-0000-000000000003,PLOT_INSPECTION,COMPLETED,2025-05-16 00:00:00.000,1088,SYN-EQ-004,SYNTH_USER_02,200.7,ha,SYNTHETIC — hackathon mock data,2025-12-20 05:46:29.000,2026-09-22 17:01:42.000,5D2FDA1C-E3A8-3E3C-0000-000000000057,OPS_MOCK,TRUE
7EF5AAA3-E11B-308C-0000-000000000058,515759EC-ECE3-E30C-0000-000000000010,307DEFEB-9888-F474-0000-000000000011,128FB883-C2F8-1156-0000-000000000004,HARVEST,COMPLETED,2025-04-15 00:00:00.000,1089,SYN-EQ-005,SYNTH_USER_01,14.4,L,SYNTHETIC — hackathon mock data,2025-08-05 08:08:50.000,2026-09-24 18:07:25.000,5D2FDA1C-E3A8-3E3C-0000-000000000058,OPS_MOCK,TRUE
7EF5AAA3-E11B-308C-0000-000000000059,515759EC-ECE3-E30C-0000-000000000011,307DEFEB-9888-F474-0000-000000000018,128FB883-C2F8-1156-0000-000000000005,FERTILISER_APPLICATION,COMPLETED,2024-05-12 00:00:00.000,1090,SYN-EQ-006,SYNTH_USER_04,23.0,L,SYNTHETIC — hackathon mock data,2026-08-14 17:28:10.000,2026-09-24 06:17:34.000,5D2FDA1C-E3A8-3E3C-0000-000000000059,OPS_MOCK,TRUE
7EF5AAA3-E11B-308C-0000-00000000005A,515759EC-ECE3-E30C-0000-000000000012,307DEFEB-9888-F474-0000-00000000001F,128FB883-C2F8-1156-0000-000000000006,FERTILISER_APPLICATION,COMPLETED,2026-06-23 00:00:00.000,1091,SYN-EQ-007,SYNTH_USER_02,11.9,plot,SYNTHETIC — hackathon mock data,2026-09-17 21:22:54.000,2026-09-23 05:09:51.000,5D2FDA1C-E3A8-3E3C-0000-00000000005A,OPS_MOCK,TRUE
7EF5AAA3-E11B-308C-0000-00000000005B,515759EC-ECE3-E30C-0000-000000000013,307DEFEB-9888-F474-0000-000000000026,128FB883-C2F8-1156-0000-000000000001,PLANTING,COMPLETED,2026-06-24 00:00:00.000,1092,SYN-EQ-008,SYNTH_USER_03,34.3,kg,SYNTHETIC — hackathon mock data,2026-06-24 08:56:43.000,2026-09-22 10:08:17.000,5D2FDA1C-E3A8-3E3C-0000-00000000005B,OPS_MOCK,TRUE
7EF5AAA3-E11B-308C-0000-00000000005C,515759EC-ECE3-E30C-0000-000000000014,307DEFEB-9888-F474-0000-00000000002D,128FB883-C2F8-1156-0000-000000000002,PLOT_INSPECTION,COMPLETED,2026-05-19 00:00:00.000,1093,SYN-EQ-009,SYNTH_USER_02,64.9,kg,SYNTHETIC — hackathon mock data,2026-07-08 14:07:10.000,2026-09-22 01:27:19.000,5D2FDA1C-E3A8-3E3C-0000-00000000005C,OPS_MOCK,TRUE
7EF5AAA3-E11B-308C-0000-00000000005D,515759EC-ECE3-E30C-0000-000000000015,307DEFEB-9888-F474-0000-000000000034,128FB883-C2F8-1156-0000-000000000003,PLANTING,PLANNED,2025-10-17 00:00:00.000,1094,SYN-EQ-010,SYNTH_USER_01,21.6,L,SYNTHETIC — hackathon mock data,2026-06-17 18:41:55.000,2026-09-23 16:39:40.000,5D2FDA1C-E3A8-3E3C-0000-00000000005D,OPS_MOCK,TRUE
7EF5AAA3-E11B-308C-0000-00000000005E,515759EC-ECE3-E30C-0000-000000000016,307DEFEB-9888-F474-0000-00000000003B,128FB883-C2F8-1156-0000-000000000004,PLOT_INSPECTION,COMPLETED,2024-10-12 00:00:00.000,1095,SYN-EQ-011,SYNTH_USER_01,111.1,kg,SYNTHETIC — hackathon mock data,2025-08-01 12:34:23.000,2026-09-24 03:19:03.000,5D2FDA1C-E3A8-3E3C-0000-00000000005E,OPS_MOCK,TRUE
7EF5AAA3-E11B-308C-0000-00000000005F,515759EC-ECE3-E30C-0000-000000000017,307DEFEB-9888-F474-0000-000000000042,128FB883-C2F8-1156-0000-000000000005,IRRIGATION,COMPLETED,2024-05-07 00:00:00.000,1096,SYN-EQ-012,SYNTH_USER_03,218.3,ha,SYNTHETIC — hackathon mock data,2024-12-09 20:33:40.000,2026-09-25 03:49:46.000,5D2FDA1C-E3A8-3E3C-0000-00000000005F,OPS_MOCK,TRUE
7EF5AAA3-E11B-308C-0000-000000000060,515759EC-ECE3-E30C-0000-000000000018,307DEFEB-9888-F474-0000-000000000049,128FB883-C2F8-1156-0000-000000000006,HARVEST,COMPLETED,2026-09-12 00:00:00.000,1001,SYN-EQ-001,SYNTH_USER_01,78.7,kg,SYNTHETIC — hackathon mock data,2026-09-19 01:48:03.000,2026-09-22 07:01:29.000,5D2FDA1C-E3A8-3E3C-0000-000000000060,OPS_MOCK,TRUE
7EF5AAA3-E11B-308C-0000-000000000061,515759EC-ECE3-E30C-0000-000000000019,307DEFEB-9888-F474-0000-000000000050,128FB883-C2F8-1156-0000-000000000001,HARVEST,COMPLETED,2025-05-24 00:00:00.000,1002,SYN-EQ-002,SYNTH_USER_04,129.9,kg,SYNTHETIC — hackathon mock data,2026-08-22 15:26:16.000,2026-09-24 09:34:52.000,5D2FDA1C-E3A8-3E3C-0000-000000000061,OPS_MOCK,TRUE
7EF5AAA3-E11B-308C-0000-000000000062,515759EC-ECE3-E30C-0000-00000000001A,307DEFEB-9888-F474-0000-000000000057,128FB883-C2F8-1156-0000-000000000002,IRRIGATION,COMPLETED,2024-04-16 00:00:00.000,1003,SYN-EQ-003,SYNTH_USER_02,214.2,L,SYNTHETIC — hackathon mock data,2025-11-06 15:28:57.000,2026-09-22 07:43:40.000,5D2FDA1C-E3A8-3E3C-0000-000000000062,OPS_MOCK,TRUE
7EF5AAA3-E11B-308C-0000-000000000063,515759EC-ECE3-E30C-0000-00000000001B,307DEFEB-9888-F474-0000-00000000005E,128FB883-C2F8-1156-0000-000000000003,PLANTING,PLANNED,2026-06-21 00:00:00.000,1004,SYN-EQ-004,SYNTH_USER_04,35.8,L,SYNTHETIC — hackathon mock data,2026-07-20 00:15:32.000,2026-09-22 11:57:46.000,5D2FDA1C-E3A8-3E3C-0000-000000000063,OPS_MOCK,TRUE
7EF5AAA3-E11B-308C-0000-000000000064,515759EC-ECE3-E30C-0000-00000000001C,307DEFEB-9888-F474-0000-000000000065,128FB883-C2F8-1156-0000-000000000004,PLANTING,COMPLETED,2026-06-16 00:00:00.000,1005,SYN-EQ-005,SYNTH_USER_01,108.7,kg,SYNTHETIC — hackathon mock data,2026-07-04 19:29:20.000,2026-09-24 10:08:43.000,5D2FDA1C-E3A8-3E3C-0000-000000000064,OPS_MOCK,TRUE
7EF5AAA3-E11B-308C-0000-000000000065,515759EC-ECE3-E30C-0000-00000000001D,307DEFEB-9888-F474-0000-00000000006C,128FB883-C2F8-1156-0000-000000000005,PLANTING,PLANNED,2025-05-17 00:00:00.000,1006,SYN-EQ-006,SYNTH_USER_02,47.6,plot,SYNTHETIC — hackathon mock data,2025-07-07 22:24:05.000,2026-09-25 19:57:14.000,5D2FDA1C-E3A8-3E3C-0000-000000000065,OPS_MOCK,TRUE
7EF5AAA3-E11B-308C-0000-000000000066,515759EC-ECE3-E30C-0000-00000000001E,307DEFEB-9888-F474-0000-000000000073,128FB883-C2F8-1156-0000-000000000006,PLANTING,PLANNED,2025-09-14 00:00:00.000,1007,SYN-EQ-007,SYNTH_USER_03,104.1,ha,SYNTHETIC — hackathon mock data,2026-02-22 06:21:53.000,2026-09-22 19:14:48.000,5D2FDA1C-E3A8-3E3C-0000-000000000066,OPS_MOCK,TRUE
7EF5AAA3-E11B-308C-0000-000000000067,515759EC-ECE3-E30C-0000-00000000001F,307DEFEB-9888-F474-0000-00000000007A,128FB883-C2F8-1156-0000-000000000001,FERTILISER_APPLICATION,PLANNED,2025-05-19 00:00:00.000,1008,SYN-EQ-008,SYNTH_USER_01,208.4,L,SYNTHETIC — hackathon mock data,2025-06-07 14:10:25.000,2026-09-22 05:55:03.000,5D2FDA1C-E3A8-3E3C-0000-000000000067,OPS_MOCK,TRUE
7EF5AAA3-E11B-308C-0000-000000000068,515759EC-ECE3-E30C-0000-000000000020,307DEFEB-9888-F474-0000-000000000081,128FB883-C2F8-1156-0000-000000000002,PLANTING,COMPLETED,2026-05-23 00:00:00.000,1009,SYN-EQ-009,SYNTH_USER_04,122.6,kg,SYNTHETIC — hackathon mock data,2026-07-07 22:46:02.000,2026-09-25 17:20:51.000,5D2FDA1C-E3A8-3E3C-0000-000000000068,OPS_MOCK,TRUE
7EF5AAA3-E11B-308C-0000-000000000069,515759EC-ECE3-E30C-0000-000000000021,307DEFEB-9888-F474-0000-000000000088,128FB883-C2F8-1156-0000-000000000003,HARVEST,COMPLETED,2026-09-03 00:00:00.000,1010,SYN-EQ-010,SYNTH_USER_03,180.7,ha,SYNTHETIC — hackathon mock data,2026-09-05 15:42:30.000,2026-09-24 20:24:34.000,5D2FDA1C-E3A8-3E3C-0000-000000000069,OPS_MOCK,TRUE
7EF5AAA3-E11B-308C-0000-00000000006A,515759EC-ECE3-E30C-0000-000000000022,307DEFEB-9888-F474-0000-00000000008F,128FB883-C2F8-1156-0000-000000000004,PLOT_INSPECTION,COMPLETED,2025-10-18 00:00:00.000,1011,SYN-EQ-011,SYNTH_USER_01,74.6,plot,SYNTHETIC — hackathon mock data,2026-07-07 10:38:47.000,2026-09-24 03:15:11.000,5D2FDA1C-E3A8-3E3C-0000-00000000006A,OPS_MOCK,TRUE
7EF5AAA3-E11B-308C-0000-00000000006B,515759EC-ECE3-E30C-0000-000000000023,307DEFEB-9888-F474-0000-000000000096,128FB883-C2F8-1156-0000-000000000005,IRRIGATION,COMPLETED,2025-04-20 00:00:00.000,1012,SYN-EQ-012,SYNTH_USER_02,111.7,ha,SYNTHETIC — hackathon mock data,2025-12-31 09:14:29.000,2026-09-25 20:01:11.000,5D2FDA1C-E3A8-3E3C-0000-00000000006B,OPS_MOCK,TRUE
7EF5AAA3-E11B-308C-0000-00000000006C,515759EC-ECE3-E30C-0000-000000000024,307DEFEB-9888-F474-0000-000000000007,128FB883-C2F8-1156-0000-000000000006,PLANTING,PLANNED,2024-05-18 00:00:00.000,1013,SYN-EQ-001,SYNTH_USER_01,160.0,ha,SYNTHETIC — hackathon mock data,2025-03-31 20:24:37.000,2026-09-22 08:51:13.000,5D2FDA1C-E3A8-3E3C-0000-00000000006C,OPS_MOCK,TRUE
7EF5AAA3-E11B-308C-0000-00000000006D,515759EC-ECE3-E30C-0000-000000000025,307DEFEB-9888-F474-0000-00000000000E,128FB883-C2F8-1156-0000-000000000001,PLANTING,COMPLETED,2025-04-15 00:00:00.000,1014,SYN-EQ-002,SYNTH_USER_03,102.5,ha,SYNTHETIC — hackathon mock data,2026-07-26 11:17:15.000,2026-09-22 01:39:19.000,5D2FDA1C-E3A8-3E3C-0000-00000000006D,OPS_MOCK,TRUE
7EF5AAA3-E11B-308C-0000-00000000006E,515759EC-ECE3-E30C-0000-000000000026,307DEFEB-9888-F474-0000-000000000015,128FB883-C2F8-1156-0000-000000000002,PLANTING,COMPLETED,2026-10-07 00:00:00.000,1015,SYN-EQ-003,SYNTH_USER_01,81.4,kg,SYNTHETIC — hackathon mock data,2026-10-06 12:50:11.000,2026-09-25 12:29:02.000,5D2FDA1C-E3A8-3E3C-0000-00000000006E,OPS_MOCK,TRUE
7EF5AAA3-E11B-308C-0000-00000000006F,515759EC-ECE3-E30C-0000-000000000027,307DEFEB-9888-F474-0000-00000000001C,128FB883-C2F8-1156-0000-000000000003,PLOT_INSPECTION,COMPLETED,2026-10-19 00:00:00.000,1016,SYN-EQ-004,SYNTH_USER_04,20.3,L,SYNTHETIC — hackathon mock data,2026-10-13 18:05:28.000,2026-09-22 13:29:48.000,5D2FDA1C-E3A8-3E3C-0000-00000000006F,OPS_MOCK,TRUE
7EF5AAA3-E11B-308C-0000-000000000070,515759EC-ECE3-E30C-0000-000000000028,307DEFEB-9888-F474-0000-000000000023,128FB883-C2F8-1156-0000-000000000004,PLANTING,COMPLETED,2024-06-23 00:00:00.000,1017,SYN-EQ-005,SYNTH_USER_02,55.8,L,SYNTHETIC — hackathon mock data,2026-08-29 02:17:34.000,2026-09-24 17:53:51.000,5D2FDA1C-E3A8-3E3C-0000-000000000070,OPS_MOCK,TRUE
7EF5AAA3-E11B-308C-0000-000000000071,515759EC-ECE3-E30C-0000-000000000029,307DEFEB-9888-F474-0000-00000000002A,128FB883-C2F8-1156-0000-000000000005,PLANTING,COMPLETED,2024-05-21 00:00:00.000,1018,SYN-EQ-006,SYNTH_USER_02,61.3,plot,SYNTHETIC — hackathon mock data,2024-10-04 14:23:51.000,2026-09-25 04:42:07.000,5D2FDA1C-E3A8-3E3C-0000-000000000071,OPS_MOCK,TRUE
7EF5AAA3-E11B-308C-0000-000000000072,515759EC-ECE3-E30C-0000-00000000002A,307DEFEB-9888-F474-0000-000000000031,128FB883-C2F8-1156-0000-000000000006,FERTILISER_APPLICATION,COMPLETED,2026-04-11 00:00:00.000,1019,SYN-EQ-007,SYNTH_USER_01,7.3,plot,SYNTHETIC — hackathon mock data,2026-09-11 13:27:35.000,2026-09-23 03:57:36.000,5D2FDA1C-E3A8-3E3C-0000-000000000072,OPS_MOCK,TRUE
7EF5AAA3-E11B-308C-0000-000000000073,515759EC-ECE3-E30C-0000-00000000002B,307DEFEB-9888-F474-0000-000000000038,128FB883-C2F8-1156-0000-000000000001,FERTILISER_APPLICATION,PLANNED,2024-10-28 00:00:00.000,1020,SYN-EQ-008,SYNTH_USER_01,112.1,ha,SYNTHETIC — hackathon mock data,2025-07-15 18:53:24.000,2026-09-22 14:40:19.000,5D2FDA1C-E3A8-3E3C-0000-000000000073,OPS_MOCK,TRUE
7EF5AAA3-E11B-308C-0000-000000000074,515759EC-ECE3-E30C-0000-00000000002C,307DEFEB-9888-F474-0000-00000000003F,128FB883-C2F8-1156-0000-000000000002,PLOT_INSPECTION,COMPLETED,2025-04-10 00:00:00.000,1021,SYN-EQ-009,SYNTH_USER_02,66.4,plot,SYNTHETIC — hackathon mock data,2026-06-11 23:38:53.000,2026-09-24 14:21:36.000,5D2FDA1C-E3A8-3E3C-0000-000000000074,OPS_MOCK,TRUE
7EF5AAA3-E11B-308C-0000-000000000075,515759EC-ECE3-E30C-0000-00000000002D,307DEFEB-9888-F474-0000-000000000046,128FB883-C2F8-1156-0000-000000000003,FERTILISER_APPLICATION,PLANNED,2026-04-08 00:00:00.000,1022,SYN-EQ-010,SYNTH_USER_04,63.2,ha,SYNTHETIC — hackathon mock data,2026-06-18 00:42:13.000,2026-09-22 13:36:26.000,5D2FDA1C-E3A8-3E3C-0000-000000000075,OPS_MOCK,TRUE
7EF5AAA3-E11B-308C-0000-000000000076,515759EC-ECE3-E30C-0000-00000000002E,307DEFEB-9888-F474-0000-00000000004D,128FB883-C2F8-1156-0000-000000000004,IRRIGATION,COMPLETED,2026-09-17 00:00:00.000,1023,SYN-EQ-011,SYNTH_USER_04,182.5,kg,SYNTHETIC — hackathon mock data,2026-09-17 08:45:28.000,2026-09-24 04:37:15.000,5D2FDA1C-E3A8-3E3C-0000-000000000076,OPS_MOCK,TRUE
7EF5AAA3-E11B-308C-0000-000000000077,515759EC-ECE3-E30C-0000-00000000002F,307DEFEB-9888-F474-0000-000000000054,128FB883-C2F8-1156-0000-000000000005,IRRIGATION,COMPLETED,2024-10-18 00:00:00.000,1024,SYN-EQ-012,SYNTH_USER_02,209.4,kg,SYNTHETIC — hackathon mock data,2025-01-12 12:57:42.000,2026-09-22 12:52:27.000,5D2FDA1C-E3A8-3E3C-0000-000000000077,OPS_MOCK,TRUE
7EF5AAA3-E11B-308C-0000-000000000078,515759EC-ECE3-E30C-0000-000000000030,307DEFEB-9888-F474-0000-00000000005B,128FB883-C2F8-1156-0000-000000000006,HARVEST,COMPLETED,2025-05-17 00:00:00.000,1025,SYN-EQ-001,SYNTH_USER_04,202.5,plot,SYNTHETIC — hackathon mock data,2025-07-17 23:16:19.000,2026-09-24 13:04:08.000,5D2FDA1C-E3A8-3E3C-0000-000000000078,OPS_MOCK,TRUE
7EF5AAA3-E11B-308C-0000-000000000079,515759EC-ECE3-E30C-0000-000000000031,307DEFEB-9888-F474-0000-000000000062,128FB883-C2F8-1156-0000-000000000001,HARVEST,COMPLETED,2026-05-08 00:00:00.000,1026,SYN-EQ-002,SYNTH_USER_01,204.0,ha,SYNTHETIC — hackathon mock data,2026-06-14 09:25:40.000,2026-09-24 13:39:34.000,5D2FDA1C-E3A8-3E3C-0000-000000000079,OPS_MOCK,TRUE
7EF5AAA3-E11B-308C-0000-00000000007A,515759EC-ECE3-E30C-0000-000000000032,307DEFEB-9888-F474-0000-000000000069,128FB883-C2F8-1156-0000-000000000002,IRRIGATION,COMPLETED,2025-10-25 00:00:00.000,1027,SYN-EQ-003,SYNTH_USER_01,66.3,ha,SYNTHETIC — hackathon mock data,2026-07-02 20:09:20.000,2026-09-23 15:25:50.000,5D2FDA1C-E3A8-3E3C-0000-00000000007A,OPS_MOCK,TRUE
7EF5AAA3-E11B-308C-0000-00000000007B,515759EC-ECE3-E30C-0000-000000000033,307DEFEB-9888-F474-0000-000000000070,128FB883-C2F8-1156-0000-000000000003,HARVEST,COMPLETED,2026-05-27 00:00:00.000,1028,SYN-EQ-004,SYNTH_USER_02,156.4,kg,SYNTHETIC — hackathon mock data,2026-07-10 09:26:06.000,2026-09-24 00:03:03.000,5D2FDA1C-E3A8-3E3C-0000-00000000007B,OPS_MOCK,TRUE
7EF5AAA3-E11B-308C-0000-00000000007C,515759EC-ECE3-E30C-0000-000000000034,307DEFEB-9888-F474-0000-000000000077,128FB883-C2F8-1156-0000-000000000004,PLOT_INSPECTION,COMPLETED,2024-05-15 00:00:00.000,1029,SYN-EQ-005,SYNTH_USER_04,215.3,ha,SYNTHETIC — hackathon mock data,2025-04-21 15:38:35.000,2026-09-22 12:29:31.000,5D2FDA1C-E3A8-3E3C-0000-00000000007C,OPS_MOCK,TRUE
7EF5AAA3-E11B-308C-0000-00000000007D,515759EC-ECE3-E30C-0000-000000000035,307DEFEB-9888-F474-0000-00000000007E,128FB883-C2F8-1156-0000-000000000005,PLOT_INSPECTION,COMPLETED,2026-05-28 00:00:00.000,1030,SYN-EQ-006,SYNTH_USER_04,100.6,plot,SYNTHETIC — hackathon mock data,2026-07-02 21:24:06.000,2026-09-22 00:51:26.000,5D2FDA1C-E3A8-3E3C-0000-00000000007D,OPS_MOCK,TRUE
7EF5AAA3-E11B-308C-0000-00000000007E,515759EC-ECE3-E30C-0000-000000000036,307DEFEB-9888-F474-0000-000000000085,128FB883-C2F8-1156-0000-000000000006,PLANTING,PLANNED,2025-06-21 00:00:00.000,1031,SYN-EQ-007,SYNTH_USER_02,63.6,kg,SYNTHETIC — hackathon mock data,2026-07-25 11:29:53.000,2026-09-24 03:14:34.000,5D2FDA1C-E3A8-3E3C-0000-00000000007E,OPS_MOCK,TRUE
7EF5AAA3-E11B-308C-0000-00000000007F,515759EC-ECE3-E30C-0000-000000000037,307DEFEB-9888-F474-0000-00000000008C,128FB883-C2F8-1156-0000-000000000001,IRRIGATION,COMPLETED,2026-10-10 00:00:00.000,1032,SYN-EQ-008,SYNTH_USER_03,27.0,kg,SYNTHETIC — hackathon mock data,2026-09-28 14:27:27.000,2026-09-22 12:09:19.000,5D2FDA1C-E3A8-3E3C-0000-00000000007F,OPS_MOCK,TRUE
7EF5AAA3-E11B-308C-0000-000000000080,515759EC-ECE3-E30C-0000-000000000038,307DEFEB-9888-F474-0000-000000000093,128FB883-C2F8-1156-0000-000000000002,HARVEST,PLANNED,2025-04-27 00:00:00.000,1033,SYN-EQ-009,SYNTH_USER_04,196.9,plot,SYNTHETIC — hackathon mock data,2025-12-01 19:33:33.000,2026-09-22 07:40:40.000,5D2FDA1C-E3A8-3E3C-0000-000000000080,OPS_MOCK,TRUE
7EF5AAA3-E11B-308C-0000-000000000081,515759EC-ECE3-E30C-0000-000000000039,307DEFEB-9888-F474-0000-000000000004,128FB883-C2F8-1156-0000-000000000003,FERTILISER_APPLICATION,COMPLETED,2025-04-04 00:00:00.000,1034,SYN-EQ-010,SYNTH_USER_04,26.2,kg,SYNTHETIC — hackathon mock data,2025-07-19 13:12:47.000,2026-09-23 15:54:09.000,5D2FDA1C-E3A8-3E3C-0000-000000000081,OPS_MOCK,TRUE
7EF5AAA3-E11B-308C-0000-000000000082,515759EC-ECE3-E30C-0000-00000000003A,307DEFEB-9888-F474-0000-00000000000B,128FB883-C2F8-1156-0000-000000000004,IRRIGATION,COMPLETED,2025-04-24 00:00:00.000,1035,SYN-EQ-011,SYNTH_USER_01,35.7,plot,SYNTHETIC — hackathon mock data,2025-06-01 13:29:11.000,2026-09-24 00:44:46.000,5D2FDA1C-E3A8-3E3C-0000-000000000082,OPS_MOCK,TRUE
7EF5AAA3-E11B-308C-0000-000000000083,515759EC-ECE3-E30C-0000-00000000003B,307DEFEB-9888-F474-0000-000000000012,128FB883-C2F8-1156-0000-000000000005,HARVEST,COMPLETED,2026-04-02 00:00:00.000,1036,SYN-EQ-012,SYNTH_USER_01,43.7,L,SYNTHETIC — hackathon mock data,2026-07-20 08:25:34.000,2026-09-25 21:37:08.000,5D2FDA1C-E3A8-3E3C-0000-000000000083,OPS_MOCK,TRUE
7EF5AAA3-E11B-308C-0000-000000000084,515759EC-ECE3-E30C-0000-00000000003C,307DEFEB-9888-F474-0000-000000000019,128FB883-C2F8-1156-0000-000000000006,HARVEST,COMPLETED,2026-09-10 00:00:00.000,1037,SYN-EQ-001,SYNTH_USER_02,29.2,ha,SYNTHETIC — hackathon mock data,2026-09-10 21:14:20.000,2026-09-22 10:31:13.000,5D2FDA1C-E3A8-3E3C-0000-000000000084,OPS_MOCK,TRUE
7EF5AAA3-E11B-308C-0000-000000000085,515759EC-ECE3-E30C-0000-00000000003D,307DEFEB-9888-F474-0000-000000000020,128FB883-C2F8-1156-0000-000000000001,FERTILISER_APPLICATION,COMPLETED,2026-10-14 00:00:00.000,1038,SYN-EQ-002,SYNTH_USER_04,176.4,L,SYNTHETIC — hackathon mock data,2026-10-04 09:52:09.000,2026-09-24 11:40:33.000,5D2FDA1C-E3A8-3E3C-0000-000000000085,OPS_MOCK,TRUE
7EF5AAA3-E11B-308C-0000-000000000086,515759EC-ECE3-E30C-0000-00000000003E,307DEFEB-9888-F474-0000-000000000027,128FB883-C2F8-1156-0000-000000000002,PLANTING,COMPLETED,2025-05-12 00:00:00.000,1039,SYN-EQ-003,SYNTH_USER_01,138.1,plot,SYNTHETIC — hackathon mock data,2026-03-05 13:17:24.000,2026-09-23 12:26:43.000,5D2FDA1C-E3A8-3E3C-0000-000000000086,OPS_MOCK,TRUE
7EF5AAA3-E11B-308C-0000-000000000087,515759EC-ECE3-E30C-0000-00000000003F,307DEFEB-9888-F474-0000-00000000002E,128FB883-C2F8-1156-0000-000000000003,PLOT_INSPECTION,COMPLETED,2025-04-05 00:00:00.000,1040,SYN-EQ-004,SYNTH_USER_01,218.6,kg,SYNTHETIC — hackathon mock data,2025-04-07 13:29:31.000,2026-09-24 21:27:04.000,5D2FDA1C-E3A8-3E3C-0000-000000000087,OPS_MOCK,TRUE
7EF5AAA3-E11B-308C-0000-000000000088,515759EC-ECE3-E30C-0000-000000000040,307DEFEB-9888-F474-0000-000000000035,128FB883-C2F8-1156-0000-000000000004,HARVEST,COMPLETED,2024-09-09 00:00:00.000,1041,SYN-EQ-005,SYNTH_USER_04,22.9,L,SYNTHETIC — hackathon mock data,2025-02-24 06:36:35.000,2026-09-25 01:50:54.000,5D2FDA1C-E3A8-3E3C-0000-000000000088,OPS_MOCK,TRUE
7EF5AAA3-E11B-308C-0000-000000000089,515759EC-ECE3-E30C-0000-000000000041,307DEFEB-9888-F474-0000-00000000003C,128FB883-C2F8-1156-0000-000000000005,HARVEST,COMPLETED,2026-06-22 00:00:00.000,1042,SYN-EQ-006,SYNTH_USER_03,215.3,L,SYNTHETIC — hackathon mock data,2026-07-01 00:28:55.000,2026-09-25 18:41:29.000,5D2FDA1C-E3A8-3E3C-0000-000000000089,OPS_MOCK,TRUE
7EF5AAA3-E11B-308C-0000-00000000008A,515759EC-ECE3-E30C-0000-000000000042,307DEFEB-9888-F474-0000-000000000043,128FB883-C2F8-1156-0000-000000000006,FERTILISER_APPLICATION,COMPLETED,2026-06-01 00:00:00.000,1043,SYN-EQ-007,SYNTH_USER_04,201.3,plot,SYNTHETIC — hackathon mock data,2026-09-20 20:25:49.000,2026-09-23 20:22:44.000,5D2FDA1C-E3A8-3E3C-0000-00000000008A,OPS_MOCK,TRUE
7EF5AAA3-E11B-308C-0000-00000000008B,515759EC-ECE3-E30C-0000-000000000043,307DEFEB-9888-F474-0000-00000000004A,128FB883-C2F8-1156-0000-000000000001,PLOT_INSPECTION,PLANNED,2026-09-21 00:00:00.000,1044,SYN-EQ-008,SYNTH_USER_03,217.4,plot,SYNTHETIC — hackathon mock data,2026-09-21 00:00:00.000,2026-09-22 15:51:26.000,5D2FDA1C-E3A8-3E3C-0000-00000000008B,OPS_MOCK,TRUE
7EF5AAA3-E11B-308C-0000-00000000008C,515759EC-ECE3-E30C-0000-000000000044,307DEFEB-9888-F474-0000-000000000051,128FB883-C2F8-1156-0000-000000000002,IRRIGATION,PLANNED,2024-05-02 00:00:00.000,1045,SYN-EQ-009,SYNTH_USER_04,142.3,ha,SYNTHETIC — hackathon mock data,2026-07-31 02:06:53.000,2026-09-22 23:14:55.000,5D2FDA1C-E3A8-3E3C-0000-00000000008C,OPS_MOCK,TRUE
7EF5AAA3-E11B-308C-0000-00000000008D,515759EC-ECE3-E30C-0000-000000000045,307DEFEB-9888-F474-0000-000000000058,128FB883-C2F8-1156-0000-000000000003,IRRIGATION,PLANNED,2024-04-02 00:00:00.000,1046,SYN-EQ-010,SYNTH_USER_02,105.0,L,SYNTHETIC — hackathon mock data,2025-03-21 02:48:26.000,2026-09-23 09:20:00.000,5D2FDA1C-E3A8-3E3C-0000-00000000008D,OPS_MOCK,TRUE
7EF5AAA3-E11B-308C-0000-00000000008E,515759EC-ECE3-E30C-0000-000000000046,307DEFEB-9888-F474-0000-00000000005F,128FB883-C2F8-1156-0000-000000000004,FERTILISER_APPLICATION,COMPLETED,2026-09-05 00:00:00.000,1047,SYN-EQ-011,SYNTH_USER_02,68.9,plot,SYNTHETIC — hackathon mock data,2026-09-19 20:22:37.000,2026-09-24 03:21:22.000,5D2FDA1C-E3A8-3E3C-0000-00000000008E,OPS_MOCK,TRUE
7EF5AAA3-E11B-308C-0000-00000000008F,515759EC-ECE3-E30C-0000-000000000047,307DEFEB-9888-F474-0000-000000000066,128FB883-C2F8-1156-0000-000000000005,FERTILISER_APPLICATION,COMPLETED,2026-06-25 00:00:00.000,1048,SYN-EQ-012,SYNTH_USER_02,196.5,L,SYNTHETIC — hackathon mock data,2026-07-23 01:41:12.000,2026-09-25 02:50:19.000,5D2FDA1C-E3A8-3E3C-0000-00000000008F,OPS_MOCK,TRUE
7EF5AAA3-E11B-308C-0000-000000000090,515759EC-ECE3-E30C-0000-000000000048,307DEFEB-9888-F474-0000-00000000006D,128FB883-C2F8-1156-0000-000000000006,FERTILISER_APPLICATION,PLANNED,2025-06-18 00:00:00.000,1049,SYN-EQ-001,SYNTH_USER_01,46.0,kg,SYNTHETIC — hackathon mock data,2025-07-06 05:21:36.000,2026-09-24 17:05:43.000,5D2FDA1C-E3A8-3E3C-0000-000000000090,OPS_MOCK,TRUE
7EF5AAA3-E11B-308C-0000-000000000091,515759EC-ECE3-E30C-0000-000000000001,307DEFEB-9888-F474-0000-000000000074,128FB883-C2F8-1156-0000-000000000001,PLANTING,COMPLETED,2024-09-18 00:00:00.000,1050,SYN-EQ-002,SYNTH_USER_02,123.2,ha,SYNTHETIC — hackathon mock data,2024-10-09 10:54:43.000,2026-09-24 23:53:08.000,5D2FDA1C-E3A8-3E3C-0000-000000000091,OPS_MOCK,TRUE
7EF5AAA3-E11B-308C-0000-000000000092,515759EC-ECE3-E30C-0000-000000000002,307DEFEB-9888-F474-0000-00000000007B,128FB883-C2F8-1156-0000-000000000002,PLOT_INSPECTION,COMPLETED,2025-05-21 00:00:00.000,1051,SYN-EQ-003,SYNTH_USER_04,116.2,plot,SYNTHETIC — hackathon mock data,2025-09-28 08:18:24.000,2026-09-23 16:02:41.000,5D2FDA1C-E3A8-3E3C-0000-000000000092,OPS_MOCK,TRUE
7EF5AAA3-E11B-308C-0000-000000000093,515759EC-ECE3-E30C-0000-000000000003,307DEFEB-9888-F474-0000-000000000082,128FB883-C2F8-1156-0000-000000000003,FERTILISER_APPLICATION,COMPLETED,2026-06-03 00:00:00.000,1052,SYN-EQ-004,SYNTH_USER_02,6.9,kg,SYNTHETIC — hackathon mock data,2026-08-18 08:20:31.000,2026-09-25 22:48:21.000,5D2FDA1C-E3A8-3E3C-0000-000000000093,OPS_MOCK,TRUE
7EF5AAA3-E11B-308C-0000-000000000094,515759EC-ECE3-E30C-0000-000000000004,307DEFEB-9888-F474-0000-000000000089,128FB883-C2F8-1156-0000-000000000004,HARVEST,PLANNED,2024-04-22 00:00:00.000,1053,SYN-EQ-005,SYNTH_USER_03,113.3,L,SYNTHETIC — hackathon mock data,2026-08-12 00:20:35.000,2026-09-24 21:36:43.000,5D2FDA1C-E3A8-3E3C-0000-000000000094,OPS_MOCK,TRUE
7EF5AAA3-E11B-308C-0000-000000000095,515759EC-ECE3-E30C-0000-000000000005,307DEFEB-9888-F474-0000-000000000090,128FB883-C2F8-1156-0000-000000000005,FERTILISER_APPLICATION,COMPLETED,2024-05-27 00:00:00.000,1054,SYN-EQ-006,SYNTH_USER_03,191.8,L,SYNTHETIC — hackathon mock data,2025-04-11 15:10:57.000,2026-09-23 01:52:39.000,5D2FDA1C-E3A8-3E3C-0000-000000000095,OPS_MOCK,TRUE
7EF5AAA3-E11B-308C-0000-000000000096,515759EC-ECE3-E30C-0000-000000000006,307DEFEB-9888-F474-0000-000000000001,128FB883-C2F8-1156-0000-000000000006,HARVEST,COMPLETED,2026-06-08 00:00:00.000,1055,SYN-EQ-007,SYNTH_USER_01,147.0,ha,SYNTHETIC — hackathon mock data,2026-08-07 11:35:05.000,2026-09-22 20:37:52.000,5D2FDA1C-E3A8-3E3C-0000-000000000096,OPS_MOCK,TRUE
7EF5AAA3-E11B-308C-0000-000000000097,515759EC-ECE3-E30C-0000-000000000007,307DEFEB-9888-F474-0000-000000000008,128FB883-C2F8-1156-0000-000000000001,PLANTING,PLANNED,2026-10-16 00:00:00.000,1056,SYN-EQ-008,SYNTH_USER_02,7.8,kg,SYNTHETIC — hackathon mock data,2026-10-15 19:44:35.000,2026-09-24 17:00:45.000,5D2FDA1C-E3A8-3E3C-0000-000000000097,OPS_MOCK,TRUE
7EF5AAA3-E11B-308C-0000-000000000098,515759EC-ECE3-E30C-0000-000000000008,307DEFEB-9888-F474-0000-00000000000F,128FB883-C2F8-1156-0000-000000000002,FERTILISER_APPLICATION,COMPLETED,2025-04-17 00:00:00.000,1057,SYN-EQ-009,SYNTH_USER_03,133.3,L,SYNTHETIC — hackathon mock data,2025-05-01 03:22:37.000,2026-09-25 06:51:05.000,5D2FDA1C-E3A8-3E3C-0000-000000000098,OPS_MOCK,TRUE
7EF5AAA3-E11B-308C-0000-000000000099,515759EC-ECE3-E30C-0000-000000000009,307DEFEB-9888-F474-0000-000000000016,128FB883-C2F8-1156-0000-000000000003,HARVEST,COMPLETED,2025-10-19 00:00:00.000,1058,SYN-EQ-010,SYNTH_USER_02,132.8,L,SYNTHETIC — hackathon mock data,2026-03-18 23:56:18.000,2026-09-22 23:22:08.000,5D2FDA1C-E3A8-3E3C-0000-000000000099,OPS_MOCK,TRUE
7EF5AAA3-E11B-308C-0000-00000000009A,515759EC-ECE3-E30C-0000-00000000000A,307DEFEB-9888-F474-0000-00000000001D,128FB883-C2F8-1156-0000-000000000004,HARVEST,PLANNED,2025-06-10 00:00:00.000,1059,SYN-EQ-011,SYNTH_USER_02,142.6,kg,SYNTHETIC — hackathon mock data,2026-04-25 10:24:01.000,2026-09-23 11:55:34.000,5D2FDA1C-E3A8-3E3C-0000-00000000009A,OPS_MOCK,TRUE
7EF5AAA3-E11B-308C-0000-00000000009B,515759EC-ECE3-E30C-0000-00000000000B,307DEFEB-9888-F474-0000-000000000024,128FB883-C2F8-1156-0000-000000000005,PLANTING,PLANNED,2024-10-21 00:00:00.000,1060,SYN-EQ-012,SYNTH_USER_02,96.5,kg,SYNTHETIC — hackathon mock data,2026-01-30 16:03:49.000,2026-09-25 16:49:32.000,5D2FDA1C-E3A8-3E3C-0000-00000000009B,OPS_MOCK,TRUE
7EF5AAA3-E11B-308C-0000-00000000009C,515759EC-ECE3-E30C-0000-00000000000C,307DEFEB-9888-F474-0000-00000000002B,128FB883-C2F8-1156-0000-000000000006,PLANTING,PLANNED,2026-04-08 00:00:00.000,1061,SYN-EQ-001,SYNTH_USER_02,200.2,L,SYNTHETIC — hackathon mock data,2026-07-01 21:27:17.000,2026-09-23 18:37:16.000,5D2FDA1C-E3A8-3E3C-0000-00000000009C,OPS_MOCK,TRUE
7EF5AAA3-E11B-308C-0000-00000000009D,515759EC-ECE3-E30C-0000-00000000000D,307DEFEB-9888-F474-0000-000000000032,128FB883-C2F8-1156-0000-000000000001,PLANTING,COMPLETED,2025-06-05 00:00:00.000,1062,SYN-EQ-002,SYNTH_USER_01,62.1,plot,SYNTHETIC — hackathon mock data,2026-07-08 18:02:13.000,2026-09-25 07:40:44.000,5D2FDA1C-E3A8-3E3C-0000-00000000009D,OPS_MOCK,TRUE
7EF5AAA3-E11B-308C-0000-00000000009E,515759EC-ECE3-E30C-0000-00000000000E,307DEFEB-9888-F474-0000-000000000039,128FB883-C2F8-1156-0000-000000000002,PLANTING,COMPLETED,2026-10-24 00:00:00.000,1063,SYN-EQ-003,SYNTH_USER_01,112.8,plot,SYNTHETIC — hackathon mock data,2026-10-20 17:48:01.000,2026-09-22 11:20:31.000,5D2FDA1C-E3A8-3E3C-0000-00000000009E,OPS_MOCK,TRUE
7EF5AAA3-E11B-308C-0000-00000000009F,515759EC-ECE3-E30C-0000-00000000000F,307DEFEB-9888-F474-0000-000000000040,128FB883-C2F8-1156-0000-000000000003,IRRIGATION,PLANNED,2024-06-22 00:00:00.000,1064,SYN-EQ-004,SYNTH_USER_03,86.1,L,SYNTHETIC — hackathon mock data,2024-09-12 11:05:59.000,2026-09-24 03:55:52.000,5D2FDA1C-E3A8-3E3C-0000-00000000009F,OPS_MOCK,TRUE
7EF5AAA3-E11B-308C-0000-0000000000A0,515759EC-ECE3-E30C-0000-000000000010,307DEFEB-9888-F474-0000-000000000047,128FB883-C2F8-1156-0000-000000000004,FERTILISER_APPLICATION,COMPLETED,2026-09-02 00:00:00.000,1065,SYN-EQ-005,SYNTH_USER_04,130.0,plot,SYNTHETIC — hackathon mock data,2026-09-10 03:59:37.000,2026-09-25 16:41:54.000,5D2FDA1C-E3A8-3E3C-0000-0000000000A0,OPS_MOCK,TRUE
7EF5AAA3-E11B-308C-0000-0000000000A1,515759EC-ECE3-E30C-0000-000000000011,307DEFEB-9888-F474-0000-00000000004E,128FB883-C2F8-1156-0000-000000000005,PLOT_INSPECTION,PLANNED,2025-10-12 00:00:00.000,1066,SYN-EQ-006,SYNTH_USER_04,206.2,plot,SYNTHETIC — hackathon mock data,2026-08-15 04:01:18.000,2026-09-24 21:12:20.000,5D2FDA1C-E3A8-3E3C-0000-0000000000A1,OPS_MOCK,TRUE
7EF5AAA3-E11B-308C-0000-0000000000A2,515759EC-ECE3-E30C-0000-000000000012,307DEFEB-9888-F474-0000-000000000055,128FB883-C2F8-1156-0000-000000000006,PLOT_INSPECTION,COMPLETED,2026-10-20 00:00:00.000,1067,SYN-EQ-007,SYNTH_USER_02,216.8,ha,SYNTHETIC — hackathon mock data,2026-10-02 19:51:15.000,2026-09-25 09:08:50.000,5D2FDA1C-E3A8-3E3C-0000-0000000000A2,OPS_MOCK,TRUE
7EF5AAA3-E11B-308C-0000-0000000000A3,515759EC-ECE3-E30C-0000-000000000013,307DEFEB-9888-F474-0000-00000000005C,128FB883-C2F8-1156-0000-000000000001,PLANTING,COMPLETED,2024-05-01 00:00:00.000,1068,SYN-EQ-008,SYNTH_USER_02,148.8,plot,SYNTHETIC — hackathon mock data,2025-07-06 05:50:34.000,2026-09-25 22:19:15.000,5D2FDA1C-E3A8-3E3C-0000-0000000000A3,OPS_MOCK,TRUE
7EF5AAA3-E11B-308C-0000-0000000000A4,515759EC-ECE3-E30C-0000-000000000014,307DEFEB-9888-F474-0000-000000000063,128FB883-C2F8-1156-0000-000000000002,IRRIGATION,COMPLETED,2026-09-15 00:00:00.000,1069,SYN-EQ-009,SYNTH_USER_02,137.3,L,SYNTHETIC — hackathon mock data,2026-09-18 07:26:33.000,2026-09-22 09:55:31.000,5D2FDA1C-E3A8-3E3C-0000-0000000000A4,OPS_MOCK,TRUE
7EF5AAA3-E11B-308C-0000-0000000000A5,515759EC-ECE3-E30C-0000-000000000015,307DEFEB-9888-F474-0000-00000000006A,128FB883-C2F8-1156-0000-000000000003,PLOT_INSPECTION,COMPLETED,2025-05-11 00:00:00.000,1070,SYN-EQ-010,SYNTH_USER_03,188.7,L,SYNTHETIC — hackathon mock data,2025-08-09 21:44:49.000,2026-09-22 19:53:03.000,5D2FDA1C-E3A8-3E3C-0000-0000000000A5,OPS_MOCK,TRUE
7EF5AAA3-E11B-308C-0000-0000000000A6,515759EC-ECE3-E30C-0000-000000000016,307DEFEB-9888-F474-0000-000000000071,128FB883-C2F8-1156-0000-000000000004,PLANTING,COMPLETED,2026-09-11 00:00:00.000,1071,SYN-EQ-011,SYNTH_USER_03,82.5,ha,SYNTHETIC — hackathon mock data,2026-09-11 12:12:47.000,2026-09-22 21:11:14.000,5D2FDA1C-E3A8-3E3C-0000-0000000000A6,OPS_MOCK,TRUE
7EF5AAA3-E11B-308C-0000-0000000000A7,515759EC-ECE3-E30C-0000-000000000017,307DEFEB-9888-F474-0000-000000000078,128FB883-C2F8-1156-0000-000000000005,FERTILISER_APPLICATION,COMPLETED,2025-04-10 00:00:00.000,1072,SYN-EQ-012,SYNTH_USER_04,178.9,kg,SYNTHETIC — hackathon mock data,2025-05-25 15:01:28.000,2026-09-24 15:26:19.000,5D2FDA1C-E3A8-3E3C-0000-0000000000A7,OPS_MOCK,TRUE
7EF5AAA3-E11B-308C-0000-0000000000A8,515759EC-ECE3-E30C-0000-000000000018,307DEFEB-9888-F474-0000-00000000007F,128FB883-C2F8-1156-0000-000000000006,HARVEST,COMPLETED,2026-06-24 00:00:00.000,1073,SYN-EQ-001,SYNTH_USER_03,219.5,L,SYNTHETIC — hackathon mock data,2026-07-16 07:03:50.000,2026-09-23 04:03:01.000,5D2FDA1C-E3A8-3E3C-0000-0000000000A8,OPS_MOCK,TRUE
7EF5AAA3-E11B-308C-0000-0000000000A9,515759EC-ECE3-E30C-0000-000000000019,307DEFEB-9888-F474-0000-000000000086,128FB883-C2F8-1156-0000-000000000001,IRRIGATION,COMPLETED,2025-04-26 00:00:00.000,1074,SYN-EQ-002,SYNTH_USER_01,154.6,kg,SYNTHETIC — hackathon mock data,2026-08-01 03:26:00.000,2026-09-24 04:18:44.000,5D2FDA1C-E3A8-3E3C-0000-0000000000A9,OPS_MOCK,TRUE
7EF5AAA3-E11B-308C-0000-0000000000AA,515759EC-ECE3-E30C-0000-00000000001A,307DEFEB-9888-F474-0000-00000000008D,128FB883-C2F8-1156-0000-000000000002,FERTILISER_APPLICATION,COMPLETED,2026-09-05 00:00:00.000,1075,SYN-EQ-003,SYNTH_USER_04,41.2,kg,SYNTHETIC — hackathon mock data,2026-09-09 23:40:24.000,2026-09-24 22:53:26.000,5D2FDA1C-E3A8-3E3C-0000-0000000000AA,OPS_MOCK,TRUE
7EF5AAA3-E11B-308C-0000-0000000000AB,515759EC-ECE3-E30C-0000-00000000001B,307DEFEB-9888-F474-0000-000000000094,128FB883-C2F8-1156-0000-000000000003,PLANTING,COMPLETED,2024-10-08 00:00:00.000,1076,SYN-EQ-004,SYNTH_USER_03,58.7,L,SYNTHETIC — hackathon mock data,2024-10-19 04:43:35.000,2026-09-23 05:57:05.000,5D2FDA1C-E3A8-3E3C-0000-0000000000AB,OPS_MOCK,TRUE
7EF5AAA3-E11B-308C-0000-0000000000AC,515759EC-ECE3-E30C-0000-00000000001C,307DEFEB-9888-F474-0000-000000000005,128FB883-C2F8-1156-0000-000000000004,IRRIGATION,COMPLETED,2024-04-01 00:00:00.000,1077,SYN-EQ-005,SYNTH_USER_04,13.4,ha,SYNTHETIC — hackathon mock data,2026-02-15 09:41:44.000,2026-09-23 00:45:59.000,5D2FDA1C-E3A8-3E3C-0000-0000000000AC,OPS_MOCK,TRUE
7EF5AAA3-E11B-308C-0000-0000000000AD,515759EC-ECE3-E30C-0000-00000000001D,307DEFEB-9888-F474-0000-00000000000C,128FB883-C2F8-1156-0000-000000000005,IRRIGATION,COMPLETED,2024-05-18 00:00:00.000,1078,SYN-EQ-006,SYNTH_USER_01,164.3,ha,SYNTHETIC — hackathon mock data,2024-12-16 17:53:02.000,2026-09-22 16:09:39.000,5D2FDA1C-E3A8-3E3C-0000-0000000000AD,OPS_MOCK,TRUE
7EF5AAA3-E11B-308C-0000-0000000000AE,515759EC-ECE3-E30C-0000-00000000001E,307DEFEB-9888-F474-0000-000000000013,128FB883-C2F8-1156-0000-000000000006,PLANTING,COMPLETED,2025-10-16 00:00:00.000,1079,SYN-EQ-007,SYNTH_USER_04,140.5,plot,SYNTHETIC — hackathon mock data,2025-12-28 08:44:15.000,2026-09-25 01:42:20.000,5D2FDA1C-E3A8-3E3C-0000-0000000000AE,OPS_MOCK,TRUE
7EF5AAA3-E11B-308C-0000-0000000000AF,515759EC-ECE3-E30C-0000-00000000001F,307DEFEB-9888-F474-0000-00000000001A,128FB883-C2F8-1156-0000-000000000001,FERTILISER_APPLICATION,COMPLETED,2025-04-13 00:00:00.000,1080,SYN-EQ-008,SYNTH_USER_02,11.1,kg,SYNTHETIC — hackathon mock data,2026-01-05 02:43:10.000,2026-09-22 09:43:05.000,5D2FDA1C-E3A8-3E3C-0000-0000000000AF,OPS_MOCK,TRUE
7EF5AAA3-E11B-308C-0000-0000000000B0,515759EC-ECE3-E30C-0000-000000000020,307DEFEB-9888-F474-0000-000000000021,128FB883-C2F8-1156-0000-000000000002,IRRIGATION,COMPLETED,2025-05-22 00:00:00.000,1081,SYN-EQ-009,SYNTH_USER_04,146.0,kg,SYNTHETIC — hackathon mock data,2026-04-24 23:42:21.000,2026-09-22 02:08:48.000,5D2FDA1C-E3A8-3E3C-0000-0000000000B0,OPS_MOCK,TRUE
7EF5AAA3-E11B-308C-0000-0000000000B1,515759EC-ECE3-E30C-0000-000000000021,307DEFEB-9888-F474-0000-000000000028,128FB883-C2F8-1156-0000-000000000003,PLANTING,COMPLETED,2024-10-25 00:00:00.000,1082,SYN-EQ-010,SYNTH_USER_02,95.1,plot,SYNTHETIC — hackathon mock data,2024-11-26 01:09:03.000,2026-09-23 13:30:02.000,5D2FDA1C-E3A8-3E3C-0000-0000000000B1,OPS_MOCK,TRUE
7EF5AAA3-E11B-308C-0000-0000000000B2,515759EC-ECE3-E30C-0000-000000000022,307DEFEB-9888-F474-0000-00000000002F,128FB883-C2F8-1156-0000-000000000004,PLOT_INSPECTION,PLANNED,2024-04-10 00:00:00.000,1083,SYN-EQ-011,SYNTH_USER_02,117.6,plot,SYNTHETIC — hackathon mock data,2026-06-17 02:26:50.000,2026-09-23 05:05:03.000,5D2FDA1C-E3A8-3E3C-0000-0000000000B2,OPS_MOCK,TRUE
7EF5AAA3-E11B-308C-0000-0000000000B3,515759EC-ECE3-E30C-0000-000000000023,307DEFEB-9888-F474-0000-000000000036,128FB883-C2F8-1156-0000-000000000005,PLOT_INSPECTION,COMPLETED,2024-09-28 00:00:00.000,1084,SYN-EQ-012,SYNTH_USER_04,75.4,L,SYNTHETIC — hackathon mock data,2026-08-31 18:45:41.000,2026-09-25 14:17:08.000,5D2FDA1C-E3A8-3E3C-0000-0000000000B3,OPS_MOCK,TRUE
7EF5AAA3-E11B-308C-0000-0000000000B4,515759EC-ECE3-E30C-0000-000000000024,307DEFEB-9888-F474-0000-00000000003D,128FB883-C2F8-1156-0000-000000000006,FERTILISER_APPLICATION,COMPLETED,2025-10-06 00:00:00.000,1085,SYN-EQ-001,SYNTH_USER_02,157.8,kg,SYNTHETIC — hackathon mock data,2026-01-31 09:49:01.000,2026-09-22 21:32:59.000,5D2FDA1C-E3A8-3E3C-0000-0000000000B4,OPS_MOCK,TRUE
7EF5AAA3-E11B-308C-0000-0000000000B5,515759EC-ECE3-E30C-0000-000000000025,307DEFEB-9888-F474-0000-000000000044,128FB883-C2F8-1156-0000-000000000001,IRRIGATION,PLANNED,2026-10-25 00:00:00.000,1086,SYN-EQ-002,SYNTH_USER_02,100.6,plot,SYNTHETIC — hackathon mock data,2026-09-21 12:44:22.000,2026-09-24 20:52:13.000,5D2FDA1C-E3A8-3E3C-0000-0000000000B5,OPS_MOCK,TRUE
7EF5AAA3-E11B-308C-0000-0000000000B6,515759EC-ECE3-E30C-0000-000000000026,307DEFEB-9888-F474-0000-00000000004B,128FB883-C2F8-1156-0000-000000000002,PLANTING,PLANNED,2025-04-14 00:00:00.000,1087,SYN-EQ-003,SYNTH_USER_03,143.9,L,SYNTHETIC — hackathon mock data,2026-03-06 11:08:33.000,2026-09-25 03:00:29.000,5D2FDA1C-E3A8-3E3C-0000-0000000000B6,OPS_MOCK,TRUE
7EF5AAA3-E11B-308C-0000-0000000000B7,515759EC-ECE3-E30C-0000-000000000027,307DEFEB-9888-F474-0000-000000000052,128FB883-C2F8-1156-0000-000000000003,PLOT_INSPECTION,PLANNED,2024-04-10 00:00:00.000,1088,SYN-EQ-004,SYNTH_USER_04,180.0,kg,SYNTHETIC — hackathon mock data,2024-09-25 13:53:31.000,2026-09-24 08:45:36.000,5D2FDA1C-E3A8-3E3C-0000-0000000000B7,OPS_MOCK,TRUE
7EF5AAA3-E11B-308C-0000-0000000000B8,515759EC-ECE3-E30C-0000-000000000028,307DEFEB-9888-F474-0000-000000000059,128FB883-C2F8-1156-0000-000000000004,FERTILISER_APPLICATION,COMPLETED,2024-10-18 00:00:00.000,1089,SYN-EQ-005,SYNTH_USER_01,188.7,kg,SYNTHETIC — hackathon mock data,2026-02-18 16:24:47.000,2026-09-22 19:15:38.000,5D2FDA1C-E3A8-3E3C-0000-0000000000B8,OPS_MOCK,TRUE
7EF5AAA3-E11B-308C-0000-0000000000B9,515759EC-ECE3-E30C-0000-000000000029,307DEFEB-9888-F474-0000-000000000060,128FB883-C2F8-1156-0000-000000000005,IRRIGATION,COMPLETED,2026-09-14 00:00:00.000,1090,SYN-EQ-006,SYNTH_USER_01,179.4,plot,SYNTHETIC — hackathon mock data,2026-09-15 11:30:10.000,2026-09-25 00:28:07.000,5D2FDA1C-E3A8-3E3C-0000-0000000000B9,OPS_MOCK,TRUE
7EF5AAA3-E11B-308C-0000-0000000000BA,515759EC-ECE3-E30C-0000-00000000002A,307DEFEB-9888-F474-0000-000000000067,128FB883-C2F8-1156-0000-000000000006,IRRIGATION,COMPLETED,2026-10-08 00:00:00.000,1091,SYN-EQ-007,SYNTH_USER_04,116.1,ha,SYNTHETIC — hackathon mock data,2026-09-23 19:25:51.000,2026-09-23 19:07:13.000,5D2FDA1C-E3A8-3E3C-0000-0000000000BA,OPS_MOCK,TRUE
7EF5AAA3-E11B-308C-0000-0000000000BB,515759EC-ECE3-E30C-0000-00000000002B,307DEFEB-9888-F474-0000-00000000006E,128FB883-C2F8-1156-0000-000000000001,IRRIGATION,COMPLETED,2024-04-03 00:00:00.000,1092,SYN-EQ-008,SYNTH_USER_01,174.9,L,SYNTHETIC — hackathon mock data,2025-03-19 06:39:41.000,2026-09-25 09:34:44.000,5D2FDA1C-E3A8-3E3C-0000-0000000000BB,OPS_MOCK,TRUE
7EF5AAA3-E11B-308C-0000-0000000000BC,515759EC-ECE3-E30C-0000-00000000002C,307DEFEB-9888-F474-0000-000000000075,128FB883-C2F8-1156-0000-000000000002,PLANTING,PLANNED,2024-10-11 00:00:00.000,1093,SYN-EQ-009,SYNTH_USER_03,105.8,kg,SYNTHETIC — hackathon mock data,2025-09-13 12:04:29.000,2026-09-24 08:55:44.000,5D2FDA1C-E3A8-3E3C-0000-0000000000BC,OPS_MOCK,TRUE
7EF5AAA3-E11B-308C-0000-0000000000BD,515759EC-ECE3-E30C-0000-00000000002D,307DEFEB-9888-F474-0000-00000000007C,128FB883-C2F8-1156-0000-000000000003,IRRIGATION,COMPLETED,2026-05-13 00:00:00.000,1094,SYN-EQ-010,SYNTH_USER_03,134.6,L,SYNTHETIC — hackathon mock data,2026-05-22 22:55:00.000,2026-09-22 12:56:43.000,5D2FDA1C-E3A8-3E3C-0000-0000000000BD,OPS_MOCK,TRUE
7EF5AAA3-E11B-308C-0000-0000000000BE,515759EC-ECE3-E30C-0000-00000000002E,307DEFEB-9888-F474-0000-000000000083,128FB883-C2F8-1156-0000-000000000004,FERTILISER_APPLICATION,COMPLETED,2026-06-25 00:00:00.000,1095,SYN-EQ-011,SYNTH_USER_01,178.6,kg,SYNTHETIC — hackathon mock data,2026-08-05 10:23:00.000,2026-09-23 19:55:38.000,5D2FDA1C-E3A8-3E3C-0000-0000000000BE,OPS_MOCK,TRUE
7EF5AAA3-E11B-308C-0000-0000000000BF,515759EC-ECE3-E30C-0000-00000000002F,307DEFEB-9888-F474-0000-00000000008A,128FB883-C2F8-1156-0000-000000000005,IRRIGATION,COMPLETED,2026-10-05 00:00:00.000,1096,SYN-EQ-012,SYNTH_USER_04,164.6,plot,SYNTHETIC — hackathon mock data,2026-09-28 21:30:18.000,2026-09-25 21:20:06.000,5D2FDA1C-E3A8-3E3C-0000-0000000000BF,OPS_MOCK,TRUE
7EF5AAA3-E11B-308C-0000-0000000000C0,515759EC-ECE3-E30C-0000-000000000030,307DEFEB-9888-F474-0000-000000000091,128FB883-C2F8-1156-0000-000000000006,FERTILISER_APPLICATION,COMPLETED,2024-06-14 00:00:00.000,1001,SYN-EQ-001,SYNTH_USER_01,136.9,L,SYNTHETIC — hackathon mock data,2025-09-21 11:22:05.000,2026-09-25 03:23:03.000,5D2FDA1C-E3A8-3E3C-0000-0000000000C0,OPS_MOCK,TRUE
7EF5AAA3-E11B-308C-0000-0000000000C1,515759EC-ECE3-E30C-0000-000000000031,307DEFEB-9888-F474-0000-000000000002,128FB883-C2F8-1156-0000-000000000001,PLANTING,COMPLETED,2026-10-28 00:00:00.000,1002,SYN-EQ-002,SYNTH_USER_03,104.7,ha,SYNTHETIC — hackathon mock data,2026-10-14 08:48:46.000,2026-09-24 02:56:50.000,5D2FDA1C-E3A8-3E3C-0000-0000000000C1,OPS_MOCK,TRUE
7EF5AAA3-E11B-308C-0000-0000000000C2,515759EC-ECE3-E30C-0000-000000000032,307DEFEB-9888-F474-0000-000000000009,128FB883-C2F8-1156-0000-000000000002,FERTILISER_APPLICATION,COMPLETED,2025-05-16 00:00:00.000,1003,SYN-EQ-003,SYNTH_USER_02,143.3,plot,SYNTHETIC — hackathon mock data,2026-03-09 07:37:50.000,2026-09-25 16:15:41.000,5D2FDA1C-E3A8-3E3C-0000-0000000000C2,OPS_MOCK,TRUE
7EF5AAA3-E11B-308C-0000-0000000000C3,515759EC-ECE3-E30C-0000-000000000033,307DEFEB-9888-F474-0000-000000000010,128FB883-C2F8-1156-0000-000000000003,IRRIGATION,COMPLETED,2024-10-18 00:00:00.000,1004,SYN-EQ-004,SYNTH_USER_04,86.8,L,SYNTHETIC — hackathon mock data,2026-03-27 11:02:04.000,2026-09-22 00:02:29.000,5D2FDA1C-E3A8-3E3C-0000-0000000000C3,OPS_MOCK,TRUE
7EF5AAA3-E11B-308C-0000-0000000000C4,515759EC-ECE3-E30C-0000-000000000034,307DEFEB-9888-F474-0000-000000000017,128FB883-C2F8-1156-0000-000000000004,PLANTING,COMPLETED,2026-04-18 00:00:00.000,1005,SYN-EQ-005,SYNTH_USER_04,134.8,kg,SYNTHETIC — hackathon mock data,2026-07-23 15:17:42.000,2026-09-25 02:55:34.000,5D2FDA1C-E3A8-3E3C-0000-0000000000C4,OPS_MOCK,TRUE
7EF5AAA3-E11B-308C-0000-0000000000C5,515759EC-ECE3-E30C-0000-000000000035,307DEFEB-9888-F474-0000-00000000001E,128FB883-C2F8-1156-0000-000000000005,FERTILISER_APPLICATION,COMPLETED,2024-09-25 00:00:00.000,1006,SYN-EQ-006,SYNTH_USER_03,201.6,ha,SYNTHETIC — hackathon mock data,2025-10-15 19:23:48.000,2026-09-24 21:22:19.000,5D2FDA1C-E3A8-3E3C-0000-0000000000C5,OPS_MOCK,TRUE
7EF5AAA3-E11B-308C-0000-0000000000C6,515759EC-ECE3-E30C-0000-000000000036,307DEFEB-9888-F474-0000-000000000025,128FB883-C2F8-1156-0000-000000000006,IRRIGATION,PLANNED,2025-10-01 00:00:00.000,1007,SYN-EQ-007,SYNTH_USER_01,196.9,ha,SYNTHETIC — hackathon mock data,2025-10-12 07:00:29.000,2026-09-22 05:13:31.000,5D2FDA1C-E3A8-3E3C-0000-0000000000C6,OPS_MOCK,TRUE
7EF5AAA3-E11B-308C-0000-0000000000C7,515759EC-ECE3-E30C-0000-000000000037,307DEFEB-9888-F474-0000-00000000002C,128FB883-C2F8-1156-0000-000000000001,FERTILISER_APPLICATION,COMPLETED,2024-10-26 00:00:00.000,1008,SYN-EQ-008,SYNTH_USER_03,75.9,L,SYNTHETIC — hackathon mock data,2026-07-17 20:51:55.000,2026-09-24 05:09:03.000,5D2FDA1C-E3A8-3E3C-0000-0000000000C7,OPS_MOCK,TRUE
7EF5AAA3-E11B-308C-0000-0000000000C8,515759EC-ECE3-E30C-0000-000000000038,307DEFEB-9888-F474-0000-000000000033,128FB883-C2F8-1156-0000-000000000002,IRRIGATION,COMPLETED,2025-10-21 00:00:00.000,1009,SYN-EQ-009,SYNTH_USER_02,154.4,kg,SYNTHETIC — hackathon mock data,2026-09-20 10:06:48.000,2026-09-24 03:28:48.000,5D2FDA1C-E3A8-3E3C-0000-0000000000C8,OPS_MOCK,TRUE
7EF5AAA3-E11B-308C-0000-0000000000C9,515759EC-ECE3-E30C-0000-000000000039,307DEFEB-9888-F474-0000-00000000003A,128FB883-C2F8-1156-0000-000000000003,PLOT_INSPECTION,COMPLETED,2026-06-05 00:00:00.000,1010,SYN-EQ-010,SYNTH_USER_01,65.3,ha,SYNTHETIC — hackathon mock data,2026-08-16 01:25:57.000,2026-09-24 17:36:26.000,5D2FDA1C-E3A8-3E3C-0000-0000000000C9,OPS_MOCK,TRUE
7EF5AAA3-E11B-308C-0000-0000000000CA,515759EC-ECE3-E30C-0000-00000000003A,307DEFEB-9888-F474-0000-000000000041,128FB883-C2F8-1156-0000-000000000004,PLOT_INSPECTION,PLANNED,2024-06-25 00:00:00.000,1011,SYN-EQ-011,SYNTH_USER_02,14.7,ha,SYNTHETIC — hackathon mock data,2025-05-11 00:55:57.000,2026-09-24 04:56:25.000,5D2FDA1C-E3A8-3E3C-0000-0000000000CA,OPS_MOCK,TRUE
7EF5AAA3-E11B-308C-0000-0000000000CB,515759EC-ECE3-E30C-0000-00000000003B,307DEFEB-9888-F474-0000-000000000048,128FB883-C2F8-1156-0000-000000000005,HARVEST,COMPLETED,2026-09-14 00:00:00.000,1012,SYN-EQ-012,SYNTH_USER_04,178.8,plot,SYNTHETIC — hackathon mock data,2026-09-17 14:58:08.000,2026-09-22 23:25:09.000,5D2FDA1C-E3A8-3E3C-0000-0000000000CB,OPS_MOCK,TRUE
7EF5AAA3-E11B-308C-0000-0000000000CC,515759EC-ECE3-E30C-0000-00000000003C,307DEFEB-9888-F474-0000-00000000004F,128FB883-C2F8-1156-0000-000000000006,HARVEST,COMPLETED,2025-06-02 00:00:00.000,1013,SYN-EQ-001,SYNTH_USER_03,10.8,kg,SYNTHETIC — hackathon mock data,2026-06-25 14:12:28.000,2026-09-24 16:07:08.000,5D2FDA1C-E3A8-3E3C-0000-0000000000CC,OPS_MOCK,TRUE
7EF5AAA3-E11B-308C-0000-0000000000CD,515759EC-ECE3-E30C-0000-00000000003D,307DEFEB-9888-F474-0000-000000000056,128FB883-C2F8-1156-0000-000000000001,PLOT_INSPECTION,COMPLETED,2025-09-20 00:00:00.000,1014,SYN-EQ-002,SYNTH_USER_04,220.0,ha,SYNTHETIC — hackathon mock data,2026-07-20 04:22:43.000,2026-09-24 16:52:31.000,5D2FDA1C-E3A8-3E3C-0000-0000000000CD,OPS_MOCK,TRUE
7EF5AAA3-E11B-308C-0000-0000000000CE,515759EC-ECE3-E30C-0000-00000000003E,307DEFEB-9888-F474-0000-00000000005D,128FB883-C2F8-1156-0000-000000000002,PLOT_INSPECTION,COMPLETED,2024-05-11 00:00:00.000,1015,SYN-EQ-003,SYNTH_USER_04,197.1,plot,SYNTHETIC — hackathon mock data,2024-05-14 08:35:32.000,2026-09-23 05:21:33.000,5D2FDA1C-E3A8-3E3C-0000-0000000000CE,OPS_MOCK,TRUE
7EF5AAA3-E11B-308C-0000-0000000000CF,515759EC-ECE3-E30C-0000-00000000003F,307DEFEB-9888-F474-0000-000000000064,128FB883-C2F8-1156-0000-000000000003,PLANTING,PLANNED,2025-04-26 00:00:00.000,1016,SYN-EQ-004,SYNTH_USER_02,183.8,plot,SYNTHETIC — hackathon mock data,2026-07-14 15:05:35.000,2026-09-24 11:19:51.000,5D2FDA1C-E3A8-3E3C-0000-0000000000CF,OPS_MOCK,TRUE
7EF5AAA3-E11B-308C-0000-0000000000D0,515759EC-ECE3-E30C-0000-000000000040,307DEFEB-9888-F474-0000-00000000006B,128FB883-C2F8-1156-0000-000000000004,HARVEST,PLANNED,2025-09-27 00:00:00.000,1017,SYN-EQ-005,SYNTH_USER_03,78.4,ha,SYNTHETIC — hackathon mock data,2026-01-18 21:20:17.000,2026-09-23 11:43:12.000,5D2FDA1C-E3A8-3E3C-0000-0000000000D0,OPS_MOCK,TRUE
7EF5AAA3-E11B-308C-0000-0000000000D1,515759EC-ECE3-E30C-0000-000000000041,307DEFEB-9888-F474-0000-000000000072,128FB883-C2F8-1156-0000-000000000005,FERTILISER_APPLICATION,COMPLETED,2026-06-09 00:00:00.000,1018,SYN-EQ-006,SYNTH_USER_04,169.6,plot,SYNTHETIC — hackathon mock data,2026-07-08 09:36:05.000,2026-09-25 13:54:01.000,5D2FDA1C-E3A8-3E3C-0000-0000000000D1,OPS_MOCK,TRUE
7EF5AAA3-E11B-308C-0000-0000000000D2,515759EC-ECE3-E30C-0000-000000000042,307DEFEB-9888-F474-0000-000000000079,128FB883-C2F8-1156-0000-000000000006,PLOT_INSPECTION,PLANNED,2024-05-17 00:00:00.000,1019,SYN-EQ-007,SYNTH_USER_01,102.0,kg,SYNTHETIC — hackathon mock data,2025-07-22 18:10:38.000,2026-09-23 18:04:43.000,5D2FDA1C-E3A8-3E3C-0000-0000000000D2,OPS_MOCK,TRUE
7EF5AAA3-E11B-308C-0000-0000000000D3,515759EC-ECE3-E30C-0000-000000000043,307DEFEB-9888-F474-0000-000000000080,128FB883-C2F8-1156-0000-000000000001,PLOT_INSPECTION,COMPLETED,2026-10-16 00:00:00.000,1020,SYN-EQ-008,SYNTH_USER_04,13.3,plot,SYNTHETIC — hackathon mock data,2026-10-01 10:41:21.000,2026-09-24 15:15:37.000,5D2FDA1C-E3A8-3E3C-0000-0000000000D3,OPS_MOCK,TRUE
7EF5AAA3-E11B-308C-0000-0000000000D4,515759EC-ECE3-E30C-0000-000000000044,307DEFEB-9888-F474-0000-000000000087,128FB883-C2F8-1156-0000-000000000002,IRRIGATION,PLANNED,2026-04-20 00:00:00.000,1021,SYN-EQ-009,SYNTH_USER_01,77.2,L,SYNTHETIC — hackathon mock data,2026-05-06 00:15:44.000,2026-09-23 13:33:00.000,5D2FDA1C-E3A8-3E3C-0000-0000000000D4,OPS_MOCK,TRUE
7EF5AAA3-E11B-308C-0000-0000000000D5,515759EC-ECE3-E30C-0000-000000000045,307DEFEB-9888-F474-0000-00000000008E,128FB883-C2F8-1156-0000-000000000003,PLOT_INSPECTION,COMPLETED,2024-05-26 00:00:00.000,1022,SYN-EQ-010,SYNTH_USER_01,184.0,kg,SYNTHETIC — hackathon mock data,2026-05-04 02:06:43.000,2026-09-25 08:40:58.000,5D2FDA1C-E3A8-3E3C-0000-0000000000D5,OPS_MOCK,TRUE
7EF5AAA3-E11B-308C-0000-0000000000D6,515759EC-ECE3-E30C-0000-000000000046,307DEFEB-9888-F474-0000-000000000095,128FB883-C2F8-1156-0000-000000000004,HARVEST,COMPLETED,2024-05-11 00:00:00.000,1023,SYN-EQ-011,SYNTH_USER_03,35.5,plot,SYNTHETIC — hackathon mock data,2025-07-13 21:32:29.000,2026-09-24 09:46:55.000,5D2FDA1C-E3A8-3E3C-0000-0000000000D6,OPS_MOCK,TRUE
7EF5AAA3-E11B-308C-0000-0000000000D7,515759EC-ECE3-E30C-0000-000000000047,307DEFEB-9888-F474-0000-000000000006,128FB883-C2F8-1156-0000-000000000005,FERTILISER_APPLICATION,PLANNED,2025-06-27 00:00:00.000,1024,SYN-EQ-012,SYNTH_USER_01,141.9,plot,SYNTHETIC — hackathon mock data,2026-01-09 02:05:11.000,2026-09-23 17:27:24.000,5D2FDA1C-E3A8-3E3C-0000-0000000000D7,OPS_MOCK,TRUE
7EF5AAA3-E11B-308C-0000-0000000000D8,515759EC-ECE3-E30C-0000-000000000048,307DEFEB-9888-F474-0000-00000000000D,128FB883-C2F8-1156-0000-000000000006,FERTILISER_APPLICATION,COMPLETED,2026-06-22 00:00:00.000,1025,SYN-EQ-001,SYNTH_USER_03,192.0,kg,SYNTHETIC — hackathon mock data,2026-07-26 21:52:11.000,2026-09-25 14:53:53.000,5D2FDA1C-E3A8-3E3C-0000-0000000000D8,OPS_MOCK,TRUE
