TRIAL_GUID,KIKKER_APPROVAL,EXCLUDE_FROM_ANALYSIS,PROTOCOL_SITE_GUID,PROTOCOL_GUID,LAST_ANALYZED_DATE,REMARK,BIOPLAN_PI_NUMBER,USAGE_SYSTEM_LID,TRIAL_LINE_CODE,INITIATOR,TRIAL_DESCRIPTION,START_PLOT_NO,TRIAL_ID,COMPANY_COOPERATOR_GUID,PLOT_PREFIX,BEGIN_PLOT_NO,STATUS_LID,TRIAL_PLANNING_SET_GUID,TRIAL_LAST_CHG_DATE,SEQUENCE,NO_OF_REPLICATIONS,USE_FOR_INBREEDING,TRIAL_MAPPED,TRIAL_TYPE_LID,START_YEAR,BEGIN_DATE,RESPONSIBLE_MATERIAL_STORE_GUID,CROP_GUID,TRIAL_EXPERIMENT_GUID,LOCATION_GUID,LAST_CHG_USER,ROWGUID,BREEDING_GROUP_GUID,BEGIN_BASIC_PLAN_NO,PLANTING_AREA_GUID,TRIAL_CORE_GUID,MALE_LINE_GUID,END_PLOT_NO,PLANNED_POLLINATIONS_SET_GUID,MALE_MATERIAL_GUID,MINT_READY_PROCESSING,PLANTING_POPULATION,MINT_RDYPR_SUBMITTER,LAST_CHG_DATE,START_WEEK,GREENHOUSE_TRIAL,TRIAL_DESIGN_GUID,INTENT_TYPE_LID,CREATE_DATE,TRIAL_ENTRY_DEFAULTS_GUID,BREEDING_GOAL_GUID,CREATE_PERSON,PEGASYS_CREATE_DATE,PEGASYS_UPDATE_DATE,PEGASYS_PURGED
515759EC-ECE3-E30C-0000-000000000001,APPROVED,0,128FB883-C2F8-1156-0000-000000000001,4E233B1E-7199-6186-0000-000000000002,,SYNTHETIC — hackathon mock data,,RND_MOCK,SYN-TL-0001,SYNTH_USER_01,Synthetic maize performance trial 0001,1001,SYN-TR-0001,,S001,1001,PLANNED,,2026-04-29 18:47:16.000,1,4,0,1,YIELD,2025,2025-05-10 00:00:00.000,049E4771-4A50-6370-0000-000000000002,64B14384-EB55-1734-0000-000000000001,3EB33171-39DC-E9CD-0000-000000000002,128FB883-C2F8-1156-0000-000000000006,SYNTH_USER_01,2862511D-64D9-66CA-0000-000000000001,4EFE8209-44E4-259E-0000-000000000004,10,3FEE5672-5C70-FA42-0000-000000000002,7B381092-3448-7502-0000-000000000002,060AF0E2-3E2B-78FF-0000-000000000095,1072,,307DEFEB-9888-F474-0000-000000000084,1,70000,SYNTH_USER_01,2025-07-03 17:35:58.000,19,0,3E0962B5-AC50-949D-0000-000000000002,RESEARCH,2025-05-10 00:00:00.000,5E17C0D9-C442-D187-0000-000000000002,6150BF96-A38D-C838-0000-000000000002,SYNTH_USER_02,2025-10-20 01:48:34.000,2026-09-23 18:52:55.000,FALSE
515759EC-ECE3-E30C-0000-000000000002,APPROVED,0,128FB883-C2F8-1156-0000-000000000006,4E233B1E-7199-6186-0000-000000000003,,SYNTHETIC — hackathon mock data,,RND_MOCK,SYN-TL-0002,SYNTH_USER_03,Synthetic maize performance trial 0002,1001,SYN-TR-0002,,S002,1001,PLANNED,,2026-08-26 10:38:59.000,2,2,0,1,YIELD,2026,2026-06-17 00:00:00.000,049E4771-4A50-6370-0000-000000000003,64B14384-EB55-1734-0000-000000000001,3EB33171-39DC-E9CD-0000-000000000003,128FB883-C2F8-1156-0000-000000000004,SYNTH_USER_04,2862511D-64D9-66CA-0000-000000000002,4EFE8209-44E4-259E-0000-000000000003,20,3FEE5672-5C70-FA42-0000-000000000003,7B381092-3448-7502-0000-000000000003,060AF0E2-3E2B-78FF-0000-00000000005E,1096,,307DEFEB-9888-F474-0000-000000000023,1,65000,SYNTH_USER_03,2026-07-08 03:26:21.000,25,0,3E0962B5-AC50-949D-0000-000000000003,RESEARCH,2026-06-17 00:00:00.000,5E17C0D9-C442-D187-0000-000000000003,6150BF96-A38D-C838-0000-000000000003,SYNTH_USER_01,2026-06-24 19:08:22.000,2026-09-25 09:33:05.000,FALSE
515759EC-ECE3-E30C-0000-000000000003,APPROVED,0,128FB883-C2F8-1156-0000-000000000002,4E233B1E-7199-6186-0000-000000000004,,SYNTHETIC — hackathon mock data,,RND_MOCK,SYN-TL-0003,SYNTH_USER_04,Synthetic maize performance trial 0003,1001,SYN-TR-0003,,S003,1001,COMPLETE,,2026-07-11 02:17:23.000,3,3,0,1,YIELD,2024,2024-04-07 00:00:00.000,049E4771-4A50-6370-0000-000000000004,64B14384-EB55-1734-0000-000000000001,3EB33171-39DC-E9CD-0000-000000000004,128FB883-C2F8-1156-0000-000000000004,SYNTH_USER_03,2862511D-64D9-66CA-0000-000000000003,4EFE8209-44E4-259E-0000-000000000004,30,3FEE5672-5C70-FA42-0000-000000000004,7B381092-3448-7502-0000-000000000004,060AF0E2-3E2B-78FF-0000-000000000016,1072,,307DEFEB-9888-F474-0000-000000000036,1,55000,SYNTH_USER_04,2026-02-10 11:42:33.000,14,0,3E0962B5-AC50-949D-0000-000000000004,RESEARCH,2024-04-07 00:00:00.000,5E17C0D9-C442-D187-0000-000000000004,6150BF96-A38D-C838-0000-000000000004,SYNTH_USER_04,2024-10-26 08:59:09.000,2026-09-22 19:36:52.000,FALSE
515759EC-ECE3-E30C-0000-000000000004,APPROVED,0,128FB883-C2F8-1156-0000-000000000002,4E233B1E-7199-6186-0000-000000000005,,SYNTHETIC — hackathon mock data,,RND_MOCK,SYN-TL-0004,SYNTH_USER_02,Synthetic maize performance trial 0004,1001,SYN-TR-0004,,S004,1001,PLANNED,,2025-11-28 23:51:22.000,4,3,0,1,QUALITY,2024,2024-06-19 00:00:00.000,049E4771-4A50-6370-0000-000000000005,64B14384-EB55-1734-0000-000000000001,3EB33171-39DC-E9CD-0000-000000000005,128FB883-C2F8-1156-0000-000000000005,SYNTH_USER_01,2862511D-64D9-66CA-0000-000000000004,4EFE8209-44E4-259E-0000-000000000002,40,3FEE5672-5C70-FA42-0000-000000000005,7B381092-3448-7502-0000-000000000005,060AF0E2-3E2B-78FF-0000-00000000007F,1096,,307DEFEB-9888-F474-0000-000000000081,1,60000,SYNTH_USER_04,2025-12-30 12:42:27.000,25,0,3E0962B5-AC50-949D-0000-000000000001,RESEARCH,2024-06-19 00:00:00.000,5E17C0D9-C442-D187-0000-000000000005,6150BF96-A38D-C838-0000-000000000005,SYNTH_USER_02,2026-05-23 14:36:10.000,2026-09-25 22:49:31.000,FALSE
515759EC-ECE3-E30C-0000-000000000005,PENDING,0,128FB883-C2F8-1156-0000-000000000002,4E233B1E-7199-6186-0000-000000000006,,SYNTHETIC — hackathon mock data,,RND_MOCK,SYN-TL-0005,SYNTH_USER_02,Synthetic maize performance trial 0005,1001,SYN-TR-0005,,S005,1001,ACTIVE,,2025-09-04 05:59:53.000,5,4,0,1,DISEASE,2025,2025-05-01 00:00:00.000,049E4771-4A50-6370-0000-000000000001,64B14384-EB55-1734-0000-000000000001,3EB33171-39DC-E9CD-0000-000000000006,128FB883-C2F8-1156-0000-000000000003,SYNTH_USER_04,2862511D-64D9-66CA-0000-000000000005,4EFE8209-44E4-259E-0000-000000000004,50,3FEE5672-5C70-FA42-0000-000000000006,7B381092-3448-7502-0000-000000000006,060AF0E2-3E2B-78FF-0000-000000000022,1048,,307DEFEB-9888-F474-0000-00000000000F,1,65000,SYNTH_USER_02,2025-06-23 20:49:49.000,18,0,3E0962B5-AC50-949D-0000-000000000002,RESEARCH,2025-05-01 00:00:00.000,5E17C0D9-C442-D187-0000-000000000001,6150BF96-A38D-C838-0000-000000000006,SYNTH_USER_02,2025-05-20 18:30:05.000,2026-09-22 16:15:16.000,FALSE
515759EC-ECE3-E30C-0000-000000000006,APPROVED,0,128FB883-C2F8-1156-0000-000000000005,4E233B1E-7199-6186-0000-000000000007,,SYNTHETIC — hackathon mock data,,RND_MOCK,SYN-TL-0006,SYNTH_USER_04,Synthetic maize performance trial 0006,1001,SYN-TR-0006,,S006,1001,PLANNED,,2025-03-31 06:00:13.000,6,4,0,1,QUALITY,2024,2024-05-15 00:00:00.000,049E4771-4A50-6370-0000-000000000002,64B14384-EB55-1734-0000-000000000001,3EB33171-39DC-E9CD-0000-000000000007,128FB883-C2F8-1156-0000-000000000005,SYNTH_USER_04,2862511D-64D9-66CA-0000-000000000006,4EFE8209-44E4-259E-0000-000000000002,60,3FEE5672-5C70-FA42-0000-000000000001,7B381092-3448-7502-0000-000000000007,060AF0E2-3E2B-78FF-0000-000000000079,1072,,307DEFEB-9888-F474-0000-000000000022,1,70000,SYNTH_USER_01,2025-02-07 03:01:18.000,20,0,3E0962B5-AC50-949D-0000-000000000003,RESEARCH,2024-05-15 00:00:00.000,5E17C0D9-C442-D187-0000-000000000002,6150BF96-A38D-C838-0000-000000000007,SYNTH_USER_04,2026-01-21 17:52:11.000,2026-09-24 06:26:39.000,FALSE
515759EC-ECE3-E30C-0000-000000000007,APPROVED,0,128FB883-C2F8-1156-0000-000000000003,4E233B1E-7199-6186-0000-000000000008,,SYNTHETIC — hackathon mock data,,RND_MOCK,SYN-TL-0007,SYNTH_USER_04,Synthetic maize performance trial 0007,1001,SYN-TR-0007,,S007,1001,ACTIVE,,2025-07-13 19:00:22.000,7,4,0,1,DISEASE,2025,2025-06-13 00:00:00.000,049E4771-4A50-6370-0000-000000000003,64B14384-EB55-1734-0000-000000000001,3EB33171-39DC-E9CD-0000-000000000008,128FB883-C2F8-1156-0000-000000000002,SYNTH_USER_03,2862511D-64D9-66CA-0000-000000000007,4EFE8209-44E4-259E-0000-000000000002,70,3FEE5672-5C70-FA42-0000-000000000002,7B381092-3448-7502-0000-000000000008,060AF0E2-3E2B-78FF-0000-000000000044,1048,,307DEFEB-9888-F474-0000-00000000008E,1,60000,SYNTH_USER_03,2025-11-14 23:55:30.000,24,0,3E0962B5-AC50-949D-0000-000000000004,RESEARCH,2025-06-13 00:00:00.000,5E17C0D9-C442-D187-0000-000000000003,6150BF96-A38D-C838-0000-000000000001,SYNTH_USER_03,2026-09-17 00:43:31.000,2026-09-25 08:04:01.000,FALSE
515759EC-ECE3-E30C-0000-000000000008,,0,128FB883-C2F8-1156-0000-000000000002,4E233B1E-7199-6186-0000-000000000009,,SYNTHETIC — hackathon mock data,,RND_MOCK,SYN-TL-0008,SYNTH_USER_01,Synthetic maize performance trial 0008,1001,SYN-TR-0008,,S008,1001,ACTIVE,,2026-07-25 17:22:16.000,8,2,0,1,DISEASE,2025,2025-04-20 00:00:00.000,049E4771-4A50-6370-0000-000000000004,64B14384-EB55-1734-0000-000000000001,3EB33171-39DC-E9CD-0000-000000000009,128FB883-C2F8-1156-0000-000000000001,SYNTH_USER_03,2862511D-64D9-66CA-0000-000000000008,4EFE8209-44E4-259E-0000-000000000002,80,3FEE5672-5C70-FA42-0000-000000000003,7B381092-3448-7502-0000-000000000009,060AF0E2-3E2B-78FF-0000-00000000006B,1072,,307DEFEB-9888-F474-0000-000000000034,1,60000,SYNTH_USER_04,2025-09-12 12:04:57.000,16,0,3E0962B5-AC50-949D-0000-000000000001,RESEARCH,2025-04-20 00:00:00.000,5E17C0D9-C442-D187-0000-000000000004,6150BF96-A38D-C838-0000-000000000002,SYNTH_USER_02,2025-11-23 14:41:23.000,2026-09-23 00:07:08.000,FALSE
515759EC-ECE3-E30C-0000-000000000009,APPROVED,0,128FB883-C2F8-1156-0000-000000000006,4E233B1E-7199-6186-0000-000000000001,,SYNTHETIC — hackathon mock data,,RND_MOCK,SYN-TL-0009,SYNTH_USER_02,Synthetic maize performance trial 0009,1001,SYN-TR-0009,,S009,1001,COMPLETE,,2026-07-12 14:47:55.000,9,3,0,1,DISEASE,2026,2026-04-07 00:00:00.000,049E4771-4A50-6370-0000-000000000005,64B14384-EB55-1734-0000-000000000001,3EB33171-39DC-E9CD-0000-00000000000A,128FB883-C2F8-1156-0000-000000000004,SYNTH_USER_04,2862511D-64D9-66CA-0000-000000000009,4EFE8209-44E4-259E-0000-000000000004,90,3FEE5672-5C70-FA42-0000-000000000004,7B381092-3448-7502-0000-00000000000A,060AF0E2-3E2B-78FF-0000-000000000075,1048,,307DEFEB-9888-F474-0000-00000000005B,1,70000,SYNTH_USER_03,2026-05-14 11:38:53.000,15,0,3E0962B5-AC50-949D-0000-000000000002,RESEARCH,2026-04-07 00:00:00.000,5E17C0D9-C442-D187-0000-000000000005,6150BF96-A38D-C838-0000-000000000003,SYNTH_USER_04,2026-04-27 00:48:44.000,2026-09-24 07:53:17.000,FALSE
515759EC-ECE3-E30C-0000-00000000000A,,0,128FB883-C2F8-1156-0000-000000000002,4E233B1E-7199-6186-0000-000000000002,,SYNTHETIC — hackathon mock data,,RND_MOCK,SYN-TL-0010,SYNTH_USER_01,Synthetic maize performance trial 0010,1001,SYN-TR-0010,,S010,1001,COMPLETE,,2026-09-15 19:06:34.000,10,2,0,1,DISEASE,2026,2026-05-17 00:00:00.000,049E4771-4A50-6370-0000-000000000001,64B14384-EB55-1734-0000-000000000001,3EB33171-39DC-E9CD-0000-00000000000B,128FB883-C2F8-1156-0000-000000000006,SYNTH_USER_02,2862511D-64D9-66CA-0000-00000000000A,4EFE8209-44E4-259E-0000-000000000002,100,3FEE5672-5C70-FA42-0000-000000000005,7B381092-3448-7502-0000-00000000000B,060AF0E2-3E2B-78FF-0000-000000000058,1096,,307DEFEB-9888-F474-0000-000000000064,1,60000,SYNTH_USER_03,2026-07-21 08:10:02.000,20,0,3E0962B5-AC50-949D-0000-000000000003,RESEARCH,2026-05-17 00:00:00.000,5E17C0D9-C442-D187-0000-000000000001,6150BF96-A38D-C838-0000-000000000004,SYNTH_USER_01,2026-07-24 14:51:45.000,2026-09-22 23:44:58.000,FALSE
515759EC-ECE3-E30C-0000-00000000000B,,0,128FB883-C2F8-1156-0000-000000000006,4E233B1E-7199-6186-0000-000000000003,,SYNTHETIC — hackathon mock data,,RND_MOCK,SYN-TL-0011,SYNTH_USER_02,Synthetic maize performance trial 0011,1001,SYN-TR-0011,,S011,1001,ACTIVE,,2025-11-22 08:55:30.000,11,4,0,1,YIELD,2025,2025-04-12 00:00:00.000,049E4771-4A50-6370-0000-000000000002,64B14384-EB55-1734-0000-000000000001,3EB33171-39DC-E9CD-0000-00000000000C,128FB883-C2F8-1156-0000-000000000005,SYNTH_USER_03,2862511D-64D9-66CA-0000-00000000000B,4EFE8209-44E4-259E-0000-000000000002,110,3FEE5672-5C70-FA42-0000-000000000006,7B381092-3448-7502-0000-00000000000C,060AF0E2-3E2B-78FF-0000-000000000084,1072,,307DEFEB-9888-F474-0000-000000000046,1,70000,SYNTH_USER_01,2025-09-27 07:32:21.000,15,0,3E0962B5-AC50-949D-0000-000000000004,RESEARCH,2025-04-12 00:00:00.000,5E17C0D9-C442-D187-0000-000000000002,6150BF96-A38D-C838-0000-000000000005,SYNTH_USER_03,2026-02-28 17:20:49.000,2026-09-24 03:01:53.000,FALSE
515759EC-ECE3-E30C-0000-00000000000C,APPROVED,0,128FB883-C2F8-1156-0000-000000000005,4E233B1E-7199-6186-0000-000000000004,,SYNTHETIC — hackathon mock data,,RND_MOCK,SYN-TL-0012,SYNTH_USER_01,Synthetic maize performance trial 0012,1001,SYN-TR-0012,,S012,1001,PLANNED,,2025-11-06 10:20:43.000,12,4,0,1,QUALITY,2024,2024-04-04 00:00:00.000,049E4771-4A50-6370-0000-000000000003,64B14384-EB55-1734-0000-000000000001,3EB33171-39DC-E9CD-0000-00000000000D,128FB883-C2F8-1156-0000-000000000002,SYNTH_USER_04,2862511D-64D9-66CA-0000-00000000000C,4EFE8209-44E4-259E-0000-000000000004,120,3FEE5672-5C70-FA42-0000-000000000001,7B381092-3448-7502-0000-000000000001,060AF0E2-3E2B-78FF-0000-00000000005A,1072,,307DEFEB-9888-F474-0000-000000000061,1,70000,SYNTH_USER_01,2024-07-02 08:08:03.000,14,0,3E0962B5-AC50-949D-0000-000000000001,RESEARCH,2024-04-04 00:00:00.000,5E17C0D9-C442-D187-0000-000000000003,6150BF96-A38D-C838-0000-000000000006,SYNTH_USER_02,2025-09-18 00:00:28.000,2026-09-23 17:42:24.000,FALSE
515759EC-ECE3-E30C-0000-00000000000D,PENDING,0,128FB883-C2F8-1156-0000-000000000002,4E233B1E-7199-6186-0000-000000000005,,SYNTHETIC — hackathon mock data,,RND_MOCK,SYN-TL-0013,SYNTH_USER_02,Synthetic maize performance trial 0013,1001,SYN-TR-0013,,S013,1001,PLANNED,,2026-05-30 17:13:54.000,13,3,0,1,YIELD,2026,2026-04-16 00:00:00.000,049E4771-4A50-6370-0000-000000000004,64B14384-EB55-1734-0000-000000000001,3EB33171-39DC-E9CD-0000-00000000000E,128FB883-C2F8-1156-0000-000000000004,SYNTH_USER_03,2862511D-64D9-66CA-0000-00000000000D,4EFE8209-44E4-259E-0000-000000000004,130,3FEE5672-5C70-FA42-0000-000000000002,7B381092-3448-7502-0000-000000000002,060AF0E2-3E2B-78FF-0000-00000000005F,1072,,307DEFEB-9888-F474-0000-00000000005E,1,70000,SYNTH_USER_02,2026-06-26 19:08:46.000,16,0,3E0962B5-AC50-949D-0000-000000000002,RESEARCH,2026-04-16 00:00:00.000,5E17C0D9-C442-D187-0000-000000000004,6150BF96-A38D-C838-0000-000000000007,SYNTH_USER_04,2026-06-18 13:23:08.000,2026-09-25 14:52:27.000,FALSE
515759EC-ECE3-E30C-0000-00000000000E,,0,128FB883-C2F8-1156-0000-000000000005,4E233B1E-7199-6186-0000-000000000006,,SYNTHETIC — hackathon mock data,,RND_MOCK,SYN-TL-0014,SYNTH_USER_04,Synthetic maize performance trial 0014,1001,SYN-TR-0014,,S014,1001,COMPLETE,,2026-03-21 14:35:27.000,14,4,0,1,DISEASE,2024,2024-06-18 00:00:00.000,049E4771-4A50-6370-0000-000000000005,64B14384-EB55-1734-0000-000000000001,3EB33171-39DC-E9CD-0000-00000000000F,128FB883-C2F8-1156-0000-000000000004,SYNTH_USER_01,2862511D-64D9-66CA-0000-00000000000E,4EFE8209-44E4-259E-0000-000000000001,140,3FEE5672-5C70-FA42-0000-000000000003,7B381092-3448-7502-0000-000000000003,060AF0E2-3E2B-78FF-0000-000000000004,1096,,307DEFEB-9888-F474-0000-00000000000F,1,70000,SYNTH_USER_02,2024-11-19 08:12:09.000,25,0,3E0962B5-AC50-949D-0000-000000000003,RESEARCH,2024-06-18 00:00:00.000,5E17C0D9-C442-D187-0000-000000000005,6150BF96-A38D-C838-0000-000000000001,SYNTH_USER_02,2026-01-11 19:11:02.000,2026-09-24 02:59:52.000,FALSE
515759EC-ECE3-E30C-0000-00000000000F,,0,128FB883-C2F8-1156-0000-000000000003,4E233B1E-7199-6186-0000-000000000007,,SYNTHETIC — hackathon mock data,,RND_MOCK,SYN-TL-0015,SYNTH_USER_04,Synthetic maize performance trial 0015,1001,SYN-TR-0015,,S015,1001,PLANNED,,2026-06-07 15:34:32.000,15,3,0,1,QUALITY,2024,2024-05-01 00:00:00.000,049E4771-4A50-6370-0000-000000000001,64B14384-EB55-1734-0000-000000000001,3EB33171-39DC-E9CD-0000-000000000010,128FB883-C2F8-1156-0000-000000000005,SYNTH_USER_01,2862511D-64D9-66CA-0000-00000000000F,4EFE8209-44E4-259E-0000-000000000002,150,3FEE5672-5C70-FA42-0000-000000000004,7B381092-3448-7502-0000-000000000004,060AF0E2-3E2B-78FF-0000-00000000002B,1096,,307DEFEB-9888-F474-0000-000000000066,1,70000,SYNTH_USER_02,2025-12-20 19:28:05.000,18,0,3E0962B5-AC50-949D-0000-000000000004,RESEARCH,2024-05-01 00:00:00.000,5E17C0D9-C442-D187-0000-000000000001,6150BF96-A38D-C838-0000-000000000002,SYNTH_USER_03,2024-06-19 05:20:19.000,2026-09-23 12:01:33.000,FALSE
515759EC-ECE3-E30C-0000-000000000010,,0,128FB883-C2F8-1156-0000-000000000002,4E233B1E-7199-6186-0000-000000000008,,SYNTHETIC — hackathon mock data,,RND_MOCK,SYN-TL-0016,SYNTH_USER_01,Synthetic maize performance trial 0016,1001,SYN-TR-0016,,S016,1001,COMPLETE,,2026-08-01 10:00:36.000,16,3,0,1,DISEASE,2026,2026-05-09 00:00:00.000,049E4771-4A50-6370-0000-000000000002,64B14384-EB55-1734-0000-000000000001,3EB33171-39DC-E9CD-0000-000000000011,128FB883-C2F8-1156-0000-000000000001,SYNTH_USER_01,2862511D-64D9-66CA-0000-000000000010,4EFE8209-44E4-259E-0000-000000000004,160,3FEE5672-5C70-FA42-0000-000000000005,7B381092-3448-7502-0000-000000000005,060AF0E2-3E2B-78FF-0000-00000000007A,1048,,307DEFEB-9888-F474-0000-00000000005E,1,70000,SYNTH_USER_02,2026-06-08 07:46:13.000,19,0,3E0962B5-AC50-949D-0000-000000000001,RESEARCH,2026-05-09 00:00:00.000,5E17C0D9-C442-D187-0000-000000000002,6150BF96-A38D-C838-0000-000000000003,SYNTH_USER_04,2026-06-18 17:59:17.000,2026-09-22 00:46:46.000,FALSE
515759EC-ECE3-E30C-0000-000000000011,,0,128FB883-C2F8-1156-0000-000000000005,4E233B1E-7199-6186-0000-000000000009,,SYNTHETIC — hackathon mock data,,RND_MOCK,SYN-TL-0017,SYNTH_USER_03,Synthetic maize performance trial 0017,1001,SYN-TR-0017,,S017,1001,PLANNED,,2025-12-14 22:32:37.000,17,2,0,1,DISEASE,2024,2024-06-22 00:00:00.000,049E4771-4A50-6370-0000-000000000003,64B14384-EB55-1734-0000-000000000001,3EB33171-39DC-E9CD-0000-000000000012,128FB883-C2F8-1156-0000-000000000001,SYNTH_USER_02,2862511D-64D9-66CA-0000-000000000011,4EFE8209-44E4-259E-0000-000000000004,170,3FEE5672-5C70-FA42-0000-000000000006,7B381092-3448-7502-0000-000000000006,060AF0E2-3E2B-78FF-0000-00000000003B,1048,,307DEFEB-9888-F474-0000-00000000000C,1,65000,SYNTH_USER_02,2025-01-14 23:35:44.000,25,0,3E0962B5-AC50-949D-0000-000000000002,RESEARCH,2024-06-22 00:00:00.000,5E17C0D9-C442-D187-0000-000000000003,6150BF96-A38D-C838-0000-000000000004,SYNTH_USER_02,2025-02-20 09:44:24.000,2026-09-25 16:57:04.000,FALSE
515759EC-ECE3-E30C-0000-000000000012,PENDING,0,128FB883-C2F8-1156-0000-000000000002,4E233B1E-7199-6186-0000-000000000001,,SYNTHETIC — hackathon mock data,,RND_MOCK,SYN-TL-0018,SYNTH_USER_03,Synthetic maize performance trial 0018,1001,SYN-TR-0018,,S018,1001,ACTIVE,,2026-06-26 17:47:31.000,18,4,0,1,YIELD,2025,2025-06-12 00:00:00.000,049E4771-4A50-6370-0000-000000000004,64B14384-EB55-1734-0000-000000000001,3EB33171-39DC-E9CD-0000-000000000001,128FB883-C2F8-1156-0000-000000000002,SYNTH_USER_01,2862511D-64D9-66CA-0000-000000000012,4EFE8209-44E4-259E-0000-000000000004,180,3FEE5672-5C70-FA42-0000-000000000001,7B381092-3448-7502-0000-000000000007,060AF0E2-3E2B-78FF-0000-000000000030,1096,,307DEFEB-9888-F474-0000-000000000079,1,55000,SYNTH_USER_03,2026-06-06 01:32:53.000,24,0,3E0962B5-AC50-949D-0000-000000000003,RESEARCH,2025-06-12 00:00:00.000,5E17C0D9-C442-D187-0000-000000000004,6150BF96-A38D-C838-0000-000000000005,SYNTH_USER_01,2025-12-25 09:34:06.000,2026-09-24 09:56:23.000,FALSE
515759EC-ECE3-E30C-0000-000000000013,APPROVED,0,128FB883-C2F8-1156-0000-000000000006,4E233B1E-7199-6186-0000-000000000002,,SYNTHETIC — hackathon mock data,,RND_MOCK,SYN-TL-0019,SYNTH_USER_03,Synthetic maize performance trial 0019,1001,SYN-TR-0019,,S019,1001,COMPLETE,,2026-07-27 07:20:08.000,19,4,0,1,DISEASE,2026,2026-04-22 00:00:00.000,049E4771-4A50-6370-0000-000000000005,64B14384-EB55-1734-0000-000000000001,3EB33171-39DC-E9CD-0000-000000000002,128FB883-C2F8-1156-0000-000000000005,SYNTH_USER_02,2862511D-64D9-66CA-0000-000000000013,4EFE8209-44E4-259E-0000-000000000004,190,3FEE5672-5C70-FA42-0000-000000000002,7B381092-3448-7502-0000-000000000008,060AF0E2-3E2B-78FF-0000-000000000005,1048,,307DEFEB-9888-F474-0000-00000000001D,1,55000,SYNTH_USER_02,2026-05-21 20:39:11.000,17,0,3E0962B5-AC50-949D-0000-000000000004,RESEARCH,2026-04-22 00:00:00.000,5E17C0D9-C442-D187-0000-000000000005,6150BF96-A38D-C838-0000-000000000006,SYNTH_USER_04,2026-08-22 08:31:48.000,2026-09-23 06:42:33.000,FALSE
515759EC-ECE3-E30C-0000-000000000014,APPROVED,0,128FB883-C2F8-1156-0000-000000000004,4E233B1E-7199-6186-0000-000000000003,,SYNTHETIC — hackathon mock data,,RND_MOCK,SYN-TL-0020,SYNTH_USER_03,Synthetic maize performance trial 0020,1001,SYN-TR-0020,,S020,1001,ACTIVE,,2026-08-06 10:42:18.000,20,4,0,1,DISEASE,2026,2026-05-16 00:00:00.000,049E4771-4A50-6370-0000-000000000001,64B14384-EB55-1734-0000-000000000001,3EB33171-39DC-E9CD-0000-000000000003,128FB883-C2F8-1156-0000-000000000005,SYNTH_USER_04,2862511D-64D9-66CA-0000-000000000014,4EFE8209-44E4-259E-0000-000000000003,200,3FEE5672-5C70-FA42-0000-000000000003,7B381092-3448-7502-0000-000000000009,060AF0E2-3E2B-78FF-0000-000000000008,1072,,307DEFEB-9888-F474-0000-000000000054,1,55000,SYNTH_USER_03,2026-08-29 05:38:06.000,20,0,3E0962B5-AC50-949D-0000-000000000001,RESEARCH,2026-05-16 00:00:00.000,5E17C0D9-C442-D187-0000-000000000001,6150BF96-A38D-C838-0000-000000000007,SYNTH_USER_01,2026-07-19 04:14:45.000,2026-09-22 18:43:19.000,FALSE
515759EC-ECE3-E30C-0000-000000000015,,0,128FB883-C2F8-1156-0000-000000000001,4E233B1E-7199-6186-0000-000000000004,,SYNTHETIC — hackathon mock data,,RND_MOCK,SYN-TL-0021,SYNTH_USER_01,Synthetic maize performance trial 0021,1001,SYN-TR-0021,,S021,1001,COMPLETE,,2026-09-11 12:51:30.000,21,4,0,1,YIELD,2025,2025-05-09 00:00:00.000,049E4771-4A50-6370-0000-000000000002,64B14384-EB55-1734-0000-000000000001,3EB33171-39DC-E9CD-0000-000000000004,128FB883-C2F8-1156-0000-000000000001,SYNTH_USER_02,2862511D-64D9-66CA-0000-000000000015,4EFE8209-44E4-259E-0000-000000000001,210,3FEE5672-5C70-FA42-0000-000000000004,7B381092-3448-7502-0000-00000000000A,060AF0E2-3E2B-78FF-0000-000000000031,1048,,307DEFEB-9888-F474-0000-000000000041,1,70000,SYNTH_USER_02,2025-12-18 15:19:09.000,19,0,3E0962B5-AC50-949D-0000-000000000002,RESEARCH,2025-05-09 00:00:00.000,5E17C0D9-C442-D187-0000-000000000002,6150BF96-A38D-C838-0000-000000000001,SYNTH_USER_03,2025-08-05 12:51:42.000,2026-09-25 15:29:42.000,FALSE
515759EC-ECE3-E30C-0000-000000000016,APPROVED,0,128FB883-C2F8-1156-0000-000000000005,4E233B1E-7199-6186-0000-000000000005,,SYNTHETIC — hackathon mock data,,RND_MOCK,SYN-TL-0022,SYNTH_USER_01,Synthetic maize performance trial 0022,1001,SYN-TR-0022,,S022,1001,PLANNED,,2025-10-19 04:38:08.000,22,3,0,1,YIELD,2024,2024-06-09 00:00:00.000,049E4771-4A50-6370-0000-000000000003,64B14384-EB55-1734-0000-000000000001,3EB33171-39DC-E9CD-0000-000000000005,128FB883-C2F8-1156-0000-000000000005,SYNTH_USER_01,2862511D-64D9-66CA-0000-000000000016,4EFE8209-44E4-259E-0000-000000000002,220,3FEE5672-5C70-FA42-0000-000000000005,7B381092-3448-7502-0000-00000000000B,060AF0E2-3E2B-78FF-0000-000000000072,1072,,307DEFEB-9888-F474-0000-000000000073,1,55000,SYNTH_USER_03,2026-06-14 16:11:19.000,23,0,3E0962B5-AC50-949D-0000-000000000003,RESEARCH,2024-06-09 00:00:00.000,5E17C0D9-C442-D187-0000-000000000003,6150BF96-A38D-C838-0000-000000000002,SYNTH_USER_01,2026-07-23 09:10:24.000,2026-09-22 08:24:00.000,FALSE
515759EC-ECE3-E30C-0000-000000000017,APPROVED,0,128FB883-C2F8-1156-0000-000000000003,4E233B1E-7199-6186-0000-000000000006,,SYNTHETIC — hackathon mock data,,RND_MOCK,SYN-TL-0023,SYNTH_USER_01,Synthetic maize performance trial 0023,1001,SYN-TR-0023,,S023,1001,COMPLETE,,2026-07-03 17:46:04.000,23,3,0,1,QUALITY,2026,2026-06-05 00:00:00.000,049E4771-4A50-6370-0000-000000000004,64B14384-EB55-1734-0000-000000000001,3EB33171-39DC-E9CD-0000-000000000006,128FB883-C2F8-1156-0000-000000000006,SYNTH_USER_01,2862511D-64D9-66CA-0000-000000000017,4EFE8209-44E4-259E-0000-000000000002,230,3FEE5672-5C70-FA42-0000-000000000006,7B381092-3448-7502-0000-00000000000C,060AF0E2-3E2B-78FF-0000-00000000002B,1072,,307DEFEB-9888-F474-0000-000000000059,1,60000,SYNTH_USER_03,2026-07-16 21:23:21.000,23,0,3E0962B5-AC50-949D-0000-000000000004,RESEARCH,2026-06-05 00:00:00.000,5E17C0D9-C442-D187-0000-000000000004,6150BF96-A38D-C838-0000-000000000003,SYNTH_USER_02,2026-07-08 13:14:17.000,2026-09-22 11:35:29.000,FALSE
515759EC-ECE3-E30C-0000-000000000018,PENDING,0,128FB883-C2F8-1156-0000-000000000001,4E233B1E-7199-6186-0000-000000000007,,SYNTHETIC — hackathon mock data,,RND_MOCK,SYN-TL-0024,SYNTH_USER_01,Synthetic maize performance trial 0024,1001,SYN-TR-0024,,S024,1001,PLANNED,,2026-07-06 20:55:19.000,24,3,0,1,DISEASE,2026,2026-05-06 00:00:00.000,049E4771-4A50-6370-0000-000000000005,64B14384-EB55-1734-0000-000000000001,3EB33171-39DC-E9CD-0000-000000000007,128FB883-C2F8-1156-0000-000000000003,SYNTH_USER_03,2862511D-64D9-66CA-0000-000000000018,4EFE8209-44E4-259E-0000-000000000002,240,3FEE5672-5C70-FA42-0000-000000000001,7B381092-3448-7502-0000-000000000001,060AF0E2-3E2B-78FF-0000-000000000003,1096,,307DEFEB-9888-F474-0000-00000000008F,1,60000,SYNTH_USER_03,2026-08-17 07:08:09.000,19,0,3E0962B5-AC50-949D-0000-000000000001,RESEARCH,2026-05-06 00:00:00.000,5E17C0D9-C442-D187-0000-000000000005,6150BF96-A38D-C838-0000-000000000004,SYNTH_USER_01,2026-08-29 04:34:57.000,2026-09-25 10:23:53.000,FALSE
515759EC-ECE3-E30C-0000-000000000019,PENDING,0,128FB883-C2F8-1156-0000-000000000006,4E233B1E-7199-6186-0000-000000000008,,SYNTHETIC — hackathon mock data,,RND_MOCK,SYN-TL-0025,SYNTH_USER_01,Synthetic maize performance trial 0025,1001,SYN-TR-0025,,S025,1001,PLANNED,,2026-05-30 13:00:39.000,25,2,0,1,QUALITY,2026,2026-04-13 00:00:00.000,049E4771-4A50-6370-0000-000000000001,64B14384-EB55-1734-0000-000000000001,3EB33171-39DC-E9CD-0000-000000000008,128FB883-C2F8-1156-0000-000000000001,SYNTH_USER_01,2862511D-64D9-66CA-0000-000000000019,4EFE8209-44E4-259E-0000-000000000001,250,3FEE5672-5C70-FA42-0000-000000000002,7B381092-3448-7502-0000-000000000002,060AF0E2-3E2B-78FF-0000-000000000003,1072,,307DEFEB-9888-F474-0000-000000000091,1,60000,SYNTH_USER_01,2026-04-26 12:47:11.000,16,0,3E0962B5-AC50-949D-0000-000000000002,RESEARCH,2026-04-13 00:00:00.000,5E17C0D9-C442-D187-0000-000000000001,6150BF96-A38D-C838-0000-000000000005,SYNTH_USER_04,2026-08-12 21:42:38.000,2026-09-25 12:22:08.000,FALSE
515759EC-ECE3-E30C-0000-00000000001A,,0,128FB883-C2F8-1156-0000-000000000006,4E233B1E-7199-6186-0000-000000000009,,SYNTHETIC — hackathon mock data,,RND_MOCK,SYN-TL-0026,SYNTH_USER_04,Synthetic maize performance trial 0026,1001,SYN-TR-0026,,S026,1001,PLANNED,,2026-07-10 16:37:58.000,26,2,0,1,QUALITY,2026,2026-05-19 00:00:00.000,049E4771-4A50-6370-0000-000000000002,64B14384-EB55-1734-0000-000000000001,3EB33171-39DC-E9CD-0000-000000000009,128FB883-C2F8-1156-0000-000000000006,SYNTH_USER_01,2862511D-64D9-66CA-0000-00000000001A,4EFE8209-44E4-259E-0000-000000000004,260,3FEE5672-5C70-FA42-0000-000000000003,7B381092-3448-7502-0000-000000000003,060AF0E2-3E2B-78FF-0000-000000000092,1048,,307DEFEB-9888-F474-0000-000000000016,1,60000,SYNTH_USER_01,2026-07-07 15:16:14.000,21,0,3E0962B5-AC50-949D-0000-000000000003,RESEARCH,2026-05-19 00:00:00.000,5E17C0D9-C442-D187-0000-000000000002,6150BF96-A38D-C838-0000-000000000006,SYNTH_USER_04,2026-05-28 16:22:45.000,2026-09-25 18:36:53.000,FALSE
515759EC-ECE3-E30C-0000-00000000001B,APPROVED,0,128FB883-C2F8-1156-0000-000000000003,4E233B1E-7199-6186-0000-000000000001,,SYNTHETIC — hackathon mock data,,RND_MOCK,SYN-TL-0027,SYNTH_USER_02,Synthetic maize performance trial 0027,1001,SYN-TR-0027,,S027,1001,PLANNED,,2026-06-14 23:12:49.000,27,3,0,1,DISEASE,2024,2024-06-14 00:00:00.000,049E4771-4A50-6370-0000-000000000003,64B14384-EB55-1734-0000-000000000001,3EB33171-39DC-E9CD-0000-00000000000A,128FB883-C2F8-1156-0000-000000000003,SYNTH_USER_02,2862511D-64D9-66CA-0000-00000000001B,4EFE8209-44E4-259E-0000-000000000004,270,3FEE5672-5C70-FA42-0000-000000000004,7B381092-3448-7502-0000-000000000004,060AF0E2-3E2B-78FF-0000-000000000078,1072,,307DEFEB-9888-F474-0000-000000000017,1,70000,SYNTH_USER_03,2026-04-04 01:43:38.000,24,0,3E0962B5-AC50-949D-0000-000000000004,RESEARCH,2024-06-14 00:00:00.000,5E17C0D9-C442-D187-0000-000000000003,6150BF96-A38D-C838-0000-000000000007,SYNTH_USER_01,2026-01-31 01:15:20.000,2026-09-24 23:12:45.000,FALSE
515759EC-ECE3-E30C-0000-00000000001C,,0,128FB883-C2F8-1156-0000-000000000006,4E233B1E-7199-6186-0000-000000000002,,SYNTHETIC — hackathon mock data,,RND_MOCK,SYN-TL-0028,SYNTH_USER_01,Synthetic maize performance trial 0028,1001,SYN-TR-0028,,S028,1001,ACTIVE,,2026-09-13 23:22:15.000,28,3,0,1,QUALITY,2025,2025-04-14 00:00:00.000,049E4771-4A50-6370-0000-000000000004,64B14384-EB55-1734-0000-000000000001,3EB33171-39DC-E9CD-0000-00000000000B,128FB883-C2F8-1156-0000-000000000006,SYNTH_USER_02,2862511D-64D9-66CA-0000-00000000001C,4EFE8209-44E4-259E-0000-000000000002,280,3FEE5672-5C70-FA42-0000-000000000005,7B381092-3448-7502-0000-000000000005,060AF0E2-3E2B-78FF-0000-00000000007D,1048,,307DEFEB-9888-F474-0000-00000000008E,1,55000,SYNTH_USER_01,2025-04-29 14:23:24.000,16,0,3E0962B5-AC50-949D-0000-000000000001,RESEARCH,2025-04-14 00:00:00.000,5E17C0D9-C442-D187-0000-000000000004,6150BF96-A38D-C838-0000-000000000001,SYNTH_USER_04,2026-06-15 12:19:22.000,2026-09-24 14:10:21.000,FALSE
515759EC-ECE3-E30C-0000-00000000001D,APPROVED,0,128FB883-C2F8-1156-0000-000000000005,4E233B1E-7199-6186-0000-000000000003,,SYNTHETIC — hackathon mock data,,RND_MOCK,SYN-TL-0029,SYNTH_USER_02,Synthetic maize performance trial 0029,1001,SYN-TR-0029,,S029,1001,COMPLETE,,2025-01-29 13:10:35.000,29,3,0,1,YIELD,2024,2024-04-01 00:00:00.000,049E4771-4A50-6370-0000-000000000005,64B14384-EB55-1734-0000-000000000001,3EB33171-39DC-E9CD-0000-00000000000C,128FB883-C2F8-1156-0000-000000000002,SYNTH_USER_01,2862511D-64D9-66CA-0000-00000000001D,4EFE8209-44E4-259E-0000-000000000002,290,3FEE5672-5C70-FA42-0000-000000000006,7B381092-3448-7502-0000-000000000006,060AF0E2-3E2B-78FF-0000-000000000059,1096,,307DEFEB-9888-F474-0000-000000000021,1,60000,SYNTH_USER_04,2025-04-17 01:07:15.000,14,0,3E0962B5-AC50-949D-0000-000000000002,RESEARCH,2024-04-01 00:00:00.000,5E17C0D9-C442-D187-0000-000000000005,6150BF96-A38D-C838-0000-000000000002,SYNTH_USER_04,2025-10-15 15:37:45.000,2026-09-22 07:05:05.000,FALSE
515759EC-ECE3-E30C-0000-00000000001E,,0,128FB883-C2F8-1156-0000-000000000003,4E233B1E-7199-6186-0000-000000000004,,SYNTHETIC — hackathon mock data,,RND_MOCK,SYN-TL-0030,SYNTH_USER_03,Synthetic maize performance trial 0030,1001,SYN-TR-0030,,S030,1001,PLANNED,,2026-05-31 21:17:45.000,30,2,0,1,DISEASE,2026,2026-05-22 00:00:00.000,049E4771-4A50-6370-0000-000000000001,64B14384-EB55-1734-0000-000000000001,3EB33171-39DC-E9CD-0000-00000000000D,128FB883-C2F8-1156-0000-000000000004,SYNTH_USER_03,2862511D-64D9-66CA-0000-00000000001E,4EFE8209-44E4-259E-0000-000000000001,300,3FEE5672-5C70-FA42-0000-000000000001,7B381092-3448-7502-0000-000000000007,060AF0E2-3E2B-78FF-0000-000000000057,1072,,307DEFEB-9888-F474-0000-000000000090,1,70000,SYNTH_USER_01,2026-08-24 18:33:21.000,21,0,3E0962B5-AC50-949D-0000-000000000003,RESEARCH,2026-05-22 00:00:00.000,5E17C0D9-C442-D187-0000-000000000001,6150BF96-A38D-C838-0000-000000000003,SYNTH_USER_03,2026-06-18 00:53:53.000,2026-09-25 13:24:30.000,FALSE
515759EC-ECE3-E30C-0000-00000000001F,,0,128FB883-C2F8-1156-0000-000000000001,4E233B1E-7199-6186-0000-000000000005,,SYNTHETIC — hackathon mock data,,RND_MOCK,SYN-TL-0031,SYNTH_USER_03,Synthetic maize performance trial 0031,1001,SYN-TR-0031,,S031,1001,ACTIVE,,2026-08-24 13:17:23.000,31,3,0,1,QUALITY,2026,2026-06-12 00:00:00.000,049E4771-4A50-6370-0000-000000000002,64B14384-EB55-1734-0000-000000000001,3EB33171-39DC-E9CD-0000-00000000000E,128FB883-C2F8-1156-0000-000000000005,SYNTH_USER_01,2862511D-64D9-66CA-0000-00000000001F,4EFE8209-44E4-259E-0000-000000000001,310,3FEE5672-5C70-FA42-0000-000000000002,7B381092-3448-7502-0000-000000000008,060AF0E2-3E2B-78FF-0000-000000000060,1072,,307DEFEB-9888-F474-0000-000000000019,1,65000,SYNTH_USER_03,2026-06-29 15:36:55.000,24,0,3E0962B5-AC50-949D-0000-000000000004,RESEARCH,2026-06-12 00:00:00.000,5E17C0D9-C442-D187-0000-000000000002,6150BF96-A38D-C838-0000-000000000004,SYNTH_USER_03,2026-08-15 01:11:11.000,2026-09-23 00:55:27.000,FALSE
515759EC-ECE3-E30C-0000-000000000020,,0,128FB883-C2F8-1156-0000-000000000004,4E233B1E-7199-6186-0000-000000000006,,SYNTHETIC — hackathon mock data,,RND_MOCK,SYN-TL-0032,SYNTH_USER_02,Synthetic maize performance trial 0032,1001,SYN-TR-0032,,S032,1001,ACTIVE,,2025-06-11 15:36:59.000,32,3,0,1,YIELD,2025,2025-05-09 00:00:00.000,049E4771-4A50-6370-0000-000000000003,64B14384-EB55-1734-0000-000000000001,3EB33171-39DC-E9CD-0000-00000000000F,128FB883-C2F8-1156-0000-000000000005,SYNTH_USER_01,2862511D-64D9-66CA-0000-000000000020,4EFE8209-44E4-259E-0000-000000000003,320,3FEE5672-5C70-FA42-0000-000000000003,7B381092-3448-7502-0000-000000000009,060AF0E2-3E2B-78FF-0000-00000000001B,1048,,307DEFEB-9888-F474-0000-00000000004D,1,60000,SYNTH_USER_01,2026-01-12 09:36:59.000,19,0,3E0962B5-AC50-949D-0000-000000000001,RESEARCH,2025-05-09 00:00:00.000,5E17C0D9-C442-D187-0000-000000000003,6150BF96-A38D-C838-0000-000000000005,SYNTH_USER_01,2025-10-27 22:33:20.000,2026-09-23 16:34:26.000,FALSE
515759EC-ECE3-E30C-0000-000000000021,APPROVED,0,128FB883-C2F8-1156-0000-000000000006,4E233B1E-7199-6186-0000-000000000007,,SYNTHETIC — hackathon mock data,,RND_MOCK,SYN-TL-0033,SYNTH_USER_03,Synthetic maize performance trial 0033,1001,SYN-TR-0033,,S033,1001,PLANNED,,2025-08-20 19:21:19.000,33,3,0,1,DISEASE,2025,2025-04-12 00:00:00.000,049E4771-4A50-6370-0000-000000000004,64B14384-EB55-1734-0000-000000000001,3EB33171-39DC-E9CD-0000-000000000010,128FB883-C2F8-1156-0000-000000000003,SYNTH_USER_02,2862511D-64D9-66CA-0000-000000000021,4EFE8209-44E4-259E-0000-000000000002,330,3FEE5672-5C70-FA42-0000-000000000004,7B381092-3448-7502-0000-00000000000A,060AF0E2-3E2B-78FF-0000-000000000034,1096,,307DEFEB-9888-F474-0000-000000000072,1,60000,SYNTH_USER_03,2025-12-07 14:04:45.000,15,0,3E0962B5-AC50-949D-0000-000000000002,RESEARCH,2025-04-12 00:00:00.000,5E17C0D9-C442-D187-0000-000000000004,6150BF96-A38D-C838-0000-000000000006,SYNTH_USER_01,2025-08-12 14:59:08.000,2026-09-25 23:46:59.000,FALSE
515759EC-ECE3-E30C-0000-000000000022,APPROVED,0,128FB883-C2F8-1156-0000-000000000001,4E233B1E-7199-6186-0000-000000000008,,SYNTHETIC — hackathon mock data,,RND_MOCK,SYN-TL-0034,SYNTH_USER_04,Synthetic maize performance trial 0034,1001,SYN-TR-0034,,S034,1001,PLANNED,,2024-11-06 22:49:47.000,34,2,0,1,YIELD,2024,2024-05-21 00:00:00.000,049E4771-4A50-6370-0000-000000000005,64B14384-EB55-1734-0000-000000000001,3EB33171-39DC-E9CD-0000-000000000011,128FB883-C2F8-1156-0000-000000000002,SYNTH_USER_03,2862511D-64D9-66CA-0000-000000000022,4EFE8209-44E4-259E-0000-000000000002,340,3FEE5672-5C70-FA42-0000-000000000005,7B381092-3448-7502-0000-00000000000B,060AF0E2-3E2B-78FF-0000-00000000000C,1048,,307DEFEB-9888-F474-0000-000000000063,1,60000,SYNTH_USER_04,2025-08-14 12:52:41.000,21,0,3E0962B5-AC50-949D-0000-000000000003,RESEARCH,2024-05-21 00:00:00.000,5E17C0D9-C442-D187-0000-000000000005,6150BF96-A38D-C838-0000-000000000007,SYNTH_USER_03,2025-02-27 05:45:15.000,2026-09-23 19:31:03.000,FALSE
515759EC-ECE3-E30C-0000-000000000023,,0,128FB883-C2F8-1156-0000-000000000003,4E233B1E-7199-6186-0000-000000000009,,SYNTHETIC — hackathon mock data,,RND_MOCK,SYN-TL-0035,SYNTH_USER_04,Synthetic maize performance trial 0035,1001,SYN-TR-0035,,S035,1001,COMPLETE,,2025-11-02 21:19:40.000,35,3,0,1,DISEASE,2024,2024-06-09 00:00:00.000,049E4771-4A50-6370-0000-000000000001,64B14384-EB55-1734-0000-000000000001,3EB33171-39DC-E9CD-0000-000000000012,128FB883-C2F8-1156-0000-000000000004,SYNTH_USER_02,2862511D-64D9-66CA-0000-000000000023,4EFE8209-44E4-259E-0000-000000000001,350,3FEE5672-5C70-FA42-0000-000000000006,7B381092-3448-7502-0000-00000000000C,060AF0E2-3E2B-78FF-0000-00000000000C,1072,,307DEFEB-9888-F474-0000-000000000035,1,60000,SYNTH_USER_02,2025-07-22 06:04:01.000,23,0,3E0962B5-AC50-949D-0000-000000000004,RESEARCH,2024-06-09 00:00:00.000,5E17C0D9-C442-D187-0000-000000000001,6150BF96-A38D-C838-0000-000000000001,SYNTH_USER_03,2026-03-25 16:51:32.000,2026-09-25 12:36:34.000,FALSE
515759EC-ECE3-E30C-0000-000000000024,APPROVED,0,128FB883-C2F8-1156-0000-000000000001,4E233B1E-7199-6186-0000-000000000001,,SYNTHETIC — hackathon mock data,,RND_MOCK,SYN-TL-0036,SYNTH_USER_02,Synthetic maize performance trial 0036,1001,SYN-TR-0036,,S036,1001,PLANNED,,2024-11-11 09:33:32.000,36,4,0,1,QUALITY,2024,2024-04-19 00:00:00.000,049E4771-4A50-6370-0000-000000000002,64B14384-EB55-1734-0000-000000000001,3EB33171-39DC-E9CD-0000-000000000001,128FB883-C2F8-1156-0000-000000000003,SYNTH_USER_04,2862511D-64D9-66CA-0000-000000000024,4EFE8209-44E4-259E-0000-000000000002,360,3FEE5672-5C70-FA42-0000-000000000001,7B381092-3448-7502-0000-000000000001,060AF0E2-3E2B-78FF-0000-000000000053,1096,,307DEFEB-9888-F474-0000-00000000002F,1,55000,SYNTH_USER_02,2026-07-19 03:37:01.000,16,0,3E0962B5-AC50-949D-0000-000000000001,RESEARCH,2024-04-19 00:00:00.000,5E17C0D9-C442-D187-0000-000000000002,6150BF96-A38D-C838-0000-000000000002,SYNTH_USER_03,2024-05-17 10:04:30.000,2026-09-24 00:33:19.000,FALSE
515759EC-ECE3-E30C-0000-000000000025,,0,128FB883-C2F8-1156-0000-000000000003,4E233B1E-7199-6186-0000-000000000002,,SYNTHETIC — hackathon mock data,,RND_MOCK,SYN-TL-0037,SYNTH_USER_03,Synthetic maize performance trial 0037,1001,SYN-TR-0037,,S037,1001,PLANNED,,2026-02-22 03:59:07.000,37,4,0,1,YIELD,2024,2024-04-19 00:00:00.000,049E4771-4A50-6370-0000-000000000003,64B14384-EB55-1734-0000-000000000001,3EB33171-39DC-E9CD-0000-000000000002,128FB883-C2F8-1156-0000-000000000005,SYNTH_USER_04,2862511D-64D9-66CA-0000-000000000025,4EFE8209-44E4-259E-0000-000000000001,370,3FEE5672-5C70-FA42-0000-000000000002,7B381092-3448-7502-0000-000000000002,060AF0E2-3E2B-78FF-0000-000000000026,1072,,307DEFEB-9888-F474-0000-00000000003E,1,55000,SYNTH_USER_03,2024-08-26 13:51:01.000,16,0,3E0962B5-AC50-949D-0000-000000000002,RESEARCH,2024-04-19 00:00:00.000,5E17C0D9-C442-D187-0000-000000000003,6150BF96-A38D-C838-0000-000000000003,SYNTH_USER_03,2026-07-01 01:30:51.000,2026-09-24 17:24:53.000,FALSE
515759EC-ECE3-E30C-0000-000000000026,,0,128FB883-C2F8-1156-0000-000000000002,4E233B1E-7199-6186-0000-000000000003,,SYNTHETIC — hackathon mock data,,RND_MOCK,SYN-TL-0038,SYNTH_USER_03,Synthetic maize performance trial 0038,1001,SYN-TR-0038,,S038,1001,PLANNED,,2025-08-27 00:02:37.000,38,4,0,1,YIELD,2024,2024-04-15 00:00:00.000,049E4771-4A50-6370-0000-000000000004,64B14384-EB55-1734-0000-000000000001,3EB33171-39DC-E9CD-0000-000000000003,128FB883-C2F8-1156-0000-000000000001,SYNTH_USER_03,2862511D-64D9-66CA-0000-000000000026,4EFE8209-44E4-259E-0000-000000000002,380,3FEE5672-5C70-FA42-0000-000000000003,7B381092-3448-7502-0000-000000000003,060AF0E2-3E2B-78FF-0000-000000000011,1096,,307DEFEB-9888-F474-0000-000000000082,1,60000,SYNTH_USER_03,2024-05-19 17:24:20.000,16,0,3E0962B5-AC50-949D-0000-000000000003,RESEARCH,2024-04-15 00:00:00.000,5E17C0D9-C442-D187-0000-000000000004,6150BF96-A38D-C838-0000-000000000004,SYNTH_USER_01,2025-12-26 00:48:52.000,2026-09-23 16:49:18.000,FALSE
515759EC-ECE3-E30C-0000-000000000027,PENDING,0,128FB883-C2F8-1156-0000-000000000001,4E233B1E-7199-6186-0000-000000000004,,SYNTHETIC — hackathon mock data,,RND_MOCK,SYN-TL-0039,SYNTH_USER_02,Synthetic maize performance trial 0039,1001,SYN-TR-0039,,S039,1001,PLANNED,,2026-06-10 02:16:25.000,39,2,0,1,YIELD,2026,2026-05-01 00:00:00.000,049E4771-4A50-6370-0000-000000000005,64B14384-EB55-1734-0000-000000000001,3EB33171-39DC-E9CD-0000-000000000004,128FB883-C2F8-1156-0000-000000000004,SYNTH_USER_02,2862511D-64D9-66CA-0000-000000000027,4EFE8209-44E4-259E-0000-000000000002,390,3FEE5672-5C70-FA42-0000-000000000004,7B381092-3448-7502-0000-000000000004,060AF0E2-3E2B-78FF-0000-000000000059,1096,,307DEFEB-9888-F474-0000-000000000071,1,55000,SYNTH_USER_02,2026-06-01 08:26:14.000,18,0,3E0962B5-AC50-949D-0000-000000000004,RESEARCH,2026-05-01 00:00:00.000,5E17C0D9-C442-D187-0000-000000000005,6150BF96-A38D-C838-0000-000000000005,SYNTH_USER_03,2026-08-03 22:56:07.000,2026-09-22 18:02:23.000,FALSE
515759EC-ECE3-E30C-0000-000000000028,,0,128FB883-C2F8-1156-0000-000000000005,4E233B1E-7199-6186-0000-000000000005,,SYNTHETIC — hackathon mock data,,RND_MOCK,SYN-TL-0040,SYNTH_USER_03,Synthetic maize performance trial 0040,1001,SYN-TR-0040,,S040,1001,PLANNED,,2026-06-11 04:11:02.000,40,3,0,1,DISEASE,2025,2025-05-05 00:00:00.000,049E4771-4A50-6370-0000-000000000001,64B14384-EB55-1734-0000-000000000001,3EB33171-39DC-E9CD-0000-000000000005,128FB883-C2F8-1156-0000-000000000006,SYNTH_USER_01,2862511D-64D9-66CA-0000-000000000028,4EFE8209-44E4-259E-0000-000000000001,400,3FEE5672-5C70-FA42-0000-000000000005,7B381092-3448-7502-0000-000000000005,060AF0E2-3E2B-78FF-0000-000000000006,1096,,307DEFEB-9888-F474-0000-000000000045,1,70000,SYNTH_USER_04,2025-08-31 01:29:02.000,19,0,3E0962B5-AC50-949D-0000-000000000001,RESEARCH,2025-05-05 00:00:00.000,5E17C0D9-C442-D187-0000-000000000001,6150BF96-A38D-C838-0000-000000000006,SYNTH_USER_01,2026-01-13 23:35:30.000,2026-09-24 21:17:24.000,FALSE
515759EC-ECE3-E30C-0000-000000000029,PENDING,0,128FB883-C2F8-1156-0000-000000000004,4E233B1E-7199-6186-0000-000000000006,,SYNTHETIC — hackathon mock data,,RND_MOCK,SYN-TL-0041,SYNTH_USER_03,Synthetic maize performance trial 0041,1001,SYN-TR-0041,,S041,1001,PLANNED,,2025-09-06 02:00:58.000,41,4,0,1,DISEASE,2025,2025-05-16 00:00:00.000,049E4771-4A50-6370-0000-000000000002,64B14384-EB55-1734-0000-000000000001,3EB33171-39DC-E9CD-0000-000000000006,128FB883-C2F8-1156-0000-000000000001,SYNTH_USER_04,2862511D-64D9-66CA-0000-000000000029,4EFE8209-44E4-259E-0000-000000000001,410,3FEE5672-5C70-FA42-0000-000000000006,7B381092-3448-7502-0000-000000000006,060AF0E2-3E2B-78FF-0000-000000000025,1048,,307DEFEB-9888-F474-0000-000000000053,1,60000,SYNTH_USER_03,2026-05-12 16:58:15.000,20,0,3E0962B5-AC50-949D-0000-000000000002,RESEARCH,2025-05-16 00:00:00.000,5E17C0D9-C442-D187-0000-000000000002,6150BF96-A38D-C838-0000-000000000007,SYNTH_USER_04,2025-10-12 06:51:24.000,2026-09-24 07:13:26.000,FALSE
515759EC-ECE3-E30C-0000-00000000002A,PENDING,0,128FB883-C2F8-1156-0000-000000000002,4E233B1E-7199-6186-0000-000000000007,,SYNTHETIC — hackathon mock data,,RND_MOCK,SYN-TL-0042,SYNTH_USER_04,Synthetic maize performance trial 0042,1001,SYN-TR-0042,,S042,1001,PLANNED,,2026-08-29 22:01:43.000,42,2,0,1,DISEASE,2026,2026-04-23 00:00:00.000,049E4771-4A50-6370-0000-000000000003,64B14384-EB55-1734-0000-000000000001,3EB33171-39DC-E9CD-0000-000000000007,128FB883-C2F8-1156-0000-000000000004,SYNTH_USER_02,2862511D-64D9-66CA-0000-00000000002A,4EFE8209-44E4-259E-0000-000000000004,420,3FEE5672-5C70-FA42-0000-000000000001,7B381092-3448-7502-0000-000000000007,060AF0E2-3E2B-78FF-0000-00000000008D,1072,,307DEFEB-9888-F474-0000-000000000005,1,65000,SYNTH_USER_04,2026-06-03 02:57:25.000,17,0,3E0962B5-AC50-949D-0000-000000000003,RESEARCH,2026-04-23 00:00:00.000,5E17C0D9-C442-D187-0000-000000000003,6150BF96-A38D-C838-0000-000000000001,SYNTH_USER_02,2026-07-21 08:32:23.000,2026-09-22 12:55:01.000,FALSE
515759EC-ECE3-E30C-0000-00000000002B,,0,128FB883-C2F8-1156-0000-000000000006,4E233B1E-7199-6186-0000-000000000008,,SYNTHETIC — hackathon mock data,,RND_MOCK,SYN-TL-0043,SYNTH_USER_04,Synthetic maize performance trial 0043,1001,SYN-TR-0043,,S043,1001,COMPLETE,,2024-12-15 13:58:48.000,43,4,0,1,DISEASE,2024,2024-05-23 00:00:00.000,049E4771-4A50-6370-0000-000000000004,64B14384-EB55-1734-0000-000000000001,3EB33171-39DC-E9CD-0000-000000000008,128FB883-C2F8-1156-0000-000000000002,SYNTH_USER_03,2862511D-64D9-66CA-0000-00000000002B,4EFE8209-44E4-259E-0000-000000000003,430,3FEE5672-5C70-FA42-0000-000000000002,7B381092-3448-7502-0000-000000000008,060AF0E2-3E2B-78FF-0000-000000000015,1096,,307DEFEB-9888-F474-0000-000000000046,1,65000,SYNTH_USER_04,2025-12-18 06:49:24.000,21,0,3E0962B5-AC50-949D-0000-000000000004,RESEARCH,2024-05-23 00:00:00.000,5E17C0D9-C442-D187-0000-000000000004,6150BF96-A38D-C838-0000-000000000002,SYNTH_USER_02,2025-03-10 05:59:54.000,2026-09-23 09:25:04.000,FALSE
515759EC-ECE3-E30C-0000-00000000002C,PENDING,0,128FB883-C2F8-1156-0000-000000000002,4E233B1E-7199-6186-0000-000000000009,,SYNTHETIC — hackathon mock data,,RND_MOCK,SYN-TL-0044,SYNTH_USER_01,Synthetic maize performance trial 0044,1001,SYN-TR-0044,,S044,1001,PLANNED,,2026-07-28 11:32:57.000,44,2,0,1,DISEASE,2026,2026-06-14 00:00:00.000,049E4771-4A50-6370-0000-000000000005,64B14384-EB55-1734-0000-000000000001,3EB33171-39DC-E9CD-0000-000000000009,128FB883-C2F8-1156-0000-000000000005,SYNTH_USER_01,2862511D-64D9-66CA-0000-00000000002C,4EFE8209-44E4-259E-0000-000000000003,440,3FEE5672-5C70-FA42-0000-000000000003,7B381092-3448-7502-0000-000000000009,060AF0E2-3E2B-78FF-0000-00000000002E,1048,,307DEFEB-9888-F474-0000-000000000020,1,60000,SYNTH_USER_03,2026-07-27 19:45:15.000,24,0,3E0962B5-AC50-949D-0000-000000000001,RESEARCH,2026-06-14 00:00:00.000,5E17C0D9-C442-D187-0000-000000000005,6150BF96-A38D-C838-0000-000000000003,SYNTH_USER_04,2026-08-04 08:44:52.000,2026-09-25 05:37:49.000,FALSE
515759EC-ECE3-E30C-0000-00000000002D,PENDING,0,128FB883-C2F8-1156-0000-000000000002,4E233B1E-7199-6186-0000-000000000001,,SYNTHETIC — hackathon mock data,,RND_MOCK,SYN-TL-0045,SYNTH_USER_04,Synthetic maize performance trial 0045,1001,SYN-TR-0045,,S045,1001,ACTIVE,,2025-08-10 23:12:27.000,45,3,0,1,DISEASE,2024,2024-06-24 00:00:00.000,049E4771-4A50-6370-0000-000000000001,64B14384-EB55-1734-0000-000000000001,3EB33171-39DC-E9CD-0000-00000000000A,128FB883-C2F8-1156-0000-000000000003,SYNTH_USER_02,2862511D-64D9-66CA-0000-00000000002D,4EFE8209-44E4-259E-0000-000000000001,450,3FEE5672-5C70-FA42-0000-000000000004,7B381092-3448-7502-0000-00000000000A,060AF0E2-3E2B-78FF-0000-00000000004E,1048,,307DEFEB-9888-F474-0000-000000000092,1,55000,SYNTH_USER_01,2025-07-15 16:41:06.000,26,0,3E0962B5-AC50-949D-0000-000000000002,RESEARCH,2024-06-24 00:00:00.000,5E17C0D9-C442-D187-0000-000000000001,6150BF96-A38D-C838-0000-000000000004,SYNTH_USER_04,2025-10-09 13:25:12.000,2026-09-25 06:44:50.000,FALSE
515759EC-ECE3-E30C-0000-00000000002E,APPROVED,0,128FB883-C2F8-1156-0000-000000000004,4E233B1E-7199-6186-0000-000000000002,,SYNTHETIC — hackathon mock data,,RND_MOCK,SYN-TL-0046,SYNTH_USER_03,Synthetic maize performance trial 0046,1001,SYN-TR-0046,,S046,1001,COMPLETE,,2026-04-29 02:31:09.000,46,4,0,1,QUALITY,2025,2025-05-24 00:00:00.000,049E4771-4A50-6370-0000-000000000002,64B14384-EB55-1734-0000-000000000001,3EB33171-39DC-E9CD-0000-00000000000B,128FB883-C2F8-1156-0000-000000000003,SYNTH_USER_02,2862511D-64D9-66CA-0000-00000000002E,4EFE8209-44E4-259E-0000-000000000003,460,3FEE5672-5C70-FA42-0000-000000000005,7B381092-3448-7502-0000-00000000000B,060AF0E2-3E2B-78FF-0000-000000000081,1048,,307DEFEB-9888-F474-0000-00000000005F,1,55000,SYNTH_USER_04,2026-01-06 08:49:30.000,21,0,3E0962B5-AC50-949D-0000-000000000003,RESEARCH,2025-05-24 00:00:00.000,5E17C0D9-C442-D187-0000-000000000002,6150BF96-A38D-C838-0000-000000000005,SYNTH_USER_02,2025-05-24 07:01:43.000,2026-09-25 11:22:05.000,FALSE
515759EC-ECE3-E30C-0000-00000000002F,PENDING,0,128FB883-C2F8-1156-0000-000000000005,4E233B1E-7199-6186-0000-000000000003,,SYNTHETIC — hackathon mock data,,RND_MOCK,SYN-TL-0047,SYNTH_USER_04,Synthetic maize performance trial 0047,1001,SYN-TR-0047,,S047,1001,COMPLETE,,2026-07-16 16:34:50.000,47,3,0,1,YIELD,2026,2026-06-13 00:00:00.000,049E4771-4A50-6370-0000-000000000003,64B14384-EB55-1734-0000-000000000001,3EB33171-39DC-E9CD-0000-00000000000C,128FB883-C2F8-1156-0000-000000000004,SYNTH_USER_03,2862511D-64D9-66CA-0000-00000000002F,4EFE8209-44E4-259E-0000-000000000002,470,3FEE5672-5C70-FA42-0000-000000000006,7B381092-3448-7502-0000-00000000000C,060AF0E2-3E2B-78FF-0000-00000000000D,1048,,307DEFEB-9888-F474-0000-00000000008F,1,70000,SYNTH_USER_04,2026-07-24 08:09:13.000,24,0,3E0962B5-AC50-949D-0000-000000000004,RESEARCH,2026-06-13 00:00:00.000,5E17C0D9-C442-D187-0000-000000000003,6150BF96-A38D-C838-0000-000000000006,SYNTH_USER_04,2026-06-18 06:34:45.000,2026-09-22 09:36:04.000,FALSE
515759EC-ECE3-E30C-0000-000000000030,PENDING,0,128FB883-C2F8-1156-0000-000000000002,4E233B1E-7199-6186-0000-000000000004,,SYNTHETIC — hackathon mock data,,RND_MOCK,SYN-TL-0048,SYNTH_USER_03,Synthetic maize performance trial 0048,1001,SYN-TR-0048,,S048,1001,COMPLETE,,2025-12-02 08:33:40.000,48,4,0,1,YIELD,2025,2025-04-22 00:00:00.000,049E4771-4A50-6370-0000-000000000004,64B14384-EB55-1734-0000-000000000001,3EB33171-39DC-E9CD-0000-00000000000D,128FB883-C2F8-1156-0000-000000000003,SYNTH_USER_03,2862511D-64D9-66CA-0000-000000000030,4EFE8209-44E4-259E-0000-000000000001,480,3FEE5672-5C70-FA42-0000-000000000001,7B381092-3448-7502-0000-000000000001,060AF0E2-3E2B-78FF-0000-000000000088,1096,,307DEFEB-9888-F474-0000-000000000069,1,70000,SYNTH_USER_03,2026-05-23 18:44:59.000,17,0,3E0962B5-AC50-949D-0000-000000000001,RESEARCH,2025-04-22 00:00:00.000,5E17C0D9-C442-D187-0000-000000000004,6150BF96-A38D-C838-0000-000000000007,SYNTH_USER_02,2026-04-07 12:37:31.000,2026-09-25 12:51:18.000,FALSE
515759EC-ECE3-E30C-0000-000000000031,,0,128FB883-C2F8-1156-0000-000000000002,4E233B1E-7199-6186-0000-000000000005,,SYNTHETIC — hackathon mock data,,RND_MOCK,SYN-TL-0049,SYNTH_USER_03,Synthetic maize performance trial 0049,1001,SYN-TR-0049,,S049,1001,ACTIVE,,2025-02-15 21:40:12.000,49,4,0,1,QUALITY,2024,2024-05-13 00:00:00.000,049E4771-4A50-6370-0000-000000000005,64B14384-EB55-1734-0000-000000000001,3EB33171-39DC-E9CD-0000-00000000000E,128FB883-C2F8-1156-0000-000000000002,SYNTH_USER_02,2862511D-64D9-66CA-0000-000000000031,4EFE8209-44E4-259E-0000-000000000002,490,3FEE5672-5C70-FA42-0000-000000000002,7B381092-3448-7502-0000-000000000002,060AF0E2-3E2B-78FF-0000-00000000006C,1048,,307DEFEB-9888-F474-0000-00000000005D,1,60000,SYNTH_USER_03,2025-12-23 12:22:44.000,20,0,3E0962B5-AC50-949D-0000-000000000002,RESEARCH,2024-05-13 00:00:00.000,5E17C0D9-C442-D187-0000-000000000005,6150BF96-A38D-C838-0000-000000000001,SYNTH_USER_02,2026-02-18 18:51:32.000,2026-09-24 20:26:43.000,FALSE
515759EC-ECE3-E30C-0000-000000000032,APPROVED,0,128FB883-C2F8-1156-0000-000000000004,4E233B1E-7199-6186-0000-000000000006,,SYNTHETIC — hackathon mock data,,RND_MOCK,SYN-TL-0050,SYNTH_USER_02,Synthetic maize performance trial 0050,1001,SYN-TR-0050,,S050,1001,COMPLETE,,2025-03-02 16:51:44.000,50,3,0,1,DISEASE,2024,2024-04-06 00:00:00.000,049E4771-4A50-6370-0000-000000000001,64B14384-EB55-1734-0000-000000000001,3EB33171-39DC-E9CD-0000-00000000000F,128FB883-C2F8-1156-0000-000000000003,SYNTH_USER_03,2862511D-64D9-66CA-0000-000000000032,4EFE8209-44E4-259E-0000-000000000001,500,3FEE5672-5C70-FA42-0000-000000000003,7B381092-3448-7502-0000-000000000003,060AF0E2-3E2B-78FF-0000-000000000059,1072,,307DEFEB-9888-F474-0000-000000000028,1,65000,SYNTH_USER_01,2026-08-01 06:47:22.000,14,0,3E0962B5-AC50-949D-0000-000000000003,RESEARCH,2024-04-06 00:00:00.000,5E17C0D9-C442-D187-0000-000000000001,6150BF96-A38D-C838-0000-000000000002,SYNTH_USER_04,2025-04-17 05:34:49.000,2026-09-22 14:33:49.000,FALSE
515759EC-ECE3-E30C-0000-000000000033,APPROVED,0,128FB883-C2F8-1156-0000-000000000003,4E233B1E-7199-6186-0000-000000000007,,SYNTHETIC — hackathon mock data,,RND_MOCK,SYN-TL-0051,SYNTH_USER_02,Synthetic maize performance trial 0051,1001,SYN-TR-0051,,S051,1001,ACTIVE,,2026-07-23 07:54:37.000,51,2,0,1,QUALITY,2026,2026-06-15 00:00:00.000,049E4771-4A50-6370-0000-000000000002,64B14384-EB55-1734-0000-000000000001,3EB33171-39DC-E9CD-0000-000000000010,128FB883-C2F8-1156-0000-000000000003,SYNTH_USER_04,2862511D-64D9-66CA-0000-000000000033,4EFE8209-44E4-259E-0000-000000000001,510,3FEE5672-5C70-FA42-0000-000000000004,7B381092-3448-7502-0000-000000000004,060AF0E2-3E2B-78FF-0000-000000000074,1096,,307DEFEB-9888-F474-0000-000000000043,1,65000,SYNTH_USER_02,2026-08-12 03:43:24.000,25,0,3E0962B5-AC50-949D-0000-000000000004,RESEARCH,2026-06-15 00:00:00.000,5E17C0D9-C442-D187-0000-000000000002,6150BF96-A38D-C838-0000-000000000003,SYNTH_USER_04,2026-06-24 18:47:38.000,2026-09-25 01:22:33.000,FALSE
515759EC-ECE3-E30C-0000-000000000034,,0,128FB883-C2F8-1156-0000-000000000005,4E233B1E-7199-6186-0000-000000000008,,SYNTHETIC — hackathon mock data,,RND_MOCK,SYN-TL-0052,SYNTH_USER_01,Synthetic maize performance trial 0052,1001,SYN-TR-0052,,S052,1001,COMPLETE,,2026-08-25 03:14:19.000,52,4,0,1,YIELD,2026,2026-05-08 00:00:00.000,049E4771-4A50-6370-0000-000000000003,64B14384-EB55-1734-0000-000000000001,3EB33171-39DC-E9CD-0000-000000000011,128FB883-C2F8-1156-0000-000000000004,SYNTH_USER_04,2862511D-64D9-66CA-0000-000000000034,4EFE8209-44E4-259E-0000-000000000004,520,3FEE5672-5C70-FA42-0000-000000000005,7B381092-3448-7502-0000-000000000005,060AF0E2-3E2B-78FF-0000-000000000022,1096,,307DEFEB-9888-F474-0000-000000000056,1,65000,SYNTH_USER_03,2026-05-20 14:40:23.000,19,0,3E0962B5-AC50-949D-0000-000000000001,RESEARCH,2026-05-08 00:00:00.000,5E17C0D9-C442-D187-0000-000000000003,6150BF96-A38D-C838-0000-000000000004,SYNTH_USER_01,2026-08-18 16:00:21.000,2026-09-25 09:50:02.000,FALSE
515759EC-ECE3-E30C-0000-000000000035,PENDING,0,128FB883-C2F8-1156-0000-000000000002,4E233B1E-7199-6186-0000-000000000009,,SYNTHETIC — hackathon mock data,,RND_MOCK,SYN-TL-0053,SYNTH_USER_04,Synthetic maize performance trial 0053,1001,SYN-TR-0053,,S053,1001,PLANNED,,2025-01-24 08:26:41.000,53,2,0,1,QUALITY,2024,2024-05-15 00:00:00.000,049E4771-4A50-6370-0000-000000000004,64B14384-EB55-1734-0000-000000000001,3EB33171-39DC-E9CD-0000-000000000012,128FB883-C2F8-1156-0000-000000000002,SYNTH_USER_02,2862511D-64D9-66CA-0000-000000000035,4EFE8209-44E4-259E-0000-000000000003,530,3FEE5672-5C70-FA42-0000-000000000006,7B381092-3448-7502-0000-000000000006,060AF0E2-3E2B-78FF-0000-000000000060,1048,,307DEFEB-9888-F474-0000-00000000004C,1,70000,SYNTH_USER_04,2026-08-19 02:57:06.000,20,0,3E0962B5-AC50-949D-0000-000000000002,RESEARCH,2024-05-15 00:00:00.000,5E17C0D9-C442-D187-0000-000000000004,6150BF96-A38D-C838-0000-000000000005,SYNTH_USER_03,2025-06-22 05:52:26.000,2026-09-25 01:24:41.000,FALSE
515759EC-ECE3-E30C-0000-000000000036,,0,128FB883-C2F8-1156-0000-000000000002,4E233B1E-7199-6186-0000-000000000001,,SYNTHETIC — hackathon mock data,,RND_MOCK,SYN-TL-0054,SYNTH_USER_04,Synthetic maize performance trial 0054,1001,SYN-TR-0054,,S054,1001,COMPLETE,,2024-12-16 02:30:54.000,54,4,0,1,DISEASE,2024,2024-06-01 00:00:00.000,049E4771-4A50-6370-0000-000000000005,64B14384-EB55-1734-0000-000000000001,3EB33171-39DC-E9CD-0000-000000000001,128FB883-C2F8-1156-0000-000000000004,SYNTH_USER_03,2862511D-64D9-66CA-0000-000000000036,4EFE8209-44E4-259E-0000-000000000002,540,3FEE5672-5C70-FA42-0000-000000000001,7B381092-3448-7502-0000-000000000007,060AF0E2-3E2B-78FF-0000-000000000042,1096,,307DEFEB-9888-F474-0000-000000000055,1,60000,SYNTH_USER_01,2025-05-21 15:08:07.000,22,0,3E0962B5-AC50-949D-0000-000000000003,RESEARCH,2024-06-01 00:00:00.000,5E17C0D9-C442-D187-0000-000000000005,6150BF96-A38D-C838-0000-000000000006,SYNTH_USER_04,2025-08-05 01:16:51.000,2026-09-25 17:26:53.000,FALSE
515759EC-ECE3-E30C-0000-000000000037,PENDING,0,128FB883-C2F8-1156-0000-000000000001,4E233B1E-7199-6186-0000-000000000002,,SYNTHETIC — hackathon mock data,,RND_MOCK,SYN-TL-0055,SYNTH_USER_02,Synthetic maize performance trial 0055,1001,SYN-TR-0055,,S055,1001,COMPLETE,,2026-05-21 12:14:05.000,55,4,0,1,YIELD,2025,2025-04-09 00:00:00.000,049E4771-4A50-6370-0000-000000000001,64B14384-EB55-1734-0000-000000000001,3EB33171-39DC-E9CD-0000-000000000002,128FB883-C2F8-1156-0000-000000000005,SYNTH_USER_02,2862511D-64D9-66CA-0000-000000000037,4EFE8209-44E4-259E-0000-000000000002,550,3FEE5672-5C70-FA42-0000-000000000002,7B381092-3448-7502-0000-000000000008,060AF0E2-3E2B-78FF-0000-000000000007,1072,,307DEFEB-9888-F474-0000-000000000002,1,55000,SYNTH_USER_03,2025-07-09 17:55:22.000,15,0,3E0962B5-AC50-949D-0000-000000000004,RESEARCH,2025-04-09 00:00:00.000,5E17C0D9-C442-D187-0000-000000000001,6150BF96-A38D-C838-0000-000000000007,SYNTH_USER_03,2026-01-10 05:15:45.000,2026-09-23 05:32:03.000,FALSE
515759EC-ECE3-E30C-0000-000000000038,PENDING,0,128FB883-C2F8-1156-0000-000000000001,4E233B1E-7199-6186-0000-000000000003,,SYNTHETIC — hackathon mock data,,RND_MOCK,SYN-TL-0056,SYNTH_USER_01,Synthetic maize performance trial 0056,1001,SYN-TR-0056,,S056,1001,PLANNED,,2026-07-20 22:10:14.000,56,4,0,1,QUALITY,2026,2026-06-04 00:00:00.000,049E4771-4A50-6370-0000-000000000002,64B14384-EB55-1734-0000-000000000001,3EB33171-39DC-E9CD-0000-000000000003,128FB883-C2F8-1156-0000-000000000005,SYNTH_USER_01,2862511D-64D9-66CA-0000-000000000038,4EFE8209-44E4-259E-0000-000000000002,560,3FEE5672-5C70-FA42-0000-000000000003,7B381092-3448-7502-0000-000000000009,060AF0E2-3E2B-78FF-0000-00000000001F,1072,,307DEFEB-9888-F474-0000-000000000094,1,60000,SYNTH_USER_04,2026-06-20 20:12:28.000,23,0,3E0962B5-AC50-949D-0000-000000000001,RESEARCH,2026-06-04 00:00:00.000,5E17C0D9-C442-D187-0000-000000000002,6150BF96-A38D-C838-0000-000000000001,SYNTH_USER_01,2026-06-27 00:08:43.000,2026-09-22 17:16:11.000,FALSE
515759EC-ECE3-E30C-0000-000000000039,PENDING,0,128FB883-C2F8-1156-0000-000000000003,4E233B1E-7199-6186-0000-000000000004,,SYNTHETIC — hackathon mock data,,RND_MOCK,SYN-TL-0057,SYNTH_USER_02,Synthetic maize performance trial 0057,1001,SYN-TR-0057,,S057,1001,COMPLETE,,2026-07-02 22:45:34.000,57,3,0,1,QUALITY,2026,2026-05-20 00:00:00.000,049E4771-4A50-6370-0000-000000000003,64B14384-EB55-1734-0000-000000000001,3EB33171-39DC-E9CD-0000-000000000004,128FB883-C2F8-1156-0000-000000000002,SYNTH_USER_03,2862511D-64D9-66CA-0000-000000000039,4EFE8209-44E4-259E-0000-000000000001,570,3FEE5672-5C70-FA42-0000-000000000004,7B381092-3448-7502-0000-00000000000A,060AF0E2-3E2B-78FF-0000-00000000002D,1048,,307DEFEB-9888-F474-0000-000000000032,1,55000,SYNTH_USER_03,2026-06-11 11:50:31.000,21,0,3E0962B5-AC50-949D-0000-000000000002,RESEARCH,2026-05-20 00:00:00.000,5E17C0D9-C442-D187-0000-000000000003,6150BF96-A38D-C838-0000-000000000002,SYNTH_USER_04,2026-07-15 23:49:43.000,2026-09-22 04:40:48.000,FALSE
515759EC-ECE3-E30C-0000-00000000003A,,0,128FB883-C2F8-1156-0000-000000000005,4E233B1E-7199-6186-0000-000000000005,,SYNTHETIC — hackathon mock data,,RND_MOCK,SYN-TL-0058,SYNTH_USER_01,Synthetic maize performance trial 0058,1001,SYN-TR-0058,,S058,1001,PLANNED,,2024-07-04 11:58:06.000,58,4,0,1,YIELD,2024,2024-05-16 00:00:00.000,049E4771-4A50-6370-0000-000000000004,64B14384-EB55-1734-0000-000000000001,3EB33171-39DC-E9CD-0000-000000000005,128FB883-C2F8-1156-0000-000000000006,SYNTH_USER_01,2862511D-64D9-66CA-0000-00000000003A,4EFE8209-44E4-259E-0000-000000000003,580,3FEE5672-5C70-FA42-0000-000000000005,7B381092-3448-7502-0000-00000000000B,060AF0E2-3E2B-78FF-0000-000000000017,1096,,307DEFEB-9888-F474-0000-000000000039,1,55000,SYNTH_USER_03,2024-12-27 10:44:35.000,20,0,3E0962B5-AC50-949D-0000-000000000003,RESEARCH,2024-05-16 00:00:00.000,5E17C0D9-C442-D187-0000-000000000004,6150BF96-A38D-C838-0000-000000000003,SYNTH_USER_04,2025-12-14 12:27:59.000,2026-09-23 13:57:38.000,FALSE
515759EC-ECE3-E30C-0000-00000000003B,APPROVED,0,128FB883-C2F8-1156-0000-000000000005,4E233B1E-7199-6186-0000-000000000006,,SYNTHETIC — hackathon mock data,,RND_MOCK,SYN-TL-0059,SYNTH_USER_01,Synthetic maize performance trial 0059,1001,SYN-TR-0059,,S059,1001,COMPLETE,,2026-08-26 22:56:21.000,59,4,0,1,YIELD,2024,2024-05-18 00:00:00.000,049E4771-4A50-6370-0000-000000000005,64B14384-EB55-1734-0000-000000000001,3EB33171-39DC-E9CD-0000-000000000006,128FB883-C2F8-1156-0000-000000000006,SYNTH_USER_02,2862511D-64D9-66CA-0000-00000000003B,4EFE8209-44E4-259E-0000-000000000003,590,3FEE5672-5C70-FA42-0000-000000000006,7B381092-3448-7502-0000-00000000000C,060AF0E2-3E2B-78FF-0000-000000000004,1096,,307DEFEB-9888-F474-0000-00000000001C,1,55000,SYNTH_USER_01,2025-11-01 04:58:37.000,20,0,3E0962B5-AC50-949D-0000-000000000004,RESEARCH,2024-05-18 00:00:00.000,5E17C0D9-C442-D187-0000-000000000005,6150BF96-A38D-C838-0000-000000000004,SYNTH_USER_04,2026-02-20 11:07:30.000,2026-09-24 14:26:12.000,FALSE
515759EC-ECE3-E30C-0000-00000000003C,PENDING,0,128FB883-C2F8-1156-0000-000000000004,4E233B1E-7199-6186-0000-000000000007,,SYNTHETIC — hackathon mock data,,RND_MOCK,SYN-TL-0060,SYNTH_USER_02,Synthetic maize performance trial 0060,1001,SYN-TR-0060,,S060,1001,COMPLETE,,2026-03-05 14:17:14.000,60,4,0,1,YIELD,2025,2025-04-06 00:00:00.000,049E4771-4A50-6370-0000-000000000001,64B14384-EB55-1734-0000-000000000001,3EB33171-39DC-E9CD-0000-000000000007,128FB883-C2F8-1156-0000-000000000001,SYNTH_USER_02,2862511D-64D9-66CA-0000-00000000003C,4EFE8209-44E4-259E-0000-000000000004,600,3FEE5672-5C70-FA42-0000-000000000001,7B381092-3448-7502-0000-000000000001,060AF0E2-3E2B-78FF-0000-000000000001,1096,,307DEFEB-9888-F474-0000-000000000053,1,60000,SYNTH_USER_04,2026-08-09 21:56:50.000,14,0,3E0962B5-AC50-949D-0000-000000000001,RESEARCH,2025-04-06 00:00:00.000,5E17C0D9-C442-D187-0000-000000000001,6150BF96-A38D-C838-0000-000000000005,SYNTH_USER_01,2025-08-05 11:40:34.000,2026-09-22 13:29:23.000,FALSE
515759EC-ECE3-E30C-0000-00000000003D,APPROVED,0,128FB883-C2F8-1156-0000-000000000006,4E233B1E-7199-6186-0000-000000000008,,SYNTHETIC — hackathon mock data,,RND_MOCK,SYN-TL-0061,SYNTH_USER_01,Synthetic maize performance trial 0061,1001,SYN-TR-0061,,S061,1001,ACTIVE,,2025-09-24 13:00:42.000,61,3,0,1,YIELD,2024,2024-06-11 00:00:00.000,049E4771-4A50-6370-0000-000000000002,64B14384-EB55-1734-0000-000000000001,3EB33171-39DC-E9CD-0000-000000000008,128FB883-C2F8-1156-0000-000000000002,SYNTH_USER_04,2862511D-64D9-66CA-0000-00000000003D,4EFE8209-44E4-259E-0000-000000000001,610,3FEE5672-5C70-FA42-0000-000000000002,7B381092-3448-7502-0000-000000000002,060AF0E2-3E2B-78FF-0000-00000000005C,1096,,307DEFEB-9888-F474-0000-00000000008C,1,60000,SYNTH_USER_02,2026-04-06 03:04:30.000,24,0,3E0962B5-AC50-949D-0000-000000000002,RESEARCH,2024-06-11 00:00:00.000,5E17C0D9-C442-D187-0000-000000000002,6150BF96-A38D-C838-0000-000000000006,SYNTH_USER_03,2026-09-03 23:22:03.000,2026-09-25 05:08:07.000,FALSE
515759EC-ECE3-E30C-0000-00000000003E,APPROVED,0,128FB883-C2F8-1156-0000-000000000004,4E233B1E-7199-6186-0000-000000000009,,SYNTHETIC — hackathon mock data,,RND_MOCK,SYN-TL-0062,SYNTH_USER_04,Synthetic maize performance trial 0062,1001,SYN-TR-0062,,S062,1001,PLANNED,,2026-01-15 22:16:04.000,62,2,0,1,YIELD,2025,2025-06-01 00:00:00.000,049E4771-4A50-6370-0000-000000000003,64B14384-EB55-1734-0000-000000000001,3EB33171-39DC-E9CD-0000-000000000009,128FB883-C2F8-1156-0000-000000000005,SYNTH_USER_03,2862511D-64D9-66CA-0000-00000000003E,4EFE8209-44E4-259E-0000-000000000001,620,3FEE5672-5C70-FA42-0000-000000000003,7B381092-3448-7502-0000-000000000003,060AF0E2-3E2B-78FF-0000-00000000001A,1072,,307DEFEB-9888-F474-0000-000000000048,1,60000,SYNTH_USER_02,2026-07-22 21:10:04.000,22,0,3E0962B5-AC50-949D-0000-000000000003,RESEARCH,2025-06-01 00:00:00.000,5E17C0D9-C442-D187-0000-000000000003,6150BF96-A38D-C838-0000-000000000007,SYNTH_USER_04,2025-09-24 01:33:35.000,2026-09-25 09:16:14.000,FALSE
515759EC-ECE3-E30C-0000-00000000003F,,0,128FB883-C2F8-1156-0000-000000000003,4E233B1E-7199-6186-0000-000000000001,,SYNTHETIC — hackathon mock data,,RND_MOCK,SYN-TL-0063,SYNTH_USER_01,Synthetic maize performance trial 0063,1001,SYN-TR-0063,,S063,1001,COMPLETE,,2026-04-22 22:09:05.000,63,3,0,1,DISEASE,2024,2024-06-21 00:00:00.000,049E4771-4A50-6370-0000-000000000004,64B14384-EB55-1734-0000-000000000001,3EB33171-39DC-E9CD-0000-00000000000A,128FB883-C2F8-1156-0000-000000000005,SYNTH_USER_03,2862511D-64D9-66CA-0000-00000000003F,4EFE8209-44E4-259E-0000-000000000004,630,3FEE5672-5C70-FA42-0000-000000000004,7B381092-3448-7502-0000-000000000004,060AF0E2-3E2B-78FF-0000-000000000009,1096,,307DEFEB-9888-F474-0000-00000000008F,1,60000,SYNTH_USER_03,2025-06-29 15:35:46.000,25,0,3E0962B5-AC50-949D-0000-000000000004,RESEARCH,2024-06-21 00:00:00.000,5E17C0D9-C442-D187-0000-000000000004,6150BF96-A38D-C838-0000-000000000001,SYNTH_USER_01,2024-10-10 04:18:20.000,2026-09-24 05:26:30.000,FALSE
515759EC-ECE3-E30C-0000-000000000040,PENDING,0,128FB883-C2F8-1156-0000-000000000003,4E233B1E-7199-6186-0000-000000000002,,SYNTHETIC — hackathon mock data,,RND_MOCK,SYN-TL-0064,SYNTH_USER_02,Synthetic maize performance trial 0064,1001,SYN-TR-0064,,S064,1001,COMPLETE,,2025-11-04 04:51:36.000,64,4,0,1,YIELD,2024,2024-04-08 00:00:00.000,049E4771-4A50-6370-0000-000000000005,64B14384-EB55-1734-0000-000000000001,3EB33171-39DC-E9CD-0000-00000000000B,128FB883-C2F8-1156-0000-000000000001,SYNTH_USER_04,2862511D-64D9-66CA-0000-000000000040,4EFE8209-44E4-259E-0000-000000000004,640,3FEE5672-5C70-FA42-0000-000000000005,7B381092-3448-7502-0000-000000000005,060AF0E2-3E2B-78FF-0000-000000000032,1048,,307DEFEB-9888-F474-0000-000000000065,1,60000,SYNTH_USER_02,2026-08-09 18:14:24.000,15,0,3E0962B5-AC50-949D-0000-000000000001,RESEARCH,2024-04-08 00:00:00.000,5E17C0D9-C442-D187-0000-000000000005,6150BF96-A38D-C838-0000-000000000002,SYNTH_USER_02,2025-09-30 08:22:25.000,2026-09-23 11:23:49.000,FALSE
515759EC-ECE3-E30C-0000-000000000041,,0,128FB883-C2F8-1156-0000-000000000005,4E233B1E-7199-6186-0000-000000000003,,SYNTHETIC — hackathon mock data,,RND_MOCK,SYN-TL-0065,SYNTH_USER_01,Synthetic maize performance trial 0065,1001,SYN-TR-0065,,S065,1001,COMPLETE,,2026-09-04 08:41:59.000,65,4,0,1,QUALITY,2026,2026-05-23 00:00:00.000,049E4771-4A50-6370-0000-000000000001,64B14384-EB55-1734-0000-000000000001,3EB33171-39DC-E9CD-0000-00000000000C,128FB883-C2F8-1156-0000-000000000005,SYNTH_USER_04,2862511D-64D9-66CA-0000-000000000041,4EFE8209-44E4-259E-0000-000000000004,650,3FEE5672-5C70-FA42-0000-000000000006,7B381092-3448-7502-0000-000000000006,060AF0E2-3E2B-78FF-0000-000000000041,1096,,307DEFEB-9888-F474-0000-000000000058,1,70000,SYNTH_USER_01,2026-07-30 20:32:32.000,21,0,3E0962B5-AC50-949D-0000-000000000002,RESEARCH,2026-05-23 00:00:00.000,5E17C0D9-C442-D187-0000-000000000001,6150BF96-A38D-C838-0000-000000000003,SYNTH_USER_04,2026-08-24 08:32:39.000,2026-09-23 10:03:23.000,FALSE
515759EC-ECE3-E30C-0000-000000000042,APPROVED,0,128FB883-C2F8-1156-0000-000000000005,4E233B1E-7199-6186-0000-000000000004,,SYNTHETIC — hackathon mock data,,RND_MOCK,SYN-TL-0066,SYNTH_USER_02,Synthetic maize performance trial 0066,1001,SYN-TR-0066,,S066,1001,PLANNED,,2025-06-30 04:21:14.000,66,2,0,1,QUALITY,2024,2024-04-05 00:00:00.000,049E4771-4A50-6370-0000-000000000002,64B14384-EB55-1734-0000-000000000001,3EB33171-39DC-E9CD-0000-00000000000D,128FB883-C2F8-1156-0000-000000000005,SYNTH_USER_02,2862511D-64D9-66CA-0000-000000000042,4EFE8209-44E4-259E-0000-000000000004,660,3FEE5672-5C70-FA42-0000-000000000001,7B381092-3448-7502-0000-000000000007,060AF0E2-3E2B-78FF-0000-000000000044,1072,,307DEFEB-9888-F474-0000-00000000007B,1,55000,SYNTH_USER_03,2025-07-01 16:30:56.000,14,0,3E0962B5-AC50-949D-0000-000000000003,RESEARCH,2024-04-05 00:00:00.000,5E17C0D9-C442-D187-0000-000000000002,6150BF96-A38D-C838-0000-000000000004,SYNTH_USER_01,2025-08-17 03:10:43.000,2026-09-25 14:26:58.000,FALSE
515759EC-ECE3-E30C-0000-000000000043,APPROVED,0,128FB883-C2F8-1156-0000-000000000004,4E233B1E-7199-6186-0000-000000000005,,SYNTHETIC — hackathon mock data,,RND_MOCK,SYN-TL-0067,SYNTH_USER_02,Synthetic maize performance trial 0067,1001,SYN-TR-0067,,S067,1001,PLANNED,,2025-08-09 07:26:25.000,67,4,0,1,DISEASE,2025,2025-05-18 00:00:00.000,049E4771-4A50-6370-0000-000000000003,64B14384-EB55-1734-0000-000000000001,3EB33171-39DC-E9CD-0000-00000000000E,128FB883-C2F8-1156-0000-000000000001,SYNTH_USER_03,2862511D-64D9-66CA-0000-000000000043,4EFE8209-44E4-259E-0000-000000000001,670,3FEE5672-5C70-FA42-0000-000000000002,7B381092-3448-7502-0000-000000000008,060AF0E2-3E2B-78FF-0000-000000000075,1096,,307DEFEB-9888-F474-0000-000000000049,1,65000,SYNTH_USER_02,2026-08-29 14:30:59.000,20,0,3E0962B5-AC50-949D-0000-000000000004,RESEARCH,2025-05-18 00:00:00.000,5E17C0D9-C442-D187-0000-000000000003,6150BF96-A38D-C838-0000-000000000005,SYNTH_USER_02,2026-04-03 04:40:50.000,2026-09-25 09:28:38.000,FALSE
515759EC-ECE3-E30C-0000-000000000044,,0,128FB883-C2F8-1156-0000-000000000003,4E233B1E-7199-6186-0000-000000000006,,SYNTHETIC — hackathon mock data,,RND_MOCK,SYN-TL-0068,SYNTH_USER_04,Synthetic maize performance trial 0068,1001,SYN-TR-0068,,S068,1001,PLANNED,,2026-09-15 16:44:41.000,68,4,0,1,YIELD,2025,2025-05-12 00:00:00.000,049E4771-4A50-6370-0000-000000000004,64B14384-EB55-1734-0000-000000000001,3EB33171-39DC-E9CD-0000-00000000000F,128FB883-C2F8-1156-0000-000000000001,SYNTH_USER_03,2862511D-64D9-66CA-0000-000000000044,4EFE8209-44E4-259E-0000-000000000001,680,3FEE5672-5C70-FA42-0000-000000000003,7B381092-3448-7502-0000-000000000009,060AF0E2-3E2B-78FF-0000-000000000065,1096,,307DEFEB-9888-F474-0000-000000000032,1,55000,SYNTH_USER_02,2025-08-06 21:34:16.000,20,0,3E0962B5-AC50-949D-0000-000000000001,RESEARCH,2025-05-12 00:00:00.000,5E17C0D9-C442-D187-0000-000000000004,6150BF96-A38D-C838-0000-000000000006,SYNTH_USER_04,2026-08-22 08:13:04.000,2026-09-23 04:59:13.000,FALSE
515759EC-ECE3-E30C-0000-000000000045,APPROVED,0,128FB883-C2F8-1156-0000-000000000004,4E233B1E-7199-6186-0000-000000000007,,SYNTHETIC — hackathon mock data,,RND_MOCK,SYN-TL-0069,SYNTH_USER_01,Synthetic maize performance trial 0069,1001,SYN-TR-0069,,S069,1001,COMPLETE,,2026-07-18 13:04:28.000,69,2,0,1,YIELD,2026,2026-05-02 00:00:00.000,049E4771-4A50-6370-0000-000000000005,64B14384-EB55-1734-0000-000000000001,3EB33171-39DC-E9CD-0000-000000000010,128FB883-C2F8-1156-0000-000000000006,SYNTH_USER_04,2862511D-64D9-66CA-0000-000000000045,4EFE8209-44E4-259E-0000-000000000004,690,3FEE5672-5C70-FA42-0000-000000000004,7B381092-3448-7502-0000-00000000000A,060AF0E2-3E2B-78FF-0000-00000000006A,1048,,307DEFEB-9888-F474-0000-000000000056,1,70000,SYNTH_USER_02,2026-05-10 01:17:28.000,18,0,3E0962B5-AC50-949D-0000-000000000002,RESEARCH,2026-05-02 00:00:00.000,5E17C0D9-C442-D187-0000-000000000005,6150BF96-A38D-C838-0000-000000000007,SYNTH_USER_02,2026-05-18 02:32:27.000,2026-09-23 07:49:46.000,FALSE
515759EC-ECE3-E30C-0000-000000000046,APPROVED,0,128FB883-C2F8-1156-0000-000000000002,4E233B1E-7199-6186-0000-000000000008,,SYNTHETIC — hackathon mock data,,RND_MOCK,SYN-TL-0070,SYNTH_USER_03,Synthetic maize performance trial 0070,1001,SYN-TR-0070,,S070,1001,ACTIVE,,2026-08-23 01:49:26.000,70,4,0,1,YIELD,2024,2024-06-06 00:00:00.000,049E4771-4A50-6370-0000-000000000001,64B14384-EB55-1734-0000-000000000001,3EB33171-39DC-E9CD-0000-000000000011,128FB883-C2F8-1156-0000-000000000005,SYNTH_USER_03,2862511D-64D9-66CA-0000-000000000046,4EFE8209-44E4-259E-0000-000000000001,700,3FEE5672-5C70-FA42-0000-000000000005,7B381092-3448-7502-0000-00000000000B,060AF0E2-3E2B-78FF-0000-00000000006F,1048,,307DEFEB-9888-F474-0000-000000000049,1,70000,SYNTH_USER_01,2024-10-19 05:25:57.000,23,0,3E0962B5-AC50-949D-0000-000000000003,RESEARCH,2024-06-06 00:00:00.000,5E17C0D9-C442-D187-0000-000000000001,6150BF96-A38D-C838-0000-000000000001,SYNTH_USER_04,2026-03-30 08:09:45.000,2026-09-22 06:08:03.000,FALSE
515759EC-ECE3-E30C-0000-000000000047,,0,128FB883-C2F8-1156-0000-000000000003,4E233B1E-7199-6186-0000-000000000009,,SYNTHETIC — hackathon mock data,,RND_MOCK,SYN-TL-0071,SYNTH_USER_02,Synthetic maize performance trial 0071,1001,SYN-TR-0071,,S071,1001,PLANNED,,2024-12-20 16:35:35.000,71,3,0,1,YIELD,2024,2024-05-17 00:00:00.000,049E4771-4A50-6370-0000-000000000002,64B14384-EB55-1734-0000-000000000001,3EB33171-39DC-E9CD-0000-000000000012,128FB883-C2F8-1156-0000-000000000003,SYNTH_USER_04,2862511D-64D9-66CA-0000-000000000047,4EFE8209-44E4-259E-0000-000000000004,710,3FEE5672-5C70-FA42-0000-000000000006,7B381092-3448-7502-0000-00000000000C,060AF0E2-3E2B-78FF-0000-000000000078,1048,,307DEFEB-9888-F474-0000-000000000028,1,60000,SYNTH_USER_01,2025-10-03 03:14:26.000,20,0,3E0962B5-AC50-949D-0000-000000000004,RESEARCH,2024-05-17 00:00:00.000,5E17C0D9-C442-D187-0000-000000000002,6150BF96-A38D-C838-0000-000000000002,SYNTH_USER_04,2025-10-29 04:13:00.000,2026-09-23 20:24:28.000,FALSE
515759EC-ECE3-E30C-0000-000000000048,PENDING,0,128FB883-C2F8-1156-0000-000000000001,4E233B1E-7199-6186-0000-000000000001,,SYNTHETIC — hackathon mock data,,RND_MOCK,SYN-TL-0072,SYNTH_USER_03,Synthetic maize performance trial 0072,1001,SYN-TR-0072,,S072,1001,PLANNED,,2026-06-05 16:49:04.000,72,3,0,1,QUALITY,2025,2025-05-22 00:00:00.000,049E4771-4A50-6370-0000-000000000003,64B14384-EB55-1734-0000-000000000001,3EB33171-39DC-E9CD-0000-000000000001,128FB883-C2F8-1156-0000-000000000004,SYNTH_USER_02,2862511D-64D9-66CA-0000-000000000048,4EFE8209-44E4-259E-0000-000000000001,720,3FEE5672-5C70-FA42-0000-000000000001,7B381092-3448-7502-0000-000000000001,060AF0E2-3E2B-78FF-0000-000000000013,1096,,307DEFEB-9888-F474-0000-000000000004,1,65000,SYNTH_USER_04,2026-01-27 23:24:50.000,21,0,3E0962B5-AC50-949D-0000-000000000001,RESEARCH,2025-05-22 00:00:00.000,5E17C0D9-C442-D187-0000-000000000003,6150BF96-A38D-C838-0000-000000000003,SYNTH_USER_04,2026-03-03 10:11:31.000,2026-09-25 04:27:13.000,FALSE
