PO Status,Equipment ID,Scheduled Finish Date,Priority,PO Number,Crop Year,SWCO/SWBS,Material Description,Lot Number,Size,Input Weight (KG),Excelis/GMO,Comments,Duplicate Formula
COMPLETE,,2024-03-05,,2400005581,2023,SWCO,SWCO GH4927 CRN RDY ZZZ BK KG,WAC077060,LF,3730,,0.8 discolored,
COMPLETE,,2024-03-05,,2400005582,2023,SWCO,SWCO GH4927 CRN RDY ZZZ BK KG,WAC077060,MF,1372.5,,1 SMUT,
COMPLETE,,2024-03-05,,2400005559,2023,SWCO,SWCO GH6462S CRN RDY ZZZ BK KG,WAC077062,LR,9865.5,,1.28 discolored,
COMPLETE,,2024-03-05,,2400005580,2023,SWCO,SWCO GH6462S CRN RDY ZZZ BK KG,WAC077062,LF,11197,,1.3 discolored,
COMPLETE,,2024-03-05,,2400005583,2023,SWCO,SWCO GH6462S CRN RDY ZZZ BK KG,WAC077062,MR,10681,,1.25 discolored,
COMPLETE,,2024-03-05,,2400005584,2023,SWCO,SWCO GH6462S CRN RDY ZZZ BK KG,WAC077062,MF,19109,,1.2 discolored,
COMPLETE,,2024-03-05,,2400005466,2023,SWCO,SWCO GH6055 CRN CLX ZZZ BK KG,WAC077061X1,MF,1420,Excelis,1 dent,
COMPLETE,,2024-03-05,,2400005558,2023,SWCO,SWCO GH6055 CRN CLX ZZZ BK KG,WAC077061X1K,MR,719,Excelis,3 dent,
COMPLETE,,2024-03-05,,2400005586,2023,SWCO,SWCO GH6055 CRN CLX ZZZ BK KG,WAC077061X1,LF,9800,Excelis,2 dent,
COMPLETE,,2024-03-05,,2400005587,2023,SWCO,SWCO GH6055 CRN CLX ZZZ BK KG,WAC077061X1K,LF,3246,Excelis,11 dent,
COMPLETE,,2024-03-05,,2400005588,2023,SWCO,SWCO GH6055 CRN CLX ZZZ BK KG,WAC077061X1K,MF,478.5,Excelis,5 dent,
COMPLETE,,2024-03-05,,2400005585,2023,SWCO,SWCO TYSON CRS CLX ZZZ BK KG,ORW077116X1,MF,288.5,Excelis,1 dent,
COMPLETE,,2024-03-05,,2400005511,2023,SWCO,SWCO TYSON CRS CLX ZZZ BK KG,WAW077004X1,LR,1679,Fresh,2 COB,
COMPLETE,,2024-03-05,,2400005589,2023,SWCO,SWCO SS7078Y CRS RDF ZZZ BK KG,WAW077050X2,MR,806,Fresh,2 COB,
COMPLETE,,2024-03-05,,2400005414,2023,SWBS,SWBS AC228W T CRS CLD ZZZ BK KG,TVW23T7510,LR,101,,Please rework for dent seed and cob.,
COMPLETE,,2024-03-05,,2400005415,2023,SWBS,SWBS AC228W T CRS CLD ZZZ BK KG,TVW23T7510,MF,340.5,,Please rework for 10 pieces of cob,
COMPLETE,,2024-03-05,,2400005416,2023,SWBS,SWBS AC228W T CRS CLD ZZZ BK KG,TVW23T7510A,UN,88.5,,Please rework for failed dent,
COMPLETE,,2024-03-05,,2400005509,2023,SWBS,SWBS G4075 T CRS CLX ZZZ BK KG,WAW23T7528X1,LR,235,Excelis,,
COMPLETE,,2024-03-05,,2400005510,2023,SWBS,SWBS G4075 T CRS CLX ZZZ BK KG,WAW23T7528X1,MR,503.5,Excelis,,
COMPLETE,,2024-03-05,,2400005417,2023,SWCO,SWCO GH 1703 CRN CLX ZZZ BK KG,WAC077059X1,LR,3020.5,Excelis,Please rework for 5 dent seed,
COMPLETE,,2024-03-05,,2400005625,2023,SWCO,SWCO GSS1170-R CRS RDF ZZZ BK KG,WAW077098X2,MRH,274,Fresh,1 PC Solanum,
COMPLETE,,2024-03-05,,2400005411,2023,SWCO,SWCO GSS1170-R CRS RDF ZZZ BK KG,ORW077022X2,LF,405.5,Fresh,1 smut,
COMPLETE,,2024-03-05,,2400005529,2023,SWCO,SWCO GSS1170-R CRS RDF ZZZ BK KG,WAW077067X2,MRL,566.5,Fresh,3 PC Solanum,
COMPLETE,,2024-03-05,,2400005620,2023,SWBS,SWBS R298A T CRN CLX ZZZ BK KG,TVC23T7562X1,MR,220,Excelis,1 DENT,
COMPLETE,,2024-03-05,,2400005439,2023,SWBS,SWBS R298A T CRN CLX ZZZ BK KG,TVC23T7562X1,LR,518.5,Excelis,1 DENT,
COMPLETE,,2024-03-05,,2400005602,2023,SWCO,SWCO BSS8021 CRS RDY ZZZ BK KG,INW077044X2,LR,1103,Fresh,4 dent,
COMPLETE,,2024-03-05,,2400005603,2023,SWCO,SWCO BSS8021 CRS RDY ZZZ BK KG,INW077044X2,MR,1332.5,Fresh,34 dent,
COMPLETE,,2024-03-05,,2400005412,2023,SWCO,SWCO TYSON CRS CLX ZZZ BK KG,ORW077116X1,MR,834.5,Excelis,Please rework for 1 dent seed,
COMPLETE,,2024-03-05,,2400005512,2023,SWCO,SWCO TYSON CRS CLX ZZZ BK KG,WAW077004X1,MF,877,Excelis,Please rework for 1 piece of smut 1 piec,
COMPLETE,,2024-03-05,,2400005437,2023,SWCO,SWCO BSS1075-R CRS RDF ZZZ BK KG,WAW077091X2,LF,428.5,Fresh,7 Dent,
COMPLETE,,2024-03-05,,2400005680,2023,SWCO,SWCO KANDY KORN CRN RDY ZZZ BK KG,COC077129,LR,1204.5,,1.17% other crop,
COMPLETE,,2024-03-05,,2400005681,2023,SWCO,SWCO KANDY KORN CRN RDY ZZZ BK KG,COC077129,MR,3911.5,,13 dent,
COMPLETE,,2024-03-05,,2400005682,2023,SWCO,SWCO KANDY KORN CRN RDY ZZZ BK KG,COC077135,LR,794.5,,55 dent,
COMPLETE,,2024-03-05,,2400005683,2023,SWCO,SWCO KANDY KORN CRN RDY ZZZ BK KG,COC077135,MR,1397,,2 pc solanum spp,
COMPLETE,,2024-03-05,,2400005499,2023,SWCO,SWCO P&C EARLY CRN RDY ZZZ BK KG,COC077137,MR,1460.5,,31 Dent 7 solanum,
COMPLETE,,2024-03-05,,2400005614,2023,SWCO,SWCO P&C EARLY CRN RDY ZZZ BK KG,COC077138,LR,6043.5,,1651 dent 5.51 other crop,
COMPLETE,,2024-03-05,,2400005615,2023,SWCO,SWCO P&C EARLY CRN RDY ZZZ BK KG,COC077138,LF,3856.5,,53 dent,
COMPLETE,,2024-03-05,,2400005616,2023,SWCO,SWCO P&C EARLY CRN RDY ZZZ BK KG,COC077138,MR,2414,,424 dent,
COMPLETE,,2024-03-05,,2400005617,2023,SWCO,SWCO P&C EARLY CRN RDY ZZZ BK KG,COC077138,MF,185.5,,43 dent,
COMPLETE,,2024-03-05,,2400005438,2023,SWCO,SWCO BSS1075-R CRS RDF ZZZ BK KG,WAW077091X2,MR,346.5,Fresh,22 Dent,
COMPLETE,,2024-03-05,,2400005475,2023,SWCO,SWCO BSS1075-R CRS RDF ZZZ BK KG,WAW077007X2,LR,1662,Fresh,210 Dent,
COMPLETE,,2024-03-05,,2400005476,2023,SWCO,SWCO BSS1075-R,WAW077007X2,LF,526.5,Fresh,19 Dent,
COMPLETE,,2024-03-05,,2400005477,2023,SWCO,SWCO BSS1075-R CRS RDF ZZZ BK KG,WAW077091X2,LR,1057,Fresh,95 dent and 1 solanum,
COMPLETE,,2024-03-05,,2400005478,2023,SWCO,SWCO BSS1075-R CRS RDF ZZZ BK KG,WAW077091X2P,MR,124.5,Fresh,75 dent and 2 solanum,
COMPLETE,,2024-03-05,,2400005479,2023,SWCO,SWCO BSS1075-R CRS RDF ZZZ BK KG,ORW077089X2,MR,1644,Fresh,22 cob,
COMPLETE,,2024-03-05,,2400005662,2023,SWCO,SWCO GH6055 CRN CLX ZZZ BK KG,WAC077061X1,MR,1458.5,Excelis,Please rework for 2 dent,
COMPLETE,,2024-03-05,,2400005661,2023,SWCO,SWCO KRISPY KING CRS CLX ZZZ BK KG,TVW077040X1,mf,538,Excelis,,
COMPLETE,,2024-03-05,,2400005663,2023,SWCO,SWCO WSS7620 CRS RDY ZZZ BK KG,WAW077056,MF,417.5,,,
COMPLETE,,2024-03-05,,2400005700,2023,SWCO,SWCO GSS8937 CRS CLX ZZZ BK KG,TVW077143X1,mf,547.5,Excelis,1 Smut,
COMPLETE,,2024-03-05,,2400005701,2023,SWCO,SWCO GSS8937 CRS CLX ZZZ BK KG,TVW077038X1,mf,189,Excelis,1 Smut,
COMPLETE,,2024-03-05,,2400005539,2023,swco,swco gss1198-r crs rdy zzz bk kg,TVW077023X2,lr,2432,Fresh,2 cob,
COMPLETE,,2024-03-05,,2400005570,2023,SWCO,SWCO GSS3951 CRS CLX ZZZ BK KG,ORW077130X1,MF,3055.5,Excelis,2 cob,
COMPLETE,,2024-03-05,,2400005571,2023,SWCO,SWCO TYSON CRS CLX ZZZ BK KG,INW077142X1,LR,256.5,Excelis,26 DENT,
COMPLETE,,2024-03-05,,300091182,2023,SWCO,SWCO TYSON CRS CLX ZZZ BK KG,ORW077116X1,MF,268.5,Excelis,FAILED AP (DENT),
COMPLETE,,2024-03-05,,2400005648,2023,SWCO,SWCO SWEET G 90 CRN RDY ZZZ BK KG,ORC077076,LR,9675,,10 DENT,
COMPLETE,,2024-03-05,,2400005652,2023,SWBS,SWBS AC245Y S CRS CLD ZZZ BK KG,TVW23S7512P,L,76.5,,1 dent,
COMPLETE,,2024-03-05,,2400005653,2023,SWBS,SWBS AC266Y S CRS CLD ZZZ BK KG,TVW23S7516,L,63.5,,9 cob,
COMPLETE,,2024-03-05,,300090982,2023,SWBS,SWBS AC283Y T CRS CLD ZZZ BK KG,TVW23S7516,U,53.5,,Please rework for failed AP,
COMPLETE,,2024-03-05,,2400005651,2023,SWBS,SWBS G4075 T CRS CLX ZZZ BK KG,WAW23T7529X1,L,269.5,Excelis,3 cob,
COMPLETE,,2024-03-05,,2400005650,2023,SWBS,SWBS G9089 T CRS CLD ZZZ BK KG,TVW23T7531,LR,156,,2 cob,
COMPLETE,,2024-03-05,,300090898,2023,SWBS,SWBS R00638 T CRS CLX ZZZ BK KG,WAW23T7542X1,LF,946.5,Excelis,Please rework for failed AP,
COMPLETE,,2024-03-05,,300090899,2023,SWBS,SWBS R00681A T CRS CLX ZZZ BK KG,TVW23T7547X1,LR,199,Excelis,please rework for failed AP,
COMPLETE,,2024-03-05,,2400005693,2023,SWBS,SWBS G4075 T CRS CLX ZZZ BK KG,TVW23T7530X1,L,156.5,Excelis,11 cob,
COMPLETE,,2024-03-05,,2400005694,2023,SWBS,SWBS G4075 T CRS CLX ZZZ BK KG,TVW23T7530X1,LF,263,Excelis,9 cob,
COMPLETE,,2024-03-05,,2400005692,2023,SWBS,SWBS R0662A T CRS CLX ZZZ BK KG,TVW23T7549X1,M,145,Excelis,4 smut and 14 cob,
COMPLETE,,2024-03-05,,2400005654,2023,swbs,swbs r10008 s crs clx zzz bk kg,TVW23S7551X1,M,125,Excelis,1 dent,
COMPLETE,,2024-03-05,,2400005695,2023,SWBS,SWBS R660K U CRS CLX ZZZ BK KG,TVW23U7590X1,LR,144.5,Excelis,2 cob,
COMPLETE,,2024-03-05,,2400005655,2023,SWBS,SWBS R5001H U CRS CLD ZZZ BK KG,ORW23U7574H,M,40.5,GMO,9 Cob,
COMPLETE,,2024-03-05,,2400005592,2023,SWCO,SWCO GSS3951 CRS RDY ZZZ BK KG,INW077133,LR,369,,50 cob,
COMPLETE,,2024-03-05,,2400005574,2023,SWCO,SWCO GSS3951 CRS RDY ZZZ BK KG,INW077133,MFH,3135,,23 dent,
COMPLETE,,2024-03-05,,2400005634,2023,SWCO,SWCO TYSON CRS RDX ZZZ BK KG,WAW077074X1,LR,1944.5,Excelis,please rework for nighshade berries,
COMPLETE,,2024-03-05,,2400005696,2023,SWBS,SWBS AC283Y T CRS CLD ZZZ BK KG,TVW23T7518,UN,42.5,,3 DENT,
COMPLETE,,2024-03-05,,2400005760,2023,SWBS,SWBS R5001H U CRS CLD ZZZ BK KG,ORW23U7574H,M,35.5,GMO,1 DENT/23 COB,
COMPLETE,,2024-03-05,,2400005727,2023,SWCO,SWCO REVISION CRT RDY ZZZ BK KG,ORT077113HK,LR,5470.5,GMO,13 Dent,
COMPLETE,,2024-03-05,,2400005728,2023,SWCO,SWCO REVISION CRT RDY ZZZ BK KG,ORT077113HK,LF,4486,GMO,13 Dent,
COMPLETE,,2024-03-05,,2400005729,2023,SWCO,SWCO REVISION CRT RDY ZZZ BK KG,ORT077113HK,MF,1371.5,GMO,15 Dent,
COMPLETE,,2024-03-05,,2400005730,2023,SWCO,SWCO REVISION CRT RDY ZZZ BK KG,ORT077113H,MR,840.5,GMO,40 Dent,
COMPLETE,,2024-03-05,,2400005731,2023,SWCO,SWCO REVISION CRT RDY ZZZ BK KG,ORT077113HK1,MR,9588,GMO,41 Dent,
COMPLETE,,2024-03-05,,2400005732,2023,SWCO,SWCO REVISION CRT RDY ZZZ BK KG,ORT077085HK1W,LF,3251,GMO,25 Dent,
COMPLETE,,2024-03-05,,2400005733,2023,SWCO,SWCO REVISION CRT RDY ZZZ BK KG,ORT077085HK1W,MR,2980,GMO,76 Dent,
COMPLETE,,2024-03-05,,2400005734,2023,SWCO,SWCO REVISION CRT RDY ZZZ BK KG,ORT077085HK1W,MF,1047,GMO,18 Dent,
COMPLETE,,2024-03-05,,2400005656,2023,SWBS,SWBS R00664H T CRS CLD ZZZ BK KG,ORW23T7546H,MF,763,GMO,,
COMPLETE,,2024-03-05,,2400005801,2023,SWBS,SWBS AC294Y S CRS CLD ZZZ BK KG,TVW23S7520,F,289.5,,23 cob,
COMPLETE,,2024-03-05,,300091505,2023,SWBS,SWBS AC215Y T CRS CLD ZZZ BK KG,TVW23T7509P,MR,196,,FAILED AP,
COMPLETE,,2024-03-05,,2400005762,2023,SWBS,SWBS G9089 T CRS CLD ZZZ BK KG,TVW23T7531,LF,430.5,,1.23% INERT,
COMPLETE,,2024-03-05,,2400005761,2023,SWBS,SWBS R20001 T CRS CLX ZZZ BK KG,TVW23T7557X1,LR,51.39,Excelis,1.36% inert,
COMPLETE,,2024-03-05,,300091507,2023,SWBS,SWBS R523 S CRS CLX ZZZ BK KG,TVW23S7578X1,M,76.28,Excelis,FAILED AP,
COMPLETE,,2024-03-05,,2400005659,2023,SWBS,SWBS R660D S CRS CLX ZZZ BK KG,TVW23S7584X1,R,109.5,Excelis,1 DENT,
COMPLETE,,2024-03-05,,2400005780,2023,SWBS,SWBS R660D S CRS CLX ZZZ BK KG,TVW23S7584X1,F,795,Excelis,Please rework for 20 pieces of cob,
COMPLETE,,2024-03-05,,2400005781,2023,SWBS,SWBS R660D S CRS CLX ZZZ BK KG,TVW23S7587X1,R,329.5,Excelis,Please rework for 4 pieces of smut,
COMPLETE,,2024-03-05,,2400005782,2023,SWBS,SWBS R660D S CRS CLX ZZZ BK KG,TVW23S7587X1,F,739,Excelis,"Please rework for 3 dent, 1 smut, 2 cob",
COMPLETE,,2024-03-05,,2400005783,2023,SWBS,SWBS R660D U CRS CLX ZZZ BK KG,TVW23U7585X1,MF,8368.5,Excelis,Please rework for 1 offtype seed,
COMPLETE,,2024-03-05,,2400005800,2023,SWBS,SWBS R660F U CRS CLX ZZZ BK KG,TVW23U7588X1,R,49.5,Excelis,Please rework for 2 pieces of cob,
COMPLETE,,2024-03-05,,2400005784,2023,SWBS,SWBS R660K S CRS CLX ZZZ BK KG,TVW23S7591X1,R,167.5,Excelis,Please rework for 7 pieces of cob,
COMPLETE,,2024-03-05,,2400005785,2023,SWBS,SWBS R660K S CRS CLX ZZZ BK KG,TVW23S7591X1,F,1051,Excelis,Please rework for 5 pieces of cob,
COMPLETE,,2024-03-05,,2400005789,2023,SWCO,SWCO GSS8937 CRS CLX ZZZ BK KG,ORW077104X1,UN,135,Excelis,"2 OFF TYPES, 3 DENT, 37 COB",
COMPLETE,,2024-03-05,,2400005705,2023,SWCO,SWCO GH6055 CRN CLX ZZZ BK KG,TVC077181X1,MR,141,Excelis,15 DENT,
COMPLETE,,2024-03-05,,2400005665,2023,SWCO,SWCO 1760MR CRS RDF ZZZ BK KG,WAW077001X2,MR,1457,Fresh,5 PIECES OF OTHER CROP,
COMPLETE,,2024-03-05,,2400005787,2023,SWCO,SWCO TYSON CRS CLX ZZZ BK KG,ORW077116X1,MR,784.5,Excelis,Please rework for 2 dent,
COMPLETE,,2024-03-05,,2400005788,2023,SWCO,SWCO TYSON CRS CLX ZZZ BK KG,WAW077123X1,MR,967,Excelis,Please rework for 1 smut,
COMPLETE,,2024-03-05,,2400005658,2023,SWBS,SWBS R373A T CRN CLX ZZZ BK KG,WAW23T7565X1,LR,2293.5,Excelis,2 DENT,
COMPLETE,,2024-03-05,,2400005830,2023,SWCO,SWCO BSS1075-R CRS RDF ZZZ BK KG,WAW077091X2,MF,3913,Fresh,2 COB,
COMPLETE,,2024-03-05,,2400005848,2023,SWBS,SWBS 34B1R1SH2 T CRS CLD ZZZ BK KG,TVW23T7501,R,25.6,,"9 Dent, 10 cob",
COMPLETE,,2024-03-05,,2400005849,2023,SWBS,SWBS 34B1R1SH2 T CRS CLD ZZZ BK KG,TVW23T7501,F,317.5,,4 cob,
COMPLETE,,2024-03-05,,2400005867,2023,SWBS,SWBS AC247W S CRS CLD ZZZ BK KG,TVW23S7513,L,75,,"46 cob, 10 smut",
COMPLETE,,2024-03-05,,2400005868,2023,SWBS,SWBS AC247W S CRS CLD ZZZ BK KG,TVW23S7513,M,90,,"23 cob, 0.69% inert",
COMPLETE,,2024-03-05,,2400005870,2023,SWBS,SWBS AC266Y T CRS CLD ZZZ BK KG,TVW23T7517,LR,142.5,,"12 cob, 3 smut",
COMPLETE,,2024-03-05,,2400005871,2023,SWBS,SWBS AC266Y T CRS CLD ZZZ BK KG,TVW23T7517,LF,388,,6 cob,
COMPLETE,,2024-03-05,,2400005855,2023,SWBS,SWBS R660D S CRS CLX ZZZ BK KG,TVW23S7584X1,R,86,Excelis,2 cob,
COMPLETE,,2024-03-05,,2400005856,2023,SWBS,SWBS R660D S CRS CLX ZZZ BK KG,TVW23S7584X1,F,780.5,Excelis,19 cob,
COMPLETE,,2024-03-05,,2400005857,2023,SWBS,SWBS R660D S CRS CLX ZZZ BK KG,tvw23s7587x1,R,319,Excelis,4 dent,
COMPLETE,,2024-03-05,,2400005844,2023,SWBS,SWBS R420B T CRN CLD ZZZ BK KG,TVC23T7568,MR,140.5,,19 cob,
COMPLETE,,2024-03-05,,2400005845,2023,SWBS,SWBS R421 T CRN CLD ZZZ BK KG,TVC23T7570,MR,94.5,,4 cob,
COMPLETE,,2024-03-05,,2400005846,2023,SWBS,SWBS R430 T CRS CLD ZZZ BK KG,TVW23T7571,R,84,,21 cob,
COMPLETE,,2024-03-05,,2400005847,2023,SWBS,SWBS R430 T CRS CLD ZZZ BK KG,TVW23T7571,F,212.5,,"8 cob, 0.66% inert, 3.85% discolored",
COMPLETE,,2024-03-05,,2400005842,2023,SWBS,SWBS R00664H T CRS CLD ZZZ BK KG,ORW23T7546H,MF,730,GMO,1 dent.  3 cob,
COMPLETE,,2024-03-05,,2400005866,2023,SWBS,SWBS AC206Y S CRS CLD ZZZ BK KG,TVW23S7548,UN,26.79,,26 cob,
COMPLETE,,2024-03-05,,300091877,2023,SWBS,SWBS AC245Y S CRS CLD ZZZ BK KG,TVW23S7512P,L,66.5,,1st failed AP and 1 cob,
COMPLETE,,2024-03-05,,2400005882,2023,SWBS,SWBS AC283Y S CRS CLD ZZZ BK KG,TVW23S7519,UN,43,,20 cob,
COMPLETE,,2024-03-05,,2400005869,2023,SWBS,SWBS AC294Y S CRS CLD ZZZ BK KG,TVW23S7520,F,272,,2 cob,
COMPLETE,,2024-03-05,,2400005594,2023,SWBS,SWBS G9089 T CRS CLD ZZZ BK KG,TVW23T7531,LR,127.5,,Color sort to remove 1.63% offtypes,
COMPLETE,,2024-03-05,,2400005763,2023,SWBS,SWBS G9089 T CRS CLD ZZZ BK KG,TVW23T7531,LF,409.5,,4 cob,
COMPLETE,,2024-03-05,,2400005864,2023,SWBS,SWBS R00153 T CRS CLX ZZZ BK KG,TVW23T7532X1,L,49,Excelis,"5 cob, 10 smut",
COMPLETE,,2024-03-05,,2400005865,2023,SWBS,SWBS R00153 T CRS CLX ZZZ BK KG,TVW23T7532X1,M,83.5,Excelis,"1 dent, 36 cob, 72 smut",
COMPLETE,,2024-03-05,,2400005597,2023,SWBS,SWBS R00638 T CRS CLX ZZZ BK KG,WAW23T7542X1,LF,186,Excelis,Color sort to remove 4.35% offtypes,
COMPLETE,,2024-03-05,,300091878,2023,SWBS,SWBS R00660DM U CRS CLX ZZZ BK KG,TVW23U7544X1,LR,204,Excelis,1st failed AP,
COMPLETE,,2024-03-05,,2400005873,2023,SWBS,SWBS R00660DM U CRS CLX ZZZ BK KG,TVW23U7544X1,MR,737.5,Excelis,2 dent,
COMPLETE,,2024-03-05,,2400005884,2023,SWBS,SWBS R00660DM-SMS S CRS CLX ZZZ BK KG,TVW23S7545X1,UN,70.5,Excelis,"1 dent, 2 cob",
COMPLETE,,2024-03-14,,2400005595,2023,SWBS,SWBS R0662A T CRS CLX ZZZ BK KG,TVW23T7549X1,L,324.5,Excelis,Color sort to remove 1.63% offtypes,
COMPLETE,,2024-03-15,,2400005596,2023,SWBS,SWBS R0662A T CRS CLX ZZZ BK KG,TV W23T7549X1,M,130,Excelis,Color sort to remove 1.63% offtypes,
COMPLETE,,2024-03-18,,2400005885,2023,SWBS,SWBS R10233 S CRS CLX ZZZ BK KG,TVW23S7552X1,UN,102.5,Excelis,4 smut,
COMPLETE,,2024-03-18,,2400005886,2023,SWBS,SWBS R11649 S CRS CLX ZZZ BK KG,TVW23S7554X1,UN,93.5,Excelis,39 cob,
COMPLETE,,2024-03-19,,2400005883,2023,SWBS,SWBS R22153 S CRS CLX ZZZ BK KG,TVW23S7561X1,UN,133,Excelis,10 cob,
COMPLETE,,2024-03-19,,2400005843,2023,SWBS,SWBS R320D S CRS CLD ZZZ BK KG,TVW23S7564,UN,79,,15 Cob.  0.67% inert,
COMPLETE,,2024-03-19,,2400005861,2023,SWBS,SWBS R320D U CRS CLD ZZZ BK KG,TVW23U7563,R,195.5,,8 cob,
COMPLETE,,2024-03-20,,2400005853,2023,SWBS,SWBS R594A S CRS CLX ZZZ BK KG,TVW23S7583X1,LR,133.5,Excelis,"2 dent, 11 cob, 1 smut",
COMPLETE,,2024-03-20,,2400005854,2023,SWBS,SWBS R594A S CRS CLX ZZZ BK KG,TVW23S7583X1,MR,135.5,Excelis,10  Solanum,
COMPLETE,,2024-03-20,,2400005858,2023,SWBS,SWBS R660F U CRS CLX ZZZ BK KG,TVW23U7588X1,R,47,Excelis,1 dent,
COMPLETE,,2024-03-21,,2400005809,2023,SWBS,SWBS R660K S CRS CLX ZZZ BK KG,TVW23S7591X1,R,149,Excelis,"5 dent, 5 cob.",
COMPLETE,,2024-03-21,,2400005810,2023,SWBS,SWBS R660K S CRS CLX ZZZ BK KG,TVW23S7591X1,F,1039,Excelis,"2 dent, 4 cob",
COMPLETE,,2024-03-25,,2400005964,2023,SWBS,SWBS R660D S CRS CLX ZZZ BK KG,TVW23S7587X1,R,306.5,Excelis,1 Dent,
COMPLETE,,2024-03-25,,1001975824,2023,SWBS,SWBS R5001H S CRS CLD ZZZ BK KG,ORW23S7575H,,20,GMO,*Not ran on CS - cleaned on VMEK/handpick,
COMPLETE,,2024-03-27,,2400005918,2023,SWBS,SWBS W0234 S CRN CLD ZZZ BK KG,TVC23S7595,LR,491,,9 Dent,
COMPLETE,,2024-03-27,,2400005917,2023,SWBS,SWBS R594 S CRS CLX ZZZ BK KG,TVW23S7582X1,F,320.5,Excelis,4 Cob,
COMPLETE,,2024-03-28,,2400005929,2023,SWBS,SWBS R11649 S CRS CLX ZZZ BK KG,TVW23S7554X1,UN,84,Excelis,5 Cob,
COMPLETE,,2024-03-28,,2400005930,2023,SWBS,SWBS R00660DM-SMS S CRS CLX ZZZ BK KG,TVW23S7545X1,UN,60.5,Excelis,"4 Dent, 2 Cob",
COMPLETE,,2024-03-29,,2400005931,2023,SWBS,SWBS AC206Y S CRS CLD ZZZ BK KG,TVW23S7548,UN,24.58,,1 Dent,
COMPLETE,,2024-04-01,,2400006099,2023,SWBS,SWBS R5001H S CRS CLD ZZZ BK KG,ORW23S7575H,UN,12.165,GMO,26 Cob,
COMPLETE,,2024-04-01,,2400006092,2023,SWBS,SWBS R320D S CRS CLD ZZZ BK KG,TVW23S7564,UN,62.5,,4 Cob,
COMPLETE,,2024-04-01,,2400006090,2023,SWBS,SWBS R584A T CRS CLX ZZZ BK KG,TVW23T7580X1,LR,144,Excelis,7 Cob,
COMPLETE,,2024-04-02,,2400006094,2023,SWBS,SWBS R00153 T CRS CLX ZZZ BK KG,TVW23T7532X1,M,73.5,Excelis,1 Dent,
COMPLETE,,2024-04-04,,2400006036,2023,SWCO,SWCO GSS8937 CRS CLX ZZZ BK KG,ORW077104X1,UN,106,Excelis,2 Off-Type,
COMPLETE,,2024-04-04,,2400006038,2023,SWCO,SWCO GH6055 CRN CLX ZZZ BK KG,TVC077181X1,MR,108,Excelis,2 Dent,
COMPLETE,,2024-04-08,,2400006093,2023,SWBS,SWBS R00303 T CRN CLX ZZZ BK KG,TVW23T7533X1,R,188.5,Excelis,3 Dent,
COMPLETE,,2024-04-17,,2400006068,2023,SWBS,SWBS AC206Y U CRS CLX ZZZ BK KG,SYNG22522X1,UN,69.5,Excelis,Offtypes,
COMPLETE,,2024-04-19,,2400006095,2023,SWBS,SWBS AC283Y S CRS CLD ZZZ BK KG,TVW23S7519,UN,32.5,,13 Dent,
COMPLETE,,2024-04-20,,2400006105,2023,SWBS,SWBS R660F U CRS CLX ZZZ BK KG,TVW23U7588X1,R,37,Excelis,3 cob,
COMPLETE,,2024-04-25,,300092559,2023,SWBS,SWBS R10233 S CRS CLX ZZZ BK KG,TVW23S7552X1,UN,93,Excelis,Failed AP,
COMPLETE,,2024-04-26,,300092558,2023,SWBS,SWBS R00153 T CRS CLX ZZZ BK KG,TVW23T7532X1,L,39,Excelis,Failed AP,
COMPLETE,,2024-04-27,,300092634,2023,SWCO,SWCO GSS8937 CRS CLX ZZZ BK KG,ORW077104X1,UN,97.5,Excelis,Failed AP,
COMPLETE,,2024-11-06,,2400006218,2024,SWBS,SWBS R00404X S CRN CLX ZZZ BK KG,TVC24S8618X1P,UN,112.5,Excelis,4 DENT,
COMPLETE,,2025-02-04,,2400006585,,SWBS,SWBS R320E S CRS CLX ZZZ BK KG,TVW24S8637X1,UN,52.5,Excelis,3 cob,
COMPLETE,,2025-02-05,,2400006451,,SWCO,SWCO CABO CRS RDF ZZZ BK KG,WAW088514X2,MR,276,Fresh,4 other crop seed,
COMPLETE,,2025-02-06,,2400006452,,SWBS,SWBS W0234 T CRN CLD ZZZ BK KG,TVC248648,MF,188.5,,12 Dent,
COMPLETE,,2025-02-07,,2400006319,,SWCO,SWCO GSS2271 CRS RDY ZZZ BK KG,TVW088595,F,85.5,,1 dent 2 cobs(avoid big loss),
COMPLETE,,2025-02-07,,2400006435,,SWCO,SWCO 3552R CRS RDF ZZZ BK KG,WAW088502X2,MR,205.3,Fresh,Tarelab indicates that there is weed seed,
COMPLETE,,2025-02-10,,2400006601,,SWBS,SWBS R29153 S CRS CLX ZZZ BK KG,TVW24S8652X1,UN,57.5,Excelis,9 cob,
COMPLETE,,2025-02-11,,2400006455,,SWCO,SWCO BSS23648 CRS RDY ZZZ BK KG,WAW088590X2,UN,156.5,Fresh,"5 dent, 17 cob",
COMPLETE,,2025-02-12,,300095110,,SWBS,SWBS R00610 T CRS CLX ZZZ BK KG,TVW24T8621X1,F,161,Excelis,1st failed AP,
COMPLETE,,2025-02-13,,2400006453,,SWBS,SWBS R00610 T CRS CLX ZZZ BK KG,TVW24T8621X1K,L,302.5,Excelis,15 offtypes,
COMPLETE,,2025-02-14,,300095720,,SWBS,SWBS R00610 T CRS CLX ZZZ BK KG,TVW24T8621X1K,M,112,Excelis,1st failed AP,
COMPLETE,,2025-02-14,,2400006487,,SWBS,SWBS R20015 S CRS CLX ZZZ BK KG,TVW24S8634X1,MF,196,Excelis,"10 cob, 0.53% inert",
COMPLETE,,2025-02-17,,2400006454,,SWBS,SWBS R00638 T CRS CLX ZZZ BK KG,TVW24T8623X1,MR,360,Excelis,3 offtypes,
COMPLETE,,2025-02-18,,2400006553,,SWCO,SWCO 7401 IMP CRS RDF ZZZ BK KG,INW088609X2,MF,52,Fresh,2.67% inert,
COMPLETE,,2025-02-18,,2400006602,,SWCO,SWCO 7401 IMP CRS RDF ZZZ BK KG,INW088609X2,MR,102,Fresh,2 cob,
COMPLETE,,2025-02-18,,2400006554,,SWBS,SWBS R10037 S CRS CLX ZZZ BK KG,TVW24S8655X1,UN,93,Excelis,6 dent,
COMPLETE,,2025-02-18,,2400006581,,SWBS,SWBS R11649 T CRS CLX ZZZ BK KG,TVW24T8630X1,L,116.5,Excelis,10 cob,
COMPLETE,,2025-02-25,,2400006559,,SWBS,SWBS R00681A T CRS CLX ZZZ BK KG,TVW24T8658X1,R,193,Excelis,1 dent,
COMPLETE,,2025-02-20,,2400006556,,SWBS,SWBS 34B1R1SH2 T CRS CLD ZZZ BK KG,TVW24T8600,UN,317,,7 cob,
COMPLETE,,2025-02-19,,300095525,,SWBS,SWBS R00638 T CRS CLX ZZZ BK KG,TVW24T8623X1,LR,232.5,Excelis,1st failed AP,
COMPLETE,,2025-02-21,,2400006529,,SWBS,SWBS R00681A S CRS CLX ZZZ BK KG,TVW24S8625X1P,R,164,Excelis,1 dent,
COMPLETE,,2025-02-24,,2400006458,,SWBS,SWBS R00681A S CRS CLX ZZZ BK KG,TVW24S8625X1P,F,329.5,Excelis,1 smut,
COMPLETE,,2025-02-26,,2400006603,,SWBS,SWBS R398P T CRN CLX ZZZ BK KG,TVC24T8638X1,R,367,Excelis,2 dent,
COMPLETE,,2025-02-27,,2400006512,,SWBS,SWBS W0168 T CRN CLD ZZZ BK KG,TVC24T8657,UN,93.5,,"3 dent, 1 cob, 0.56% inert",
COMPLETE,,2025-02-27,,2400006492,,SWCO,SWCO GSS3378 CRS RDF ZZZ BK KG,WAW088568X2,MR,116,Fresh,"1 piece solanum, 1 cob",
COMPLETE,,2025-02-27,,2400006589,,SWBS,SWBS G0012 T CRN CLX ZZZ BK KG,TVC24T8610X1,R,215,Excelis,1 dent,
COMPLETE,,2025-02-28,,2400006588,,SWBS,SWBS R10008 T CRS CLX ZZZ BK KG,TVW24T8626X1,MR,231.5,Excelis,1 dent,
COMPLETE,,2025-02-28,,2400006604,,SWBS,SWBS R20264 S CRS CLX ZZZ BK KG,TVW24S8635X1P,R,254,Excelis,SWBS EX RPR Ppur INT,
COMPLETE,,2025-03-03,,2400006592,,SWBS,SWBS R00610 T CRS CLX ZZZ BK KG,TVW24T8621X1K,L,278,Excelis,2 dent,
COMPLETE,,2025-03-03,,300096015,,SWCO,SWCO GSS3378 CRS RDF ZZZ BK KG,WAW088568X2,LR,246,Fresh,1st failed AP,
COMPLETE,,2025-03-06,,300096101,,SWCO,SWCO GSS3378 CRS RDF ZZZ BK KG,WAW088568X2,LF,169,Fresh,First Failed AP,
COMPLETE,,2025-03-04,,2400006591,,SWCO,SWCO PROTECTOR-R CRS RDY ZZZ BK KG,WAW088550H,LF,390,GMO,7 cob,
COMPLETE,,2025-03-04,,2400006587,,SWBS,SWBS W0234 T CRN CLD ZZZ BK KG,TVC24T8648,LR,103,,1 dent,
COMPLETE,,2025-03-05,,300096215,,SWBS,SWBS R00660DM-SMS S CRS CLX ZZZ BK KG,TVW24S8659X1,L,178,Excelis,1st failed AP,
COMPLETE,,2025-03-05,,300096216,,SWBS,SWBS R10016 T CRS CLX ZZZ BK KG,TVW24T8627X1,R,155,Excelis,1st failed AP,
COMPLETE,,2025-03-06,,300096274,,SWBS,SWBS R10559 S CRS CLX ZZZ BK KG,TVW24S8629X1,UN,83,Excelis,1st Failed AP,
COMPLETE,,2025-03-06,,300096275,,SWBS,SWBS R22659 S CRS CLX ZZZ BK KG,TVW24S8645X1,UN,32,Excelis,1st Failed AP,
COMPLETE,,2026-01-14,,300099040,2025,SWCO,SWCO GSS6924 CRS CLX ZZZ BK KG,WAW099067X1,LR,811,Excelis,FAILED AP X1. NEEDS REWORKED. TARE SHOWS,
COMPLETE,,2026-01-15,,300099143,2025,SWCO,SWCO GSS6924 CRS CLX ZZZ BK KG,WAW099066X1,LF,1284.5,Excelis,FAILED AT X1.  NEEDS REWORKED.  TARE SHO,
COMPLETE,,2026-01-17,,300099142,2025,SWCO,SWCO GSS6924 CRS CLX ZZZ BK KG,WAW099067X1,MR,1891.5,Excelis,FAILED AT X1.  NEEDS REWORKED.  TARE SHO,
COMPLETE,,2026-01-18,,300099041,2025,SWCO,SWCO GSS6924 CRS CLX ZZZ BK KG,WAW099067X1,LF,1897.5,Excelis,FAILED AP X1.  NEEDS REWORKED.  TARE SHO,
COMPLETE,,2026-01-19,,300099144,2025,SWCO,SWCO GSS6924 CRS CLX ZZZ BK KG,WAW099066X1,MR,2147.5,Excelis,FAILED AP X1.  NEEDS REWORKED.  TARE SHO,
COMPLETE,,2026-01-21,,300099145,2025,SWCO,SWCO GSS6924 CRS CLX ZZZ BK KG,WAW099066X1,MF,4910.5,Excelis,FAILED AP 1X.  NEEDS REWORKED.  TARE SHO,
COMPLETE,,2026-01-22,,300099146,2025,SWCO,SWCO GSS6924 CRS CLX ZZZ BK KG,WAW099065X1,MF,16348.5,Excelis,FAILED AP 1X.  NEEDS REWORKED.  TARE SHO,
COMPLETE,,2026-01-24,,300099095,2025,SWCO,SWCO GSS6924 CRS CLX ZZZ BK KG,WAW099065X1,LR,1911.5,Excelis,NEEDS REWORED FOR FAILED TARE 1X.  TARE,
COMPLETE,,2026-01-13,,300099147,2025,SWCO,SWCO GSS 8529 CRS CLX ZZZ BK KG,WAW099037X1,LR,770,Excelis,FAILED AP 1X.  NEEDS REWORKED.  TARE SHO,
COMPLETE,,2026-01-16,,300099148,2025,SWCO,SWCO GSS 8529 CRS CLX ZZZ BK KG,WAW099037X1,LF,1640.5,Excelis,FAILED AP 1X.  NEEDS REWORKED.  TARE SHO,
COMPLETE,,2026-01-20,,300099149,2025,SWCO,SWCO GSS 8529 CRS CLX ZZZ BK KG,WAW099037X1,MF,2823,Excelis,FAILED AP 1X.  NEEDS REWORKED.  TARE SHO,
COMPLETE,,2026-01-23,,300099097,2025,SWCO,SWCO GSS 8529 CRS CLX ZZZ BK KG,WAW099094X1,LR,556,Excelis,NEEDS REWORKED FOR FAILED AP 1X.  TARE A,
COMPLETE,,2026-01-25,,300099096,2025,SWCO,SWCO GSS 8529 CRS CLX ZZZ BK KG,WAW099094X1,MF,3136.5,Excelis,NEEDS REWORKED FOR FAILED TARE 1X.  TARE,
COMPLETE,,2026-01-23,1,2400007349,2025,SWBS,SWBS R00681A T CRS CLX ZZZ BK KG,TVW25T9518X1,LF,394,Excelis,"4.28% discolored, 0.6% damaged",
COMPLETE,,2026-01-23,1,2400007369,2025,SWBS,SWBS R00681A T CRS CLX ZZZ BK KG,TVW25T9518X1,LR,396.5,Excelis,"3.16% discolored, 2.19% damaged",
COMPLETE,,2026-02-20,,300099625,2025,SWCO,SWCO GSS38823 CRS RDF ZZZ BK KG,,,88.5,Fresh,1st failed AP,
COMPLETE,,2026-01-26,,300099098,2025,SWCO,SWCO TYSON CRS CLX ZZZ BK KG,WAW099086X1,LR,3995,Excelis,NEEDS REWORKED FOR FAILED AP 1X.  TARE A,
COMPLETE,,2026-01-27,,300099099,2025,SWCO,SWCO TYSON CRS CLX ZZZ BK KG,WAW099086X1,LF,5898.5,Excelis,NEEDS REWOKRED FOR FAILED AP 1X.  TARE A,
COMPLETE,,2026-02-12,,2400007307,2025,SWCO,SWCO TYSON CRS CLX ZZZ BK KG,WAW099086X1,MF,14006.5,Excelis,2.04% discolored,
COMPLETE,,2026-03-26,1,2400007486,2025,SWCO,SWCO GSS9040 CRS CLX ZZZ BK KG,WAW099070X1,MF,751,Excelis,"0.99 discolored, 1 smut",
COMPLETE,,2026-03-23,1,300099632,2025,SWCO,SWCO GSS9040 CRS CLX ZZZ BK KG,WAW099070X1,LR,256.5,Excelis,1st failed AP,
COMPLETE,,2026-03-24,1,300099633,2025,SWCO,SWCO GSS9040 CRS CLX ZZZ BK KG,WAW099070X1,LF,470.593,Excelis,1st failed AP,
COMPLETE,,2026-03-18,1,2400007433,2025,SWCO,SWCO GSS9040 CRS CLX ZZZ BK KG,WAW099070X1,MR,518,Excelis,"1.6 damaged, 0.59 discolored",
COMPLETE,,2026-01-29,,2400007271,2025,SWCO,SWCO MATRIARCH CRS RDY ZZZ BK KG,WAW099072HJ1,LF,470.5,GMO,1 smut,
COMPLETE,,2026-01-30,,2400007312,2025,SWCO,SWCO MATRIARCH CRS RDY ZZZ BK KG,WAW099072H,LR,564.5,GMO,1 smut,
COMPLETE,,2026-02-01,,2400007381,2025,SWCO,SWCO MATRIARCH CRS RDY ZZZ BK KG,WAW099072H,LF,1263,GMO,1 smut,
COMPLETE,,2026-02-02,,2400007117,2025,SWCO,SWCO MATRIARCH CRS RDY ZZZ BK KG,WAW099072H,MR,1376.5,GMO,2 smut and 1 cob,
COMPLETE,,2026-01-31,,2400007343,2025,SWCO,SWCO MATRIARCH CRS RDY ZZZ BK KG,WAW099072HJ1,MR,576.5,GMO,1 noxious weed,
COMPLETE,,2026-02-03,,2400007119,2025,SWCO,SWCO SILVER QUEEN CRN RDY ZZZ BK KG,WAC099044,MF,1599,,7 offtypes,
COMPLETE,,2026-02-04,,2400007314,2025,SWCO,SWCO SILVER QUEEN CRN RDY ZZZ BK KG,WAC099044,MR,2056,,"15 offtypes, 47 dent",
COMPLETE,,2026-01-28,,300099069,2025,SWCO,SWCO PLAYA CRS RDF ZZZ BK KG,WAW099078X2,LR,12819,Fresh,1st failed AP,
COMPLETE,,2026-02-10,,2400007273,2025,SWCO,SWCO SILVER QUEEN CRN RDY ZZZ BK KG,WAC099044,LR,10910.5,,"8 other crop seeds<(>,<)> 5 offtypes",
COMPLETE,,2026-02-11,,2400007403,2025,SWCO,SWCO SILVER QUEEN CRN RDY ZZZ BK KG,WAC099083,LR,19292.5,,3 offtypes,
COMPLETE,,2026-02-13,,2400007424,2025,SWCO,SWCO ACCENTUATE CRS RDF ZZZ BK KG,WAW099003X2,,4849,Fresh,"3 cob, 3.08% discolored",
COMPLETE,,2026-02-13,,2400007297,2025,SWCO,SWCO BSS3556 CRS RDF ZZZ BK KG,TVW099013X2,,713.5,Fresh,"1 cob, 2.25% discolored",
COMPLETE,VMEK,2026-02-13,,2400007425,2025,SWCO,SWCO WSS33739 CRS RDF ZZZ BK KG,TVW099089X2,,536.5,Fresh,"9 cob, 2.28 discolored, 61 offtypes",
COMPLETE,VMEK,2026-02-13,,2400007426,2025,SWCO,SWCO WSS3949 CRS RDF ZZZ BK KG,TVW099090X2,UN,43,Fresh,"0.81 discolored, 1 other crop seed",
COMPLETE,VMEK,2026-02-13,,2400007461,2025,SWCO,SWCO BSS31212 CRS RDF ZZZ BK KG,TVW099011X2,MR,255,Fresh,1.6 % discolored,
COMPLETE,,2026-02-13,,2400007399,2025,SWCO,SWCO BSS31212 CRS RDF ZZZ BK KG,TVW099011X2,LF,2018.5,Fresh,"2 cob, 0.97% discolored, 1 noxious weed",
COMPLETE,,2026-02-16,,2400007394,2024,SWCO,SWCO SILVER QUEEN CRN RDY ZZZ BK KG,WAC088582W,LR,13468.5,,"9 dent<(>,,<)> 0.6 discolored",
COMPLETE,VMEK,2026-02-16,,2400007376,2025,SWCO,SWCO SILVER QUEEN CRN RDY ZZZ BK KG,TVC099552,UN,302,,8 offtypes,
COMPLETE,VMEK,2026-02-16,,2400007379,2025,SWBS,SWBS W0767 S CRN CLD ZZZ BK KG,TVC25S9554,MR,200,,19 dent,
COMPLETE,VMEK,2026-02-16,,2400007487,2025,SWBS,SWBS W0767 S CRN CLD ZZZ BK KG,TVC25S9554,LR,158.5,,37 dent,
COMPLETE,VMEK,2026-02-16,,2400007353,2025,SWBS,SWBS W0767 S CRN CLD ZZZ BK KG,TVC25S9554,LF,386,,4 dent,
COMPLETE,,2026-02-16,,2400007435,2025,SWCO,SWCO GSS31004 CRS RDF ZZZ BK KG,WAW099049X2,MR,1804.5,Fresh,3 offtypes,
COMPLETE,VMEK,2026-02-17,,2400007452,2025,SWCO,SWCO GSS1474 CRS CLX ZZZ BK KG,WAW099042X1,M,148,Excelis,"2 cob, 1 smut",
COMPLETE,VMEK,2026-02-17,,2400007416,2025,SWBS,SWBS R16826 S CRS CLX ZZZ BK KG,TVW25S9530X1,UN,197,Excelis,"3 cob, 1 smut",
COMPLETE,VMEK,2026-02-17,,2400007490,2025,SWCO,SWCO GSS4479 CRS CLX ZZZ BK KG,WAW099060X1,LR,300.5,Excelis,"1 smut, 1 cob",
COMPLETE,VMEK,2026-02-17,,2400007488,2025,SWBS,SWBS R11965 S CRS CLX ZZZ BK KG,TVW25S9525X1,M,341.5,Excelis,"3 cob, 2 smut",
COMPLETE,VMEK,2026-02-18,,2400007485,2025,SWBS,SWBS R39232 S CRS CLX ZZZ BK KG,TVC25S9541X1,LF,384.5,Excelis,2 dent,
COMPLETE,LINE 1,2026-02-18,,2400007462,2025,SWCO,SWCO GSS1477S CRS CLX ZZZ BK KG,WAW099043X1W,LR,1386,Excelis,1 smut,
COMPLETE,LINE 1,2026-02-19,,2400007358,2025,SWCO,SWCO GH6055 CRN CLX ZZZ BK KG,ORC099032X1,MF,3206.5,Excelis,3 smut,
COMPLETE,LINE 1,2026-02-19,,2400007356,2025,SWCO,SWCO GH6055 CRN CLX ZZZ BK KG,ORC099032X1,MR,3396,Excelis,10 dent,
COMPLETE,LINE 1,2026-02-20,,2400007357,2025,SWCO,SWCO GH6055 CRN CLX ZZZ BK KG,ORC099032X1,LF,21818,Excelis,6 dent,
COMPLETE,VMEK,2026-02-23,,2400007585,2025,SWBS,SWBS R00153 T CRS CLX ZZZ BK KG,TVW25T9515X1K,UN,61.5,Excelis,2 cob,
COMPLETE,VMEK,2026-02-23,,2400007586,2025,SWBS,SWBS R36291 S CRN CLX ZZZ BK KG,TVC25S9540X1,LR,140.5,Excelis,3 cob,
COMPLETE,VMEK,2026-02-23,,2400007567,2025,SWBS,SWBS R16793 S CRS CLX ZZZ BK KG,TVW25S9529X1,M,270.5,Excelis,3 dent,
COMPLETE,VMEK,2026-02-23,,2400007641,2025,SWBS,SWBS R21807 S CRS CLX ZZZ BK KG,TVW25S9531X1,UN,120,Excelis,"10 dent, 3 cob",
COMPLETE,LINE 1,2026-02-23,,2400007550,2025,SWCO,SWCO TRADITION CRS RDF ZZZ BK KG,WAW099009X2,MF,392,Fresh,9 cob,
COMPLETE,LINE 1,2026-02-23,,2400007622,2025,SWCO,SWCO TRADITION CRS RDF ZZZ BK KG,WAW099009X2,LR,636.5,Fresh,2 cob,
COMPLETE,VMEK,2026-02-23,,2400007351,2024,SWCO,SWCO HONEY SELECT CRT RDY ZZZ BK KG,ORT088608,MR,283.5,,1.64 discolored,
COMPLETE,VMEK,2026-02-23,,2400007510,2025,SWBS,SWBS R320E T CRS CLD ZZZ BK KG,TVW25T9538,UN,178.5,,7 cob,
COMPLETE,VMEK,2026-02-23,,2400007502,2025,SWCO,SWCO FIJI CRS RDF ZZZ BK KG,WAW099022X2,LF,191,Fresh,1 smut,
COMPLETE,VMEK,2026-02-23,,2400007522,2025,SWCO,SWCO FIJI CRS RDF ZZZ BK KG,TVW099023X2,LR,239.5,Fresh,5 other crop seed,
COMPLETE,VMEK,2026-02-23,,2400007624,2025,SWBS,SWBS R565A T CRS CLX ZZZ BK KG,CCW25T9010X1,MR,171.5,Excelis,"3 cob, 1 dent",
COMPLETE,LINE 1,2026-02-23,,2400007509,2025,SWBS,SWBS R594A T CRS CLX ZZZ BK KG,TVW25T9550X1,LR,488.5,Excelis,"3 cob, 2 smut",
COMPLETE,VMEK,2026-02-23,,2400007626,2025,SWBS,SWBS R747 T CRS CLX ZZZ BK KG,TVW25T9551X1,MR,107,Excelis,2 cob,
COMPLETE,LINE 1,2026-02-23,,2400007475,2025,SWBS,SWBS R00153 T CRS CLX ZZZ BK KG,TVW25T9514X1,L,233.5,Excelis,"27 cob, 4 smut",
COMPLETE,LINE 1,2026-02-23,,2400007511,2025,SWBS,SWBS R00153 T CRS CLX ZZZ BK KG,TVW25T9515X1,UN,116,Excelis,2 cob,
COMPLETE,LINE 1,2026-02-23,,2400007603,2025,SWBS,SWBS R00153 T CRS CLX ZZZ BK KG,TVW25T9514X1,M,255.5,Excelis,5 cob,
COMPLETE,VMEK,2026-02-24,,2400007459,2025,SWBS,SWBS AC254Y T CRS CLD ZZZ BK KG,TVW25T9510,UN,146,,7 cob,
COMPLETE,LINE 2,2026-02-24,,2400007621,2025,SWBS,SWBS AC082Y T CRS CLD ZZZ BK KG,TVW25T9500,UN,284,,4 cob,
COMPLETE,LINE 2,2026-02-24,,2400007564,2025,SWBS,SWBS AC246Y S CRS CLD ZZZ BK KG,TVW25S9508,LR,298.5,,3 cob,
COMPLETE,LINE 2,2026-02-24,,2400007471,2025,SWBS,SWBS AC092YIMP S CRS CLD ZZZ BK KG,TVW25S9501,MR,320,,2 cob,
COMPLETE,LINE 2,2026-02-24,,2400007601,2025,SWBS,SWBS AC092YIMP S CRS CLD ZZZ BK KG,TVW25S9501,LR,212,,1 dent,
COMPLETE,LINE 2,2026-02-24,,2400007660,2025,SWBS,SWBS AC157Y S CRS CLD ZZZ BK KG,TVW25S9504,M,224,,2 cob,
COMPLETE,LINE 2,2026-02-24,,2400007642,2025,SWBS,SWBS R36291 S CRN CLX ZZZ BK KG,TVC25S9540X1,LF,235,Excelis,2 cob,
COMPLETE,LINE 2,2026-02-24,,2400007628,2025,SWBS,SWBS AC092YIMP S CRS CLD ZZZ BK KG,TVW25S9501,MF,252.5,,2 cob,
COMPLETE,LINE 2,2026-02-24,,2400007623,2025,SWBS,SWBS R293B S CRN CLD ZZZ BK KG,TVC25S9535,L,559,,1 dent,
COMPLETE,LINE 1,2026-02-24,,2400007701,2025,SWCO,SWCO BSS31212 CRS RDF ZZZ BK KG,TVW099011X2,MF,329,Fresh,4 cob,
COMPLETE,LINE 1,2026-02-24,,2400007474,2025,SWBS,SWBS R11649 T CRS CLX ZZZ BK KG,TVW25T9524X1,LF,323,Excelis,7 cob,
COMPLETE,LINE 1,2026-02-24,,2400007630,2025,SWBS,SWBS R11649 T CRS CLX ZZZ BK KG,TVW25T9524X1,MF,390.5,Excelis,"17 cob, 9 other crop seeds",
COMPLETE,LINE 1,2026-02-24,,2400007720,2025,SWBS,SWBS AC157Y T CRS CLD ZZZ BK KG,TVW25T9505,MF,481.5,,"2.54% discolored, 0.55% damaged",
COMPLETE,LINE 1,2026-02-24,,2400007742,2025,SWCO,SWCO GH6055 CRN CLX ZZZ BK KG,ORC099032X1,LR,9101.5,Excelis,NEEDS REWORKED FOR 2 PC DENT.,
COMPLETE,VMEK,2026-02-25,,2400007458,2025,SWBS,SWBS R594A T CRS CLX ZZZ BK KG,TVW25T9550X1,MR,112,Excelis,2 smut,
COMPLETE,VMEK,2026-02-25,,2400007602,2025,SWBS,SWBS R594A T CRS CLX ZZZ BK KG,TVW25T9550X1,MF,59,Excelis,"21 cob, 5 smut",
COMPLETE,LINE 1,2026-02-25,,2400007625,2025,SWBS,SWBS R594A T CRS CLX ZZZ BK KG,TVW25T9550X1,LF,251.5,Excelis,7 cob,
COMPLETE,VMEK,2026-02-25,,2400007568,2025,SWBS,SWBS R5001H U CRS CLD ZZZ BK KG,TVW25U9544H,UN,43.5,GMO,"2 dent, 2 offtypes",
COMPLETE,VMEK,2026-02-25,,2400007620,2025,SWBS,SWBS R4001H T CRS CLD ZZZ BK KG,TVW25T9542H,MR,151,GMO,1 dent,
COMPLETE,VMEK,2026-02-25,,2400007627,2025,SWBS,SWBS AC206Y T CRS CLD ZZZ BK KG,TVW25T9506,MF,57.5,,"4 cob, 1.19% inert",
COMPLETE,LINE 2,2026-02-25,,2400007600,2025,SWBS,SWBS AC092YIMP S CRS CLD ZZZ BK KG,TVW25S9501,LF,180,,"3 cob, 1 dent",
COMPLETE,LINE 1,2026-02-25,,2400007681,2025,SWBS,SWBS W0767 S CRN CLD ZZZ BK KG,TVC25S9554,LF,370,,4 dent,
COMPLETE,VMEK,2026-02-25,,2400007554,2025,SWBS,SWBS AC101Y S CRS CLD ZZZ BK KG,TVW25S9502,UN,238.5,,5 cob,
COMPLETE,VMEK,2026-02-25,,2400007643,2025,SWBS,SWBS R0662A S CRS CLX ZZZ BK KG,TVW25S9522X1,UN,143,Excelis,2 cob,
COMPLETE,LINE 2,2026-02-25,,2400007472,2025,SWBS,SWBS G01110 T CRS CLX ZZZ BK KG,TVW25T9512X1,L,296.5,Excelis,"5 cob, 6 offtype",
COMPLETE,LINE 2,2026-02-25,,2400007604,2025,SWBS,SWBS R11649 T CRS CLX ZZZ BK KG,TVW25T9524X1,MR,219.5,Excelis,"11 cob, 8 other crop seeds",
COMPLETE,LINE 1,2026-02-25,,2400007588,2025,SWBS,SWBS R00398F-SMS T CRN CLX ZZZ BK KG,TVC25T9516X1,LR,199,Excelis,5 dent,
COMPLETE,LINE 2,2026-02-25,,2400007512,2025,SWBS,SWBS R00398F-SMS T CRN CLX ZZZ BK KG,TVC25T9516X1,LF,234.5,Excelis,4 dent,
COMPLETE,VMEK,2026-02-25,,2400007661,2025,SWBS,SWBS R14759 S CRS CLX ZZZ BK KG,TVW25S9526X1,UN,90.5,Excelis,2 cob,
COMPLETE,VMEK,2026-02-26,,2400007605,2025,SWBS,SWBS R28153 T CRS CLX ZZZ BK KG,TVW25T9532X1,UN,48.5,Excelis,"2 cob, 1 smut",
COMPLETE,LINE 1,2026-02-26,,300099447,2025,SWCO,SWCO GARRISON-R CRS RDF ZZZ BK KG,TVW099024X2,LF,2075,Fresh,1st failed AP,
COMPLETE,LINE 1,2026-02-26,,2400007327,,SWCO,SWCO BSS1075-R CRS RDF ZZZ BK KG,,,7405.5,,1 smut,
COMPLETE,LINE 1,2026-02-26,,300099557,2025,SWCO,SWCO GARRISON-R CRS RDF ZZZ BK KG,WAW099026X2J,MR,2240.5,Fresh,1st Failed AP,
COMPLETE,LINE 2,2026-02-27,,2400007549,2025,SWCO,SWCO GSS3228 CRS RDF ZZZ BK KG,TVW099051X2,L,218.5,Fresh,3 cob,
COMPLETE,VMEK,2026-02-27,,2400007407,2025,SWCO,SWCO BSS3556 CRS RDF ZZZ BK KG,TVW099013X2,MF,113.5,Fresh,"2 cob, 2.49 damaged, 1.13 discolored",
COMPLETE,VMEK,2026-02-27,,2400007662,2025,SWBS,SWBS W0168 T CRN CLD ZZZ BK KG,TVC25T9553,LR,186.5,,"1.85% damaged, 2.34% discolored",
COMPLETE,LINE 2,2026-03-02,,2400007629,2025,SWBS,SWBS R11649 T CRS CLX ZZZ BK KG,TVW25T9524X1,LR,176,Excelis,"63 cob, 1 dent",
COMPLETE,LINE 2,2026-03-02,,2400007581,2025,SWBS,SWBS R10457 S CRS CLX ZZZ BK KG,TVW25S9521X1,LR,153,Excelis,2 cob,
COMPLETE,VMEK,2026-03-02,,2400007583,2025,SWBS,SWBS R15468 S CRS CLX ZZZ BK KG,TVW25S9528X1,M,128.5,Excelis,"1 cob, 2 dent",
COMPLETE,VMEK,2026-03-02,,2400007724,2025,SWCO,SWCO WSS3949 CRS RDF ZZZ BK KG,TVW099090X2,UN,39.5,Fresh,35 offtypes,
COMPLETE,VMEK,2026-03-03,,2400007547,2025,SWBS,SWBS R747 T CRS CLX ZZZ BK KG,TVW25T9551X1,MF,136,Excelis,"2.98% damaged, 0.98% discolored",
COMPLETE,LINE 1,2026-02-26,,300099695,2025,SWCO,SWCO GARRISON-R CRS RDF ZZZ BK KG,TVW099025X2,LR,2103.5,Fresh,1st failed AP,
COMPLETE,LINE 1,2026-02-26,,2400007281,2025,SWCO,SWCO GARRISON-R CRS RDF ZZZ BK KG,WAW099027X2,MF,17122,Fresh,2 cob,
COMPLETE,VMEK,2026-02-27,,2400007491,2025,SWCO,SWCO GSS 8529 CRS CLX ZZZ BK KG,WAW099038X1,LR,154.5,Excelis,FAILED TARE FOR 4 PC DENT 30% HEAVY AND,
COMPLETE,VMEK,2026-02-27,,300100520,2025,SWBS,SWBS R28153 T CRS CLX ZZZ BK KG,TVW25T9533X1,UN,171,Excelis,1st failed AP,
COMPLETE,VMEK,2026-02-27,,2400007682,2025,SWBS,SWBS W0767 S CRN CLD ZZZ BK KG,TVC25S9554,LR,121,,20 dent,
COMPLETE,VMEK,2026-02-27,,300100519,2025,SWBS,SWBS R00681A T CRS CLX ZZZ BK KG,TVW25T9518X1,MR,118.5,Excelis,1st failed AP,
COMPLETE,LINE 2,2026-03-02,,2400007551,2025,SWBS,SWBS R30343 S CRN CLX ZZZ BK KG,TVC25S9537X1,LR,298,Excelis,76 dent,
COMPLETE,LINE 2,2026-03-03,,2400007740,2025,SWCO,SWCO WSS2524 CRS RDF ZZZ BK KG,TVW099088X2,L,167.5,Fresh,NEEDS REWORKED FOR FAILED TARE DUE TO 1,
COMPLETE,VMEK,2026-02-27,,300100521,2025,SWCO,SWCO BSS36922 CRS RDF ZZZ BK KG,TVW099014X2,M,198,Fresh,1st failed AP,
COMPLETE,VMEK,2026-03-02,,300100518,2025,SWBS,SWBS R584A T CRS CLX ZZZ BK KG,TVW25T9549X1,LF,240.5,Excelis,1st failed AP,
COMPLETE,LINE 2,2026-03-02,,2400007706,2025,SWBS,SWBS R00118 T CRS CLX ZZZ BK KG,TVW25T9513X1,LF,226.5,Excelis,2 cob,
COMPLETE,LINE 2,2026-03-02,,2400007761,2025,SWBS,SWBS R00118 T CRS CLX ZZZ BK KG,TVW25T9513X1,MR,242,Excelis,12 cob,
COMPLETE,VMEK,2026-03-02,,2400007705,2025,SWBS,SWBS R00153 T CRS CLX ZZZ BK KG,TVW25T9515X1K,UN,47,Excelis,3 weed,
COMPLETE,VMEK,2026-03-02,,2400007800,2025,SWBS,SWBS R21807 S CRS CLX ZZZ BK KG,TVW25S9531X1,UN,97.5,Excelis,9 cob,
COMPLETE,LINE 2,2026-03-04,,2400007364,2025,SWCO,SWCO P&C EARLY CRN RDY ZZZ BK KG,WAC099077,MR,4466.5,,300 dent.  Please run through color sort,
COMPLETE,LINE 2,2026-03-05,,2400007589,2025,SWCO,SWCO P&C EARLY CRN RDY ZZZ BK KG,WAC099077,LF,3794.507,,"177 dent, please run through color sorte",
COMPLETE,LINE 1,2026-03-05,,2400007406,2025,SWCO,SWCO BSS1075-R CRS RDF ZZZ BK KG,WAW099005X2,MR,3870,Fresh,2 cob,
COMPLETE,LINE 1,2026-03-06,,2400007445,2025,SWCO,SWCO BSS1075-R CRS RDF ZZZ BK KG,WAW099005X2,MF,1189.932,Fresh,12 cob,
COMPLETE,LINE 2,2026-03-06,,2400007727,2025,SWCO,SWCO P&C EARLY CRN RDY ZZZ BK KG,WAC099077,LR,6241.5,,44 dent.  Please run through color sorte,
COMPLETE,LINE 1,2026-03-10,,2400007708,2025,SWCO,SWCO BSS1075-R CRS RDF ZZZ BK KG,WAW099007X2J,MF,6890,Fresh,2 cob,
COMPLETE,LINE 2,2026-03-09,,2400007587,2025,SWCO,SWCO MATRIARCH CRS RDY ZZZ BK KG,WAW099072HJ1,MR,568.5,GMO,1 nightshade,
COMPLETE,LINE 2,2026-03-09,,2400007565,2025,SWBS,SWBS R4099H S CRS CLD ZZZ BK KG,TVW25S9543H,UN,246,GMO,7 cob,
COMPLETE,LINE 2,2026-03-09,,2400007294,2025,SWCO,SWCO WSS33739 CRS RDF ZZZ BK KG,TVW099089X2,M,184.5,Fresh,"1 cob, 3.04 damaged, 3.8 discolored, 142",
COMPLETE,LINE 1,2026-03-12,,2400007763,2025,SWCO,SWCO GARRISON-R CRS RDF ZZZ BK KG,WAW0990027X2,MF,16939.5,Fresh,2 cob,
COMPLETE,LINE 1,2026-03-12,,2400007821,2025,SWCO,SWCO BSS1075-R CRS RDF ZZZ BK KG,WAW099006X2,MF,7322.5,Fresh,2 cob,
COMPLETE,LINE 2,2026-03-12,,2400007555,2025,SWCO,SWCO SILVER QUEEN CRN RDY ZZZ BK KG,WAC099044,MF,1581,,3 offtypes,
COMPLETE,LINE 1,2026-03-12,,2400007707,2025,SWBS,SWBS R00153 T CRS CLX ZZZ BK KG,TVW25T9514X1,M,243,Excelis,"33 cob, 9 smut",
COMPLETE,LINE 1,2026-03-12,,2400007743,2025,SWCO,SWCO TRADITION CRS RDF ZZZ BK KG,WAW099009X2,MF,386,Fresh,"1 smut, 5 cob",
COMPLETE,LINE 1,2026-03-12,,2400007771,2025,SWBS,SWBS R11649 T CRS CLX ZZZ BK KG,TVW25T9524X1,LF,290,Excelis,"8 cob, 1 dent",
COMPLETE,VMEK,2026-03-12,,2400007746,2025,SWBS,SWBS AC092YIMP S CRS CLD ZZZ BK KG,TVW25S9501,LR,199.5,,1 dent,
COMPLETE,LINE 1,2026-03-12,,2400007825,2024,SWCO,SWCO SILVER QUEEN CRN RDY ZZZ BK KG,WAC088582W,LR,11606,,12 dent,
COMPLETE,VMEK,2026-03-13,,2400007765,2025,SWBS,SWBS R28153 T CRS CLX ZZZ BK KG,TVW25T9533X1,UN,148,Excelis,8 cob,
COMPLETE,LINE 1,2026-03-13,,2400007729,2025,SWBS,SWBS AC101Y S CRS CLD ZZZ BK KG,TVW25S9502,UN,227.5,,"2 cob, 1 smut",
COMPLETE,,2026-03-13,,2400007752,,SWCO,SWCO WSS3949 CRS RDF ZZZ BK KG,,,25,Fresh,3 offtypes - please use color sorter or,
COMPLETE,LINE 1,2026-03-13,,2400007710,2025,SWCO,SWCO ACCENTUATE CRS RDF ZZZ BK KG,WAW099003X2,MF,3173.5,Fresh,"1 cob, 2.85% discolored",
COMPLETE,VMEK,2026-03-13,,2400007753,2025,SWBS,SWBS R00398F-SMS T CRN CLX ZZZ BK KG,TVC25T9516X1,LF,216,Excelis,1 dent,
COMPLETE,VMEK,2026-03-16,,2400007754,2025,SWBS,SWBS R00398F-SMS T CRN CLX ZZZ BK KG,TVC25T9516X1,LR,187,Excelis,16 dent,
COMPLETE,LINE 2,2026-03-16,,2400007725,2025,SWBS,SWBS R36291 S CRN CLX ZZZ BK KG,TVC25S9540X1,LF,219.5,Excelis,6 dent,
COMPLETE,VMEK,2026-03-16,,2400007745,2025,SWBS,SWBS R36291 S CRN CLX ZZZ BK KG,TVC25S9540X1,LR,122.5,Excelis,5 dent,
COMPLETE,LINE 1,2026-03-16,,2400007770,2025,SWBS,SWBS R11649 T CRS CLX ZZZ BK KG,TVW25T9524X1,MR,202,Excelis,"8 cob, 2 dent",
COMPLETE,LINE 2,2026-03-17,,2400007769,2025,SWBS,SWBS AC082Y T CRS CLD ZZZ BK KG,TVW25T9500,UN,276.5,,"2 cob, 3 dent",
COMPLETE,VMEK,2026-03-17,,2400007709,2025,SWBS,SWBS R11649 T CRS CLX ZZZ BK KG,TVW25T9524X1,LR,151,Excelis,21 cob,
COMPLETE,,2026-03-17,,2400007775,2025,SWBS,SWBS R21807 S CRS CLX ZZZ BK KG,TVW25S9531X1,UN,82.5,Excelis,7 cob,
COMPLETE,VMEK,2026-03-17,,2400007826,2025,SWCO,SWCO FIJI CRS RDF ZZZ BK KG,WAW099022X2,LF,183.5,Fresh,3 cob,
COMPLETE,LINE 2,2026-03-18,,2400007306,2025,SWCO,SWCO 7210R CRS RDF ZZZ BK KG,ORW099002X2,MF,1478.5,Fresh,"1 smut, 7 dent",
COMPLETE,VMEK,2026-03-19,,2400007827,2025,SWCO,SWCO BSS36922 CRS RDF ZZZ BK KG,TVW099014X2,M,187,Fresh,2 cob,
COMPLETE,LINE 2,2026-03-19,,2400007764,2025,SWBS,SWBS R30343 S CRN CLX ZZZ BK KG,TVC25S9537X1,LR,273,Excelis,11 dent,
COMPLETE,LINE 2,2026-03-19,,2400007304,2025,SWCO,SWCO 7210R CRS RDF ZZZ BK KG,ORW099002X2,LF,1215.5,Fresh,"1 cob, 2.38% discolored",
COMPLETE,VMEK,2026-03-19,,2400007828,2025,SWCO,SWCO WSS33739 CRS RDF ZZZ BK KG,TVW099089X2,M,128,Fresh,5 offtypes,
COMPLETE,VMEK,2026-03-19,,2400007773,2025,SWBS,SWBS R00118 T CRS CLX ZZZ BK KG,TVW25T9513X1,LF,220,Excelis,3 offtypes,
COMPLETE,LINE 2,2026-03-20,,2400007258,2025,SWCO,SWCO 7210R CRS RDF ZZZ BK KG,ORW099002X2,LR,1612,Fresh,"1 cob, 0.93% discolored, 115 dent",
COMPLETE,LINE 2,2026-03-21,,2400007774,2025,SWCO,SWCO P&C EARLY CRN RDY ZZZ BK KG,WAC099077,MR,3849.5,,33 Dent,
COMPLETE,LINE 1,2026-03-22,,2400007860,2025,SWCO,SWCO ACCENTUATE CRS RDF ZZZ BK KG,WAW099003X2,MF,2872.5,Fresh,5.05 discolored,
COMPLETE,LINE 2,2026-03-23,,2400007688,2025,SWCO,SWCO ACCESSION CRS RDF ZZZ BK KG,WAW099004X2,LR,640,Fresh,4 cob,
COMPLETE,LINE 2,2026-03-24,,2400007799,2025,SWCO,SWCO TRADITION CRS RDF ZZZ BK KG,WAW099009X2,MF,378.5,Fresh,19 cob,
COMPLETE,,2026-03-25,,300100954,,SWCO,SWCO GARRISON-R CRS RDF ZZZ BK KG,DUPLICATE ORDER,,11172.5,Fresh,1st failed AP,
COMPLETE,LINE 1,2026-03-26,,2400007730,2025,SWCO,SWCO WSS33739 CRS RDF ZZZ BK KG,TVW099089X2,M,120.5,Fresh,2 cob,
COMPLETE,LINE 1,2026-03-27,,2400007862,2025,SWCO,SWCO 7210R CRS RDF ZZZ BK KG,ORW099002X2,MR,1221,Fresh,"1.8 damaged, 0.92 discolored",
COMPLETE,VMEK,2026-03-30,,2400007842,2025,SWBS,SWBS W0767 S CRN CLD ZZZ BK KG,TVC25S9554,LR,103,,2 dent,
COMPLETE,VMEK,2026-03-31,,2400007844,2025,SWBS,SWBS AC092YIMP S CRS CLD ZZZ BK KG,TVW25S9501,LR,180.5,,4 dent,
COMPLETE,VMEK,2026-04-01,,2400007846,2025,SWCO,SWCO GSS9040 CRS CLX ZZZ BK KG,TVW099070X1,LF,362.5,Excelis,2 cob,
COMPLETE,VMEK,2026-04-06,,2400007843,2025,SWBS,SWBS AC082Y T CRS CLD ZZZ BK KG,TVW25T9500,UN,214,,3 dent,
COMPLETE,LINE 2,2026-04-09,,2400007834,2025,SWCO,SWCO DESERT FROST CRS RDY ZZZ BK KG,TVW099020X2,LR,1270.5,Fresh,4 offtypes,
COMPLETE,LINE 1,2026-04-10,,2400007712,2025,SWCO,SWCO 7210R CRS RDF ZZZ BK KG,ORW099002X2,LF,985,Fresh,28 Dent,
COMPLETE,VMEK,2026-04-13,,2400007845,2025,SWCO,SWCO TRADITION CRS RDF ZZZ BK KG,WAW099009X2,MF,346.5,Fresh,3 cob,
COMPLETE,LINE 2,2026-04-20,,2400007835,2025,SWCO,SWCO GSS2272 CRS CLX ZZZ BK KG,TVW099048X1,F,248.5,Excelis,2 cob,
COMPLETE,LINE 2,2026-04-22,,2400007783,2024,SWCO,SWCO SILVER QUEEN CRN RDY ZZZ BK KG,WAC088582W,LR,11330,,11 dent,
COMPLETE,LINE 1,2026-04-24,,2400007691,2025,SWCO,SWCO GH6055 CRN CLX ZZZ BK KG,ORC099032X1,MR,3288,Excelis,FAILED FOR 1 PC DENT.  NOTHING ELSE IN T,
COMPLETE,LINE 1,2026-04-27,,2400007692,2025,SWCO,SWCO GH6055 CRN CLX ZZZ BK KG,ORC099032X1,LRH,797.5,Excelis,FAILED TARE FOR 3 PC DENT. NOTHING ELSE,
COMPLETE,VMEK,2026-04-15,1,300101007,2025,SWBS,SWBS AC092YIMP S CRS CLD ZZZ BK KG,TVW25S9501,LR,187.5,,VERSION 2 OF THE PARENT SEED HAND PICK P,
COMPLETE,VMEK,2026-04-15,1,300101005,2018,SWBS,SWBS R20261 T CRS RDY ZZZ BK KG,PL182562,F,245.15,,VERSION 2 OF THE PARENT SEED HAND PICK P,
COMPLETE,VMEK,2026-04-15,1,300101006,2018,SWBS,SWBS R20261 T CRS RDY ZZZ BK KG,PL182562,R,109.5,,VERSION 2 OF THE PARENT SEED HAND PICK P,
COMPLETE,VMEK,2026-04-15,1,300100919,2018,SWBS,SWBS AC254Y S CRS RDY ZZZ BK KG,TVW18S2001,LR,67,,VERSION 2 OF THE PARENT SEED HAND PICK P,
COMPLETE,VMEK,2026-04-15,1,300100920,2018,SWBS,SWBS AC254Y S CRS RDY ZZZ BK KG,TVW18S2001,MF,143.126,,VERSION 2 OF THE PARENT SEED HAND PICK P,
COMPLETE,VMEK,2026-04-15,1,300101008,2023,SWBS,SWBS AC228W T CRS RDY ZZZ BK KG,TVW23T7510,LF,237,,VERSION 2 OF THE PARENT SEED HAND PICK P,
COMPLETE,VMEK,2026-04-15,1,300101003,2023,SWBS,SWBS AC294Y S CRS RDY ZZZ BK KG,TVW23S7520,R,105.5,,VERSION 2 OF THE PARENT SEED HAND PICK P,
COMPLETE,VMEK,2026-04-15,1,300101004,2023,SWBS,SWBS AC294Y S CRS RDY ZZZ BK KG,TVW23S7520,F,99.46,,VERSION 2 OF THE PARENT SEED HAND PICK P,
COMPLETE,VMEK,2026-04-15,1,300100921,2023,SWBS,SWBS AC256W S CRS RDY ZZZ BK KG,TVW23S7514,UN,272.454,,VERSION 2 OF THE PARENT SEED HAND PICK P,
COMPLETE,VMEK,2026-04-15,1,300101002,2013,SWBS,SWBS AC256W T CRS RDY ZZZ BK KG,832052*BL-FLT,F,45.657,,VERSION 2 OF THE PARENT SEED HAND PICK P,
COMPLETE,LINE 2,2026-04-29,,2400007690,2025,SWCO,SWCO GH6055 CRN CLX ZZZ BK KG,ORC099032X1,LR,8966.094,Excelis,FAILED TARE FOR 1 PC DENT. NOTHING ELSE,
COMPLETE,LINE 2,2026-05-01,,300101374,2025,SWCO,SWCO GSS2271 CRS RDY ZZZ BK KG,TVW099047X2,LR,146.5,Fresh,1st failed AP.,
COMPLETE,LINE 2,2026-05-04,,300101375,2025,SWCO,SWCO GSS2271 CRS RDY ZZZ BK KG,TVW099047X2,MR,196.5,Fresh,1st failed AP,
COMPLETE,LINE 2,2026-05-04,,300101376,2025,SWCO,SWCO GSS2271 CRS RDY ZZZ BK KG,TVW099047X2,MF,606.5,Fresh,1st failed AP,
COMPLETE,LINE 2,2026-05-04,,2400007836,2025,SWCO,SWCO TRADITION CRS RDF ZZZ BK KG,WAW099009X2,MF,328.5,Fresh,4 cob,
COMPLETE,LINE 2,2026-05-12,,300101424,2025,SWCO,SWCO GSS5649 CRS CLX ZZZ BK KG,TVW099063X1,MF,14287.5,Excelis,NEEDS REWORKED TO REMOVE SMALL SEED (OR,
COMPLETE,LINE 2,2026-05-28,,300101588,2025,SWBS,SWBS R00153 T CRS CLX ZZZ BK KG,TVW25T9514X1,M,231,Excelis,1st failed AP,
COMPLETE,LINE 2,2026-05-28,,2400007926,2025,SWCO,SWCO TRADITION CRS RDF ZZZ BK KG,TVW099010X2,MR,181,Fresh,"3 cob, 9 dent",
COMPLETE,LINE 2,2026-05-28,,2400007994,2025,SWCO,SWCO TRADITION CRS RDF ZZZ BK KG,TVW099010X2,MF,130,Fresh,"8 cob, 23 dent",
COMPLETE,LINE 2,2026-06-05,,2400007995,2025,SWBS,SWBS R00153 T CRS CLX ZZZ BK KG,TVW25T9514X1,M,192,Excelis,4 cob,
COMPLETE,LINE 2,2026-06-09,,300101736,2025,SWCO,SWCO TRADITION CRS RDF ZZZ BK KG,TVW099010X2,LF,270,Fresh,1st failed AP,
COMPLETE,LINE 2,2026-07-06,,300101762,2025,SWCO,SWCO GH6055 CRN CLX ZZZ BK KG,ORC099032X1,LR,8551.5,Excelis,SEEDS NEEDS REWORKED FOR FAILED AP X2. T,
COMPLETE,LINE 2,2026-08-04,,300102034,2022,SWBS,SWBS G4075 T CRS RDX ZZZ BK KG,WAW22T6560X1,MR,355.5,Excelis,COLOR SORT ONLY -  HAND PICK PROJECT FOR CHILE - ANZ 26-,
COMPLETE,LINE 2,2026-08-05,,300102035,2023,SWBS,SWBS G4075 T CRS RDX ZZZ BK KG,WAW23T7528X1,LR,204.5,Excelis,COLOR SORT ONLY -  HAND PICK PROJECT FOR CHILE - ANZ 26-,
COMPLETE,LINE 2,2026-08-05,,300102036,2023,SWBS,SWBS G4075 T CRS RDX ZZZ BK KG,WAW23T7529X1,L,255.5,Excelis,COLOR SORT ONLY -  HAND PICK PROJECT FOR CHILE - ANZ 26-,
COMPLETE,LINE 2,2026-08-06,,300102037,2023,SWBS,SWBS G4075 T CRS RDX ZZZ BK KG,TVW23T7530X1,L,122,Excelis,COLOR SORT ONLY -  HAND PICK PROJECT FOR CHILE - ANZ 26-,
COMPLETE,LINE 2,2026-08-06,,300102038,2023,SWBS,SWBS G4075 T CRS RDX ZZZ BK KG,WAW23T7528X1,MR,496,Excelis,COLOR SORT ONLY -  HAND PICK PROJECT FOR CHILE - ANZ 26-,
COMPLETE,LINE 2,2026-08-07,,300102039,2023,SWBS,SWBS G4075 T CRS RDX ZZZ BK KG,TVW23T7530X1,MF,1235.5,Excelis,COLOR SORT ONLY -  HAND PICK PROJECT FOR CHILE - ANZ 26-,
COMPLETE,LINE 2,2026-08-07,,300102040,2022,SWBS,SWBS G4075 T CRS RDX ZZZ BK KG,WAW22T6560X1,LR,371,Excelis,COLOR SORT ONLY -  HAND PICK PROJECT FOR CHILE - ANZ 26-,
