All Components,
Process Order,Resource
100028467,PASSHLTH
100028679,PASSHLTH
100028680,PASSHLTH
100028681,PASSHLTH
100028748,SSVLN5
100028749,PASSHLTH
100028750,PASSHLTH
100028768,PASSHLTH
120000902,LSVLN2
120000903,LSVLN2
120000904,LSVLN2
300097077,LSVGRVTY
300102025,SSVRPR3
300102029,LSVGRVTY
300102044,LSVGRVTY
300102065,LSVGRVTY
300102084,LSVGRVTY
300102119,SSVLN6
300102184,LSVGRVTY
300102375,LSVGRVTY
300102378,LSVGRVTY
300102379,LSVGRVTY
300102387,SSVLN5
300102388,SSVLN5
300102392,SSVRPR5
300102393,SSVRPR5
300102394,SSVRPR5
300102395,SSVRPR5
300102396,SSVRPR5
300102397,SSVRPR5
300102398,SSVRPR5
300102399,SSVRPR5
300102400,SSVRPR5
300102401,SSVRPR5
300102523,SSVRPR6
300102542,SSVRPR5
1002150398,LSVLN1
1002154380,PASSHLTH
1002163895,LSVLN2
1002173171,PASSHLTH
1002174855,LSVLN1
1002176708,PASSHLTH
1002180564,PASSHLTH
1002181889,LSVLN1
1002262558,SSVLN5
1002266120,LSVLN2
1002266350,LSVLN1
1002266351,LSVLN1
1002266356,LSVLN1
1002266886,LSVLN1
1002266889,LSVLN1
1002266913,LSVLN1
1002267630,LSVLN1
1002270166,LSVLN2
1002271911,SSVLN6
1002271976,SSVLN6
1002282491,LSVLN2
1002290130,PASSHLTH
1002292927,SSVLN6
1002294970,SSVLN3
1002295402,LSVLN1
1002295415,LSVLN1
1002295419,LSVLN2
1002297494,PASSHLTH
1002297496,PASSHLTH
1002297497,PASSHLTH
1002297501,PASSHLTH
1002297502,PASSHLTH
1002297503,PASSHLTH
1002297504,PASSHLTH
1002297505,PASSHLTH
1002297546,PASSHLTH
1002297547,PASSHLTH
1002297548,PASSHLTH
1002297550,PASSHLTH
1002297551,PASSHLTH
1002297552,PASSHLTH
1002298021,SSVLN3
1002298024,SSVLN3
1002298025,SSVLN3
1002298227,SSVLN3
1002299671,SSVLN3
1002299673,SSVLN6
1002300227,PASSHLTH
1002300228,PASSHLTH
1002300229,PASSHLTH
1002300810,LSVLN2
1002300812,LSVLN2
1002300813,LSVLN2
1002300814,LSVLN2
1002300816,LSVLN2
1002300819,LSVLN2
1002300820,LSVLN2
1002300822,LSVLN2
1002300825,LSVLN2
1002300826,LSVLN2
1002300828,SSVLN3
1002300829,SSVLN3
1002300973,SSVLN6
1002300974,SSVLN3
1002300975,SSVLN6
1002300976,SSVLN6
1002301022,SSVLN6
1002301023,SSVLN6
1002301138,PASSHLTH
1002301139,PASSHLTH
1002301140,PASSHLTH
1002301141,PASSHLTH
1002301228,SSVLN5
1002301229,SSVLN5
1002301912,PASSHLTH
1002301913,PASSHLTH
1002302295,SSVLN6
1002302356,SSVLN5
1002302357,SSVLN5
1002302358,SSVLN5
1002302359,SSVLN6
1002302361,SSVLN6
1002302362,SSVLN6
1002302679,SSVLN3
1002302748,SSVLN5
1002302884,LSVLN2
1002302885,LSVLN2
1002302915,LSVLN1
1002302916,LSVLN1
1002303120,LSVLN2
1002303189,LSVLN2
1002303190,LSVLN2
1002303193,LSVLN2
1002303195,LSVLN2
1002303196,LSVLN2
1002303204,LSVLN2
1002303211,LSVLN2
1002303213,LSVLN2
1002303218,LSVLN2
1002303237,LSVLN2
1002303238,LSVLN2
1002303255,SSVLN6
1002303256,SSVLN3
1002303257,SSVLN3
1002304236,SSVLN5
1002304237,SSVLN5
1002304238,SSVLN5
1002304239,SSVLN6
1002304240,SSVLN5
1002304965,LSVLN2
1002305105,SSVLN5
1002305519,LSVLN2
1002305614,SSVLN5
1002305615,SSVLN5
1002305616,SSVLN6
1002305617,SSVLN5
1002305699,SSVLN3
1002305700,SSVLN6
1002306285,SSVLN5
1002306426,SSVLN5
1002306427,SSVLN5
1002306428,SSVLN5
1002306429,SSVLN5
1002307261,LSVLN2
1002307491,SSVLN6
1002307492,SSVLN5
1002307493,SSVLN6
1002307494,SSVLN6
1002307495,SSVLN6
1002307496,SSVLN6
1002307550,LSVLN2
1002307551,LSVLN2
1002307552,LSVLN1
1002307905,LSVLN2
1002307954,PASSHLTH
1002307955,PASSHLTH
1002307956,PASSHLTH
1002307957,PASSHLTH
1002307958,PASSHLTH
1002307959,PASSHLTH
1002307960,PASSHLTH
1002307961,PASSHLTH
1002308866,LSVLN2
1002309118,SSVLN3
1002309119,SSVLN3
1002309463,LSVLN2
1002309500,SSVLN5
1002309501,SSVLN5
1002309502,SSVLN5
1002309503,SSVLN5
1002309504,SSVLN5
1002309549,SSVLN5
1002309552,SSVLN5
2400007436,LSVGRVTY
2400007696,LSVGRVTY
2400007863,LSVGRVTY
2400007882,LSVGRVTY
2400007887,LSVGRVTY
2400008011,LSVGRVTY
2400008012,LSVGRVTY
2400008019,LSVGRVTY
2400008066,LSVGRVTY
2400008067,LSVGRVTY
2400008075,LSVGRVTY
2400008076,LSVGRVTY
2400008091,LSVGRVTY
2400008094,LSVGRVTY
2400008095,LSVGRVTY
2400008116,LSVGRVTY
2400008125,LSVGRVTY
2400008126,LSVGRVTY
2400008133,LSVGRVTY
2400008150,LSVGRVTY
2400008151,LSVGRVTY
2400008180,LSVGRVTY
2400008221,LSVGRVTY
2400008268,LSVGRVTY
2400008280,LSVGRVTY
