Run Order,PO Status,Scheduled Finish Date,Priority,PO Number,Crop Year,Species,Material Description,Lot Number,Input Weight (KG),Excelis / GMO,Comments,Output Weight (KG),Loss %,PSL Cleanout,Week Number,Duplicate Formula,Loss Helper,PO Finished?
,COMPLETE,2024-07-19,,1002011683,2024CL,SWBS,SWBS AC077W S CRS CLD ZZZ BK KG,24-MZ2286,381,,SWBS  RAW-CLD INT L2B,294,0.228346456692913,,,,Bad,Complete
,COMPLETE,2024-09-23,,1002034638,2024,SWBS,SWBS AC206Y T CRS CLD ZZZ BK KG,TVW24T8606,458,,,345.5,0.245633187772926,,,,Bad,Complete
,COMPLETE,2024-09-28,,1002039320,2024,SWBS,SWBS R20005 S CRS CLX ZZZ BK KG,TVW24S8631X1,1555.5,Excelis,,1239.5,0.203150112504018,,,,Bad,Complete
,COMPLETE,2024-09-30,,1002039322,2024,SWBS,SWBS R20005 T CRS CLX ZZZ BK KG,TVW24T8632X1,267,Excelis,,198,0.258426966292135,,,,Bad,Complete
,COMPLETE,2024-10-02,,1002039199,2024,SWBS,SWBS R20005 U CRS CLX ZZZ BK KG,TVW24U8633X1,1278.5,Excelis,,897,0.298396558466953,,,,Bad,Complete
,COMPLETE,2024-10-15,,1002042679,2024,SWBS,SWBS R00404X S CRN CLX ZZZ BK KG,TVC24S8618X1,217.5,Excelis,,167,0.232183908045977,-,,,Bad,Complete
,COMPLETE,2024-10-15,,1002042680,2024,SWBS,SWBS AC245Y T CRS CLD ZZZ BK KG,TVW24T8607,2578,,,1826.5,0.291505042668735,-,,,Bad,Complete
,COMPLETE,2024-10-17,2,1002040179,2024,SWCO,SWCO EA COGENT CRN RDY ZZZ BK KG,WAC088517,2282,,,1905.5,0.16498685363716,14.5,,,Good,Complete
,COMPLETE,2024-10-18,3,1002035875,2024,SWCO,SWCO BSS31212 CRS RDF ZZZ BK KG,TVW088600X2,838,Fresh,,440,0.474940334128878,25.07,,,Good,Complete
,COMPLETE,2024-10-18,1,1002044551,2024,SWCO,SWCO YETI CRS RDF ZZZ BK KG,WAW088566X2,1480,Fresh,SWCO RAW RDY SUP INT L2B,1249.5,0.155743243243243,13.58,,,Good,Complete
,COMPLETE,2024-10-19,1,1002035876,2024,SWCO,SWCO BSS3556 CRS RDF ZZZ BK KG,WAW088509X2,306,Fresh,SWCO RAW RDY SUP INT L2B,241.5,0.21078431372549,-,,,Bad,Complete
,COMPLETE,2024-10-21,7,1002044373,2024,SWCO,SWCO GH4927-C CRN RDY ZZZ BK KG,WAC088522,278,,SWCO RAW RDY STD INT L2B,226,0.18705035971223,-,,,Bad,Complete
,COMPLETE,2024-10-25,1,1002048131,2024,SWCO,SWCO DESERT FROST CRS RDY ZZZ BK KG,TVW088567X2,1644,Fresh,SWCO RAW RDY SUP INT L2B,1088,0.338199513381995,21.52,,,Good,Complete
,COMPLETE,2024-10-25,1,1002048132,2024,SWCO,SWCO DESERT FROST CRS RDY ZZZ BK KG,TVW088562X2,631,Fresh,SWCO RAW RDY SUP INT L2B,386,0.388272583201268,21.15,,,Good,Complete
,COMPLETE,2024-10-26,1,1002043801,2024,SWBS,SWBS AC206Y S CRS CLD ZZZ BK KG,TVW24S8605,151,,SWBS  RAW-CLD INT L2B,85,0.437086092715232,-,,,Bad,Complete
,COMPLETE,2024-10-26,1,1002043802,2024,SWBS,SWBS AC206Y S CRS CLD ZZZ BK KG,TVW24S8605K,25,,SWBS  RAW-CLD INT L2B,10.25,0.59,-,,,Bad,Complete
,COMPLETE,2024-10-30,8,1002045030,2024,SWCO,SWCO 7210R CRS RDF ZZZ BK KG,WAW088503X2,3930,Fresh,SWCO RAW RDY SUP INT L2B,3151,0.198218829516539,15.23,,,Good,Complete
,COMPLETE,2024-10-28,,1002040291,2024,SWBS,SWBS W0016 T CRN CLD ZZZ BK KG,TVC24T8647,611.5,,SWBS  RAW-CLD INT L2B,528,0.136549468520033,12.15,,,Good,Complete
,COMPLETE,2024-10-28,5,1002048133,2024,SWCO,SWCO GSS4479 CRS RDY ZZZ BK KG,WAW088535X2,1384,Fresh,SWCO RAW RDY SUP INT L2B,899.5,0.35007225433526,17.5,,,Good,Complete
,COMPLETE,2024-10-29,7,1002048130,2024,SWCO,SWCO GSS3378 CRS RDF ZZZ BK KG,WAW088568X2,1424.5,Fresh,SWCO RAW RDY SUP INT L2B,733.5,0.485082485082485,23.59,,,Good,Complete
,COMPLETE,2024-10-30,,1002041904,2024,SWBS,SWBS R00565H S CRS CLD ZZZ BK KG,TVW24S8619H,78,GMO,SWBS  RAW-CLD INT L2B,42.5,0.455128205128205,-,,,Bad,Complete
,COMPLETE,2024-10-31,,1002041905,2024,SWBS,SWBS R00565H U CRS CLD ZZZ BK KG,TVW24U8620H,349,GMO,SWBS  RAW-CLD INT L2B,215,0.383954154727794,-,,,Bad,Complete
,COMPLETE,2024-11-01,,1002041986,2024,SWBS,SWBS R5001H T CRS CLD ZZZ BK KG,TVW24T8640H,138,GMO,SWBS  RAW-CLD INT L2B,44,0.681159420289855,-,,,Bad,Complete
,COMPLETE,2024-11-02,,1002040296,2024,SWBS,SWBS AC144Y U CRS CLD ZZZ BK KG,TVW24U8603,810,,SWBS  RAW-CLD INT L2B,521,0.35679012345679,18.56,,,Good,Complete
,COMPLETE,2024-11-04,,1002040293,2024,SWBS,SWBS R31001-CMS S CRN CLX ZZZ BK KG,TVC24S8649X1,1419.5,Excelis,SWBS RAX-CLX INT L2B,1261,0.111659034871434,19.65,,,Good,Complete
,COMPLETE,2024-11-06,,1002040297,2024,SWBS,SWBS R00610 T CRS CLX ZZZ BK KG,TVW24T8621X1,901.5,Excelis,SWBS RAX-CLX INT L2B,851.5,0.055463117027177,12.63,,,Good,Complete
,COMPLETE,2024-11-06,,1002040295,2024,SWBS,SWBS R31001 S CRN CLX ZZZ BK KG,TVC24S8650X1,964,Excelis,SWBS RAX-CLX INT L2B,874.5,0.092842323651452,12.73,,,Good,Complete
,COMPLETE,2024-11-07,,1002040298,2024,SWBS,SWBS G01110 T CRS CLX ZZZ BK KG,TVW24T8611X1,130.5,Excelis,SWBS RAX-CLX INT Ln1,84,0.35632183908046,13.05,,,Good,Complete
,COMPLETE,2024-11-07,,1002043803,2024,SWBS,SWBS AC144Y S CRS CLD ZZZ BK KG,TVW24S8602,232.5,,SWBS  RAW-CLD INT L2B,149.17,0.358408602150538,-,,,Bad,Complete
,COMPLETE,2024-11-08,,1002043805,2024,SWBS,SWBS R11649 T CRS CLX ZZZ BK KG,TVW24T8630X1,290,Excelis,SWBS RAX-CLX INT L2B,190.5,0.343103448275862,-,,,Bad,Complete
,COMPLETE,2024-11-05,4,1002035966,2024,SWCO,SWCO BSS23648 CRS RDY ZZZ BK KG,WAW088590X2,253.5,Fresh,SWCO RAW RDY SUP INT L2B,177,0.301775147928994,29.06,,,Good,Complete
,COMPLETE,2024-11-09,,1002047055,2024,SWBS,SWBS W0234 T CRN CLD ZZZ BK KG,TVC24T8648,1255.5,,SWBS  RAW-CLD INT L2B,1110,0.115890083632019,-,,,Bad,Complete
,COMPLETE,2024-11-11,,1002047056,2024,SWBS,SWBS R20015 S CRS CLX ZZZ BK KG,TVW24S8634X1,1206,Excelis,SWBS RAX-CLX INT L2B,1007.5,0.164593698175788,-,,,Bad,Complete
,COMPLETE,2024-11-12,,1002047057,2024,SWBS,SWBS R22153 T CRS CLX ZZZ BK KG,TVW24T8636X1,769,Excelis,SWBS RAX-CLX INT L2B,585.5,0.238621586475943,-,,,Bad,Complete
,COMPLETE,2024-11-13,,1002047058,2024,SWBS,SWBS R30167 S CRN CLX ZZZ BK KG,TVC24S8653X1,683.5,Excelis,SWBS RAX-CLX INT L2B,619,0.094367227505486,-,,,Bad,Complete
,COMPLETE,2024-11-13,,1002047059,2024,SWBS,SWBS R29153 S CRS CLX ZZZ BK KG,TVW24S8652X1,89.5,Excelis,SWBS RAX-CLX INT L2B,68,0.240223463687151,-,,,Bad,Complete
,COMPLETE,2024-11-14,,1002047060,2024,SWBS,SWBS R39415 S CRN CLX ZZZ BK KG,TVW24S8646X1,764,Excelis,SWBS RAX-CLX INT L2B,670.33,0.122604712041885,-,,,Bad,Complete
,COMPLETE,2024-11-18,,1002047063,2024,SWBS,SWBS AC265Y T CRS CLD ZZZ BK KG,TVW24T8647,497.5,,SWBS  RAW-CLD INT L2B,402.5,0.190954773869347,-,,,Bad,Complete
,COMPLETE,2024-11-19,,1002047064,2024,SWBS,SWBS R10233 T CRS CLX ZZZ BK KG,TVW24T8628X1,275.5,Excelis,SWBS RAX-CLX INT L2B,235,0.147005444646098,-,,,Bad,Complete
,COMPLETE,2024-11-15,,1002047062,2024,SWBS,SWBS R00610 T CRS CLX ZZZ BK KG,TVW24T8621X1K,580.5,Excelis,SWBS RAX-CLX INT L2B,476,0.180017226528854,10,,,Good,Complete
,COMPLETE,2024-11-20,3,1002035645,2024,SWCO,SWCO BSS23648 CRS RDY ZZZ BK KG,TVW088510X2,64,Fresh,SWCO RAW RDY SUP INT L2B,46.5,0.2734375,,,,Bad,Complete
,COMPLETE,2024-11-21,3,1002035874,2024,SWCO,SWCO BSS31212 CRS RDF ZZZ BK KG,TVW088558X2,1239,Fresh,SWCO RAW RDY SUP INT L2B,953,0.230831315577078,,,,Bad,Complete
,COMPLETE,2024-12-07,7,1002053408,2024,SWCO,SWCO GLACIAL CRS RDF ZZZ BK KG,WAW088593X2,1931,Fresh,SWCO RAW RDY SUP INT Ln1,1558.5,0.192905230450544,15.9,,,Good,Complete
,COMPLETE,2024-11-23,5,1002054349,2024,SWCO,SWCO PATRON CRS RDY ZZZ BK KG,WAW088557H,2150,GMO,SWCO RAW RDY SUP INT L2B,1823,0.152093023255814,18.29,,,Good,Complete
,COMPLETE,2024-11-27,1,1002055902,2024,SWCO,SWCO KANDY KORN CRN RDY ZZZ BK KG,WAC088544J,1109,,SWCO RAW RDY STD INT L2B,957.5,0.136609558160505,14.18,,,Good,Complete
,COMPLETE,2024-12-02,5,1002036810,2024,SWCO,SWCO SILVER KING CRN RDY ZZZ BK KG,ORC088508,2006,,SWCO RAW RDY STD INT Ln1,1371.5,0.31630109670987,-,,,Bad,Complete
,COMPLETE,2024-12-03,5,1002054354,2024,SWCO,SWCO SILVER KING CRN RDY ZZZ BK KG,ORC088579K,623,,SWCO RAW RDY STD INT L2B,432,0.306581059390048,-,,,Bad,Complete
,COMPLETE,2024-12-04,5,1002054350,2024,SWCO,SWCO BSS37654 CRS RDY ZZZ BK KG,TVW088511X2,435.5,Fresh,SWCO RAW RDY SUP INT L2B,301.5,0.307692307692308,-,,,Bad,Complete
,COMPLETE,2024-12-05,5,1002054351,2024,SWCO,SWCO WSS33739 CRS RDY ZZZ BK KG,TVW088565X2,338,Fresh,SWCO RAW RDY SUP INT L2B,211,0.375739644970414,-,,,Bad,Complete
,COMPLETE,2024-12-06,5,1002054352,2024,SWCO,SWCO YETI CRS RDY ZZZ BK KG,TVW088560X2,284,Fresh,SWCO RAW RDY SUP INT L2B,201.5,0.290492957746479,-,,,Bad,Complete
,COMPLETE,2024-12-07,5,1002054353,2024,SWCO,SWCO WSS2524 CRS RDY ZZZ BK KG,TVW088563X2,333.5,Fresh,SWCO RAW RDY SUP INT L2B,238.5,0.284857571214393,-,,,Bad,Complete
,COMPLETE,2024-12-24,6VMEK,1002064914,2024,SWCO,SWCO BC39064 CRT RDY ZZZ BK KG,ORW088541,80,,SWCO RAW RDY TRI INT L2B,70,0.125,-,,,Bad,Complete
,COMPLETE,2024-12-23,6,1002035637,2024,SWCO,SWCO 7401 IMP CRS RDF ZZZ BK KG,INW088609X2,2770,Fresh,SWCO RAW RDY SUP INT Ln1,1622,0.414440433212996,-,,,Bad,Complete
,COMPLETE,2025-01-06,2A,1002064913,2024,SWCO,SWCO GSS3378 CRS RDF ZZZ BK KG,TVW088532X2P,64,Fresh,SWCO RAW RDY SUP INT L2B,31.5,0.5078125,-,,,Bad,Complete
,COMPLETE,2025-01-07,7,1002035877,2024,SWCO,SWCO CABO CRS RDF ZZZ BK KG,INW088611X2,2394.5,Fresh,SWCO RAW RDY SUP INT Ln1,1738.5,0.273961160993944,-,,,Bad,Complete
,COMPLETE,2025-01-08,8,1002036265,2024,SWCO,SWCO HONEY SELECT CRT RDY ZZZ BK KG,ORT088608,2580,,SWCO RAW RDY TRI INT Ln1,2215.5,0.141279069767442,-,,,Bad,Complete
,COMPLETE,2025-01-09,9,1002036824,2024,SWCO,SWCO SS7403RY CRS RDF ZZZ BK KG,INW088612X2,2143,Fresh,SWCO RAW RDY SUP INT Ln1,1598,0.254316378908073,-,,,Bad,Complete
,COMPLETE,2025-01-11,2A,1002057321,2024,SWBS,SWBS 34B1R1SH2 T CRS CLD ZZZ BK KG,TVW24T8600,510,,SWBS  RAW-CLD INT L2B,317,0.37843137254902,-,,,Bad,Complete
,COMPLETE,2025-02-01,2A,1002057970,2024,SWBS,SWBS G3003 T CRN CLX ZZZ BK KG,TVC24T8613X1,504.5,Excelis,SWBS RAX-CLX INT L2B,410,0.187314172447968,-,,,Bad,Complete
,COMPLETE,2025-02-04,2A,1002057973,2024,SWBS,SWBS R10037 S CRS CLX ZZZ BK KG,TVW24S8655X1,130,Excelis,SWBS RAX-CLX INT L2B,93,0.284615384615385,-,,,Bad,Complete
,COMPLETE,2025-01-10,2A,1002057320,2024,SWBS,SWBS W0168 T CRN CLD ZZZ BK KG,TVC24T8657,138.5,,SWBS  RAW-CLD INT L2B,93.5,0.324909747292419,-,,,Bad,Complete
,COMPLETE,2025-01-12,,1002057322,2024,SWBS,SWBS 47BB3SH2RGI T CRS CLD ZZZ BK KG,TVW24T8601,626,,SWBS  RAW-CLD INT L2B,425,0.321086261980831,-,,,Bad,Complete
,COMPLETE,2025-01-13,2A,1002057323,2024,SWBS,SWBS R629 S CRS CLX ZZZ BK KG,TVW24S8642X1,289,Excelis,SWBS RAX-CLX INT L2B,170,0.411764705882353,-,,,Bad,Complete
,COMPLETE,2025-01-14,,1002057324,2024,SWBS,SWBS R681 T CRS CLX ZZZ BK KG,TVW24T8643X1,1400,Excelis,SWBS RAX-CLX INT L2B,1034,0.261428571428571,-,,,Bad,Complete
,COMPLETE,2025-01-15,,1002057325,2024,SWBS,SWBS R398P T CRN CLX ZZZ BK KG,TVC24T8638X1,1943,Excelis,SWBS RAX-CLX INT L2B,1713,0.118373648996397,-,,,Bad,Complete
,COMPLETE,2025-01-16,,1002057934,2024,SWBS,SWBS R584A S CRS CLX ZZZ BK KG,TVW24S8641X1,1891,Excelis,SWBS RAX-CLX INT L2B,1599,0.154415653093601,16.37,,,Good,Complete
,COMPLETE,2025-01-17,,1002057935,2024,SWBS,SWBS R00303 T CRN CLX ZZZ BK KG,TVC24T8617X1,756.5,Excelis,SWBS RAX-CLX INT L2B,612,0.191011235955056,-,,,Bad,Complete
,COMPLETE,2025-01-18,,1002057936,2024,SWBS,SWBS R00681A S CRS CLX ZZZ BK KG,TVW24S8625X1P,762.5,Excelis,SWBS RAX-CLX INT L2B,494.5,0.351475409836066,-,,,Bad,Complete
,COMPLETE,2025-01-19,,1002057937,2024,SWBS,SWBS R00681A T CRS CLX ZZZ BK KG,TVW24T8658X1,920,Excelis,SWBS RAX-CLX INT L2B,563.5,0.3875,-,,,Bad,Complete
,COMPLETE,2025-01-20,,1002057938,2024,SWBS,SWBS G9089 S CRS CLX ZZZ BK KG,TVW24S8614X1P,745,Excelis,SWBS RAX-CLX INT L2B,547,0.265771812080537,-,,,Bad,Complete
,COMPLETE,2025-01-21,,1002057939,2024,SWBS,SWBS AC157Y T CRS CLD ZZZ BK KG,TVW24T8604,1085.5,,SWBS  RAW-CLD INT L2B,814,0.250115154306771,-,,,Bad,Complete
,COMPLETE,2025-01-22,2A,1002057940,2024,SWBS,SWBS AC247W T CRS CLD ZZZ BK KG,TVW24T8608,176,,SWBS  RAW-CLD INT L2B,91.5,0.480113636363636,-,,,Bad,Complete
,COMPLETE,2025-01-23,2A,1002057941,2024,SWBS,SWBS R320E S CRS CLX ZZZ BK KG,TVW24S8637X1,95.5,Excelis,SWBS RAX-CLX INT L2B,53.5,0.43979057591623,-,,,Bad,Complete
,COMPLETE,2025-01-25,2A,1002057943,2024,SWBS,SWBS AC092YIMP S CRS CLD ZZZ BK KG,TVW24S8656,35.5,,SWBS  RAW-CLD INT L2B,19.8,0.44225352112676,-,,,Bad,Complete
,COMPLETE,2025-02-02,2A,1002057971,2024,SWBS,SWBS R10559 S CRS CLX ZZZ BK KG,TVW24S8629X1,105.5,Excelis,SWBS RAX-CLX INT L2B,83,0.213270142180095,-,,,Bad,Complete
,COMPLETE,2025-02-03,2A,1002057972,2024,SWBS,SWBS R22659 S CRS CLX ZZZ BK KG,TVW24S8645X1,51,Excelis,SWBS RAX-CLX INT L2B,31.5,0.38235294117647,-,,,Bad,Complete
,COMPLETE,2025-01-28,,1002057942,2024,SWBS,SWBS R20264 S CRS CLX ZZZ BK KG,TVW24S8635X1P,923.5,Excelis,SWBS RAX-CLX INT L2B,676,0.268002165674066,-,,,Bad,Complete
,COMPLETE,2025-01-29,,1002057944,2024,SWBS,SWBS R410G T CRN CLX ZZZ BK KG,TVC24T8639X1,1527.5,Excelis,SWBS RAX-CLX INT L2B,1259.5,0.17545008183306,-,,,Bad,Complete
,COMPLETE,2025-01-30,,1002057945,2024,SWBS,SWBS R10008 T CRS CLX ZZZ BK KG,TVW24T8626X1,1951,Excelis,SWBS RAX-CLX INT L2B,1453,0.255253716043055,22.7,,,Good,Complete
,COMPLETE,2025-01-31,,1002057966,2024,SWBS,SWBS G0012 T CRN CLX ZZZ BK KG,TVC24T8610X1,640.5,Excelis,SWBS RAX-CLX INT L2B,549.5,0.14207650273224,-,,,Bad,Complete
,COMPLETE,2025-02-03,,1002057967,2024,SWBS,SWBS R10016 T CRS CLX ZZZ BK KG,TVW24T8627X1,879,Excelis,SWBS RAX-CLX INT L2B,765.5,0.129124004550626,,,,Bad,Complete
,COMPLETE,2025-02-04,,1002057968,2024,SWBS,SWBS R00660DM-SMS S CRS CLX ZZZ BK KG,TVW24S8659X1,567,Excelis,SWBS RAX-CLX INT L2B,474.5,0.163139329805996,,,,Bad,Complete
,COMPLETE,2025-02-05,,1002057969,2024,SWBS,SWBS R00660DM-SMS T CRS CLD ZZZ BK KG,TVW24T8624,758.5,,SWBS  RAW-CLD INT L2B,590.5,0.221489782465392,,,,Bad,Complete
,COMPLETE,2025-02-06,,1002091656,2024,SWBS,SWBS R28153 S CRS CLX ZZZ BK KG,TVW24S8651X1,21.5,Excelis,SWBS RAX-CLX INT L2B,11.94,0.444651162790698,,,,Bad,Complete
,COMPLETE,2025-02-06,,1002091654,2024,SWBS,SWBS G1232 S CRS CLD ZZZ BK KG,TVW24S8612,24,,SWBS  RAW-CLD INT L2B,16.85,0.297916666666667,,,,Bad,Complete
,COMPLETE,2025-02-06,,1002091655,2024,SWCO,SWCO SILVER QUEEN CRN RDY ZZZ BK KG,TVC24U8644,181,,SWCO RAW RDY STD INT L2B,151,0.165745856353591,,,,Bad,Complete
,COMPLETE,2025-07-29,4,1002140059,2025,PEBS,PEBS ROMAGO T PEA RDY ZZZ BK KG,TVP25T9137,24622,,PEBS RAW RDY LN2 INT,21813.5,0.114064657623264,,,,Bad,Complete
1,COMPLETE,2025-07-30,1,1002140033,2025,PEBS,PEBS DGF0106 S PEA RDY ZZZ BK KG,TVP25S9144T,581,,PEBS RAW RDY LN2 INT,486,0.163511187607573,,,,Bad,Complete
2,COMPLETE,2025-07-30,1,1002140034,2025,PEBS,PEBS DGL0056 S PEA RDY ZZZ BK KG,TVP25S9131T,477,,PEBS RAW RDY LN2 INT,372.5,0.219077568134172,,,,Bad,Complete
3,COMPLETE,2025-07-31,1,1002140027,2025,PEBS,PEBS D85404 S PEA RDY ZZZ BK KG,TVP25S9149,1133.5,,PEBS RAW RDY LN2 INT,852.5,0.247904719894133,,,,Bad,Complete
4,COMPLETE,2025-07-31,1,1002140037,2025,PEBS,PEBS DGL0107 S PEA RDY ZZZ BK KG,TVP25S9127T,636,,PEBS RAW RDY LN2 INT,563.5,0.113993710691824,,,,Bad,Complete
5,COMPLETE,2025-08-01,1,1002140028,2025,PEBS,PEBS DGF0084 S PEA RDY ZZZ BK KG,TVP25S9150T,1378,,PEBS RAW RDY LN2 INT,1123,0.185050798258345,,,,Bad,Complete
6,COMPLETE,2025-08-01,1,1002140031,2025,PEBS,PEBS DGF0104 S PEA RDY ZZZ BK KG,TVP25S9125T,984,,PEBS RAW RDY LN2 INT,797,0.190040650406504,,,,Bad,Complete
7,COMPLETE,2025-08-04,1,1002140032,2025,PEBS,PEBS DGF0105 S PEA RDY ZZZ BK KG,TVP25S9126T,3155,,PEBS RAW RDY LN2 INT,2868.5,0.09080824088748,,,,Bad,Complete
8,COMPLETE,2025-08-05,1,1002140039,2025,PEBS,PEBS DGL0109 S PEA RDY ZZZ BK KG,TVP25S9145T,869,,PEBS RAW RDY LN2 INT,778,0.104718066743383,,,,Bad,Complete
9,COMPLETE,2025-08-06,1,1002140038,2025,PEBS,PEBS DGL0108 S PEA RDY ZZZ BK KG,TVP25S9147T,647,,PEBS RAW RDY LN2 INT,206.5,0.680834621329212,,,,Bad,Complete
11,COMPLETE,2025-08-05,1,1002140041,2025,PEBS,PEBS DGL0111 S PEA RDY ZZZ BK KG,TVP25S9129T,1721,,PEBS RAW RDY LN2 INT,1602,0.069145845438698,,,,Bad,Complete
10,COMPLETE,2025-08-06,1,1002140040,2025,PEBS,PEBS DGL0110 S PEA RDY ZZZ BK KG,TVP25S9128T,2178,,PEBS RAW RDY LN2 INT,2024.5,0.070477502295684,,,,Bad,Complete
1,COMPLETE,2025-08-06,,1002127858,2025CL,SWBS,SWBS R565A T CRS CLX ZZZ BK KG,CPW25T9020X1,209,Excelis,SWBS RAX-CLX INT L2B,138,0.339712918660287,,,,Bad,Complete
2,COMPLETE,2025-08-13,1,1002152826,2025CL,SWBS,SWBS R565A T CRS CLX ZZZ BK KG,CCW25T9010X1,1750,Excelis,SWBS RAX-CLX INT L2B,1396.5,0.202,,,,Bad,Complete
3,COMPLETE,2025-08-06,,1002147941,2025CL,SWCO,SWCO DESERT FROST CRS RDY ZZZ BK KG,CTW099011,146.5,,SWCO RAW RDY SUP INT L2B,114,0.221843003412969,,,,Bad,Complete
4,COMPLETE,2025-08-07,,1002147940,2025CL,SWCO,SWCO DESERT FROST CRS RDY ZZZ BK KG,CTW099011K,1667.5,,SWCO RAW RDY SUP INT L2B,1159.5,0.304647676161919,,,,Bad,Complete
12,COMPLETE,2025-08-07,1,1002140042,2025,PEBS,PEBS DGL0112 S PEA RDY ZZZ BK KG,TVP25S9146T,728,,PEBS RAW RDY LN2 INT,608,0.164835164835165,,,,Bad,Complete
1,COMPLETE,2025-08-11,2,1002140035,2025,PEBS,PEBS DGL0083 T PEA RDY ZZZ BK KG,TVP25T9132,4360.5,,PEBS RAW RDY LN2 INT,3593.5,0.175897259488591,,,,Bad,Complete
2,COMPLETE,2025-08-08,2,1002140050,2025,PEBS,PEBS KUDO S PEA RDY ZZZ BK KG,TVP25S9133,125.5,,PEBS RAW RDY LN2 INT,105.5,0.159362549800797,,,,Bad,Complete
3,COMPLETE,2025-08-08,2,1002140051,2025,PEBS,PEBS KUDO T PEA RDY ZZZ BK KG,TVP25T9134,2475,,PEBS RAW RDY LN2 INT,2018.5,0.184444444444444,,,,Bad,Complete
1,COMPLETE,2025-08-13,,1002154731,2025CL,SWBS,SWBS AC111Y T CRS CLD ZZZ BK KG,CUW25T9023,531.5,,SWBS  RAW-CLD INT L2B,445,0.16274694261524,,,,Bad,Complete
2,COMPLETE,2025-08-13,,1002154732,2025CL,SWBS,SWBS AC111Y T CRS CLD ZZZ BK KG,CUW25T9023K,1615.5,,SWBS  RAW-CLD INT L2B,1215.5,0.24760136180749,,,,Bad,Complete
4,COMPLETE,2025-08-07,2,1002139924,2025,PEBS,PEBS BINGO T PEA RDY ZZZ BK KG,TVP25T9148,1292,,PEBS RAW RDY LN2 INT,1166,0.097523219814241,,,,Bad,Complete
3,COMPLETE,2025-08-13,,1002154729,2025CL,SWBS,SWBS R00404X T CRN CLD ZZZ BK KG,CPW25T9017,235,,SWBS  RAW-CLD INT L2B,198.5,0.15531914893617,,,,Bad,Complete
6,COMPLETE,2025-08-13,2,1002140036,2025,PEBS,PEBS DGL0099 T PEA RDY ZZZ BK KG,TVP25T9151T,3748.5,,PEBS RAW RDY LN2 INT,3412.5,0.089635854341737,,,,Bad,Complete
4,COMPLETE,2025-08-18,1,1002152827,2025CL,SWBS,SWBS R681 T CRS CLX ZZZ BK KG,CCW25T9003X1W,1199.987,Excelis,SWBS RAX-CLX INT L2B,953.5,0.205408058587301,,,,Bad,Complete
*4,COMPLETE,2025-08-18,4,1002140057,2025,PEBS,PEBS NORVERT S PEA RDY ZZZ BK KG,TVP25S9155,326,,PEBS RAW RDY LN2 INT,236.5,0.274539877300613,,,,Bad,Complete
5,COMPLETE,2025-08-19,,1002154730,2025CL,SWBS,SWBS W1471D S CRS CLD ZZZ BK KG,CUW25S9022,242,,SWBS  RAW-CLD INT L2B,176,0.272727272727273,,,,Bad,Complete
*5,COMPLETE,2025-08-19,4,1002140060,2025,PEBS,PEBS SALTINGO S PEA RDY ZZZ BK KG,TVP25S9157,264,,PEBS RAW RDY LN2 INT,232.5,0.119318181818182,,,,Bad,Complete
6,COMPLETE,2025-08-20,,1002155306,2025CL,SWBS,SWBS R594A T CRS CLD ZZZ BK KG,CUW25T9021,2246.5,,SWBS  RAW-CLD INT L2B,1763.5,0.215001112842199,,,,Bad,Complete
*6,COMPLETE,2025-08-21,4,1002140064,2025,PEBS,PEBS ZONVERT S PEA RDY ZZZ BK KG,TVP25S9158,1810,,PEBS RAW RDY LN2 INT,1554.5,0.141160220994475,,,,Bad,Complete
7,COMPLETE,2025-08-22,,1002156096,2025CL,SWCO,SWCO BSS1075-R CRS RDF ZZZ BK KG,CCW099037X2,4716.5,Fresh,SWCO RAW RDY INT L2A,3763.5,0.202056609774197,,,,Bad,Complete
*7,COMPLETE,2025-08-25,4,1002140054,2025,PEBS,PEBS LGF0097 T PEA RDY ZZZ BK KG,TVP25T9152,2154.5,,PEBS RAW RDY LN2 INT,1879,0.127871896031562,,,,Bad,Complete
8,COMPLETE,2025-08-26,,1002154593,2025CL,SWCO,SWCO GSS1170-R CRS RDF ZZZ BK KG,CTW099012X2,1832.5,Fresh,SWCO RAW RDY SUP INT Ln1,1386,0.243656207366985,,,,Bad,Complete
9,COMPLETE,2025-08-27,,1002154594,2025CL,SWCO,SWCO GSS1170-R CRS RDF ZZZ BK KG,CTW099013X2,4561,Fresh,SWCO RAW RDY SUP INT Ln1,3659,0.197763648322736,,,,Bad,Complete
1,COMPLETE,2025-08-26,1,1002140030,2025,PEBS,PEBS ZERUCO T PEA RDY ZZZ BK KG,TVP25T9130T,2542,,PEBS RAW RDY LN2 INT,2334,0.0818253343823761,,,,Bad,Complete
2,COMPLETE,2025-08-27,3,1002147732,2025,PEBS,PEBS GLORIVERT T PEA RDY ZZZ BK KG,TVP25T9161K,4792,,PEBS RAW RDY LN2 INT,4528.5,0.054987479131886,,,,Bad,Complete
3,COMPLETE,2025-08-28,3,1002140046,2025,PEBS,PEBS GLORIVERT T PEA RDY ZZZ BK KG,TVP25T9161,5092.5,,PEBS RAW RDY LN2 INT,4320.5,0.151595483554246,,,,Bad,Complete
4,COMPLETE,2025-08-29,2,1002140029,2025,PEBS,PEBS MISTRAL T PEA RDY ZZZ BK KG,TVP25T9135,12029,,PEBS RAW RDY LN2 INT,11187.5,0.069955939812121,,,,Bad,Complete
5,COMPLETE,2025-08-31,3,1002140063,2025,PEBS,PEBS ZONDA T PEA RDY ZZZ BK KG,TVP25T9166,12043,,PEBS RAW RDY LN2 INT,11820.5,0.01847546292452,,,,Bad,Complete
2400007424,COMPLETE,2025-08-30,3,1002140026,2025,PEBS,PEBS CORUS T PEA RDY ZZZ BK KG,TVP25T9138,13057.5,,PEBS RAW RDY LN2 INT,12223,0.063909630480567,,,,Bad,Complete
1,COMPLETE,2025-09-01,4,1002140055,2025,PEBS,PEBS LUNANVERT S PEA RDY ZZZ BK KG,TVP25S9153,1044,,PEBS RAW RDY LN2 INT,945.5,0.0943486590038311,,,,Bad,Complete
2,COMPLETE,2025-09-02,4,1002140053,2025,PEBS,PEBS LGF0090 T PEA RDY ZZZ BK KG,TVP25T9156,1764,,PEBS RAW RDY LN2 INT,1565,0.11281179138322,,,,Bad,Complete
3,COMPLETE,2025-09-03,4,1002140045,2025,PEBS,PEBS FLOVERT T PEA RDY ZZZ BK KG,TVP25T9136,18879,,PEBS RAW RDY LN2 INT,15943,0.155516711690238,,,,Bad,Complete
4,COMPLETE,2025-09-04,5,1002139876,2025,PEBS,PEBS SL3209 S SNP RDY ZZZ BK KG,TVS25S9100T,1501,,PEBS RAW RDY LN2 INT,1154,0.231179213857428,,,,Bad,Complete
5,COMPLETE,2025-09-09,5,1002139877,2025,PEBS,PEBS SL3210 S SNP RDY ZZZ BK KG,TVS25S9101T,1396,,PEBS RAW RDY LN2 INT,1088,0.220630372492837,,,,Bad,Complete
6,COMPLETE,2025-09-10,5,1002139920,2025,PEBS,PEBS SL3229 S SNP RDY ZZZ BK KG,TVS25S9104T,789,,PEBS RAW RDY LN2 INT,496.5,0.370722433460076,,,,Bad,Complete
7,COMPLETE,2025-09-10,5,1002139922,2025,PEBS,PEBS SL3231 S SNP RDY ZZZ BK KG,TVS25S9106T,870,,PEBS RAW RDY LN2 INT,674.5,0.224712643678161,,,,Bad,Complete
8,COMPLETE,2025-09-15,5,1002154029,2025,PEBS,PEBS SL3231 S SNP RDY ZZZ BK KG,TVS25S9106TK,709,,PEBS RAW RDY LN2 INT,534.5,0.246121297602257,,,,Bad,Complete
*1,COMPLETE,2025-09-12,1,1002139600,2025,PECO,PECO SL3222 SNP RDY ZZZ BK KG,TVS25U9103T,15017,,PECO PEA RAW RDY Ln2 INT,12467.5,0.169774255843377,,,,Bad,Complete
,COMPLETE,2025-09-13,,OFF SYSTEM,2025,CAME,CAMELINA,,0,,,,,,,,Good,Complete
2,COMPLETE,2025-09-16,4,1002140056,2025,PEBS,PEBS MUCIO T PEA RDY ZZZ BK KG,TVP25T9154,3239.5,,PEBS RAW RDY LN2 INT,2512,0.224571693162525,,,,Bad,Complete
*2,COMPLETE,2025-09-17,6,1002140357,2025,PEBS,PEBS SL3222 T SNP RDY ZZZ BK KG,TVS25T9102T,2440,,PEBS RAW RDY LN2 INT,1830,0.25,,,,Bad,Complete
,COMPLETE,2025-09-17,4,1002140047,2025,PEBS,PEBS GRUNDY T PEA RDY ZZZ BK KG,TVP25T9139,26804,,PEBS RAW RDY LN2 INT,21226,0.20810326816893,,,,Bad,Complete
,COMPLETE,2025-10-17,1,1002139592,2025,PECO,PECO MUCIO PEA RDY ZZZ BK KG,ORP099051,37150,,PECO PEA RAW RDY Ln2 INT,30597,0.176393001345895,,,,Bad,Complete
,COMPLETE,2025-09-26,,1002172409,2025,SWBS,SWBS AC206Y T CRS CLD ZZZ BK KG,TVW25T9506,2532.3,,SWBS Ln1 RAW-CLD INT,1644,0.350787821348181,,,,Bad,Complete
1,COMPLETE,2025-10-17,3,1002140062,2025,PEBS,PEBS TROPHEE T PEA RDY ZZZ BK KG,TVP25T9165,37346,,PEBS RAW RDY LN2 INT,31595.5,0.153979007122583,,,,Bad,Complete
2,COMPLETE,2025-09-23,3,1002151024,2025,PEBS,PEBS TROPHEE T PEA RDY ZZZ BK KG,TVP25T9164K,8783,,PEBS RAW RDY LN2 INT,7377,0.160081976545599,,,,Bad,Complete
3,COMPLETE,2025-09-24,3,1002140061,2025,PEBS,PEBS TROPHEE T PEA RDY ZZZ BK KG,TVP25T9164,8354,,PEBS RAW RDY LN2 INT,7038,0.157529327268374,,,,Bad,Complete
,COMPLETE,2025-09-25,2,1002139345,2025,PECO,PECO SUGAR 188 SNP RDY ZZZ BK KG,TVS099011,14876.5,,PECO PEA RAW RDY Ln2 INT,11037,0.258091621013007,,,,Bad,Complete
,COMPLETE,2025-09-29,3,1002139574,2025,PECO,PECO SUGAR FLASH SNP RDY ZZZ BK KG,TVS099018,20835,,PECO PEA RAW RDY Ln2 INT,15935.5,0.235157187425006,,,,Bad,Complete
,COMPLETE,2025-10-01,,1002139577,2025,PECO,PECO SUGAR FLASH SNP RDY ZZZ BK KG,WAS099041,14720,,PECO PEA RAW RDY LN2 INT,11031.5,0.250577445652174,,,,Bad,Complete
,COMPLETE,2025-09-30,9,1002139606,2025,PECO,PECO SUGAR 208 SNP RDY ZZZ BK KG,TVS25V9110T,18090,,PECO PEA RAW RDY Ln2 INT,11881.5,0.343200663349917,,,,Bad,Complete
,COMPLETE,2025-09-30,9,1002139607,2025,PECO,PECO SUGAR 208 SNP RDY ZZZ BK KG,TVS25V9111T,2943,,PECO PEA RAW RDY Ln2 INT,2153,0.268433571185865,,,,Bad,Complete
*1,COMPLETE,2025-10-01,5,1002139405,2025,PECO,PECO SL3123 SNP RDY ZZZ BK KG,ORS099027,36230,,PECO PEA RAW RDY Ln2 INT,32682,0.097929892354402,,,,Bad,Complete
1,COMPLETE,2025-10-02,1,1002173594,2025,SWCO,SWCO BSS36922 CRS RDF ZZZ BK KG,TVW099014X2,1225,Fresh,SWCO RAW RDY SUP INT Ln1,827.5,0.324489795918367,,,,Bad,Complete
2,COMPLETE,2025-10-02,4,1002150394,2025,SWCO,SWCO DESERT FROST CRS RDY ZZZ BK KG,WAW099001X2,2258,Fresh,SWCO RAW RDY SUP INT Ln1,1558.5,0.309787422497786,,,,Bad,Complete
1,COMPLETE,2025-10-09,7,1002164390,2025,BECO,BECO HUNTINGTON RDY ZZZ BK KG,WAG099011,68100,,BECO RAW RDY Ln2 INT,47406.5,0.303869309838473,,,,Bad,Complete
2,COMPLETE,2025-10-17,1,1002164387,2025,BECO,BECO HUNTINGTON RDY ZZZ BK KG,WAG099008,90010,,BECO RAW RDY Ln2 INT,68050.5,0.24396733696256,,,,Bad,Complete
3,COMPLETE,2025-10-18,7,1002164388,2025,BECO,BECO HUNTINGTON RDY ZZZ BK KG,WAG099009,44030,,BECO RAW RDY Ln2 INT,33258.5,0.24464001816943,,,,Bad,Complete
1,COMPLETE,2025-10-22,3,1002139576,2025,PECO,PECO SUGAR FLASH SNP RDY ZZZ BK KG,WAS099029,15830,,PECO PEA RAW RDY Ln2 INT,11264,0.288439671509791,,,,Bad,Complete
3,COMPLETE,2025-10-24,3,1002139575,2025,PECO,PECO SUGAR FLASH SNP RDY ZZZ BK KG,TVS099019,19584,,PECO PEA RAW RDY Ln2 INT,14291,0.270271650326797,,,,Bad,Complete
2,COMPLETE,2025-10-23,3,1002139572,2025,PECO,PECO SUGAR FLASH SNP RDY ZZZ BK KG,TVS099016,22395,,PECO PEA RAW RDY Ln2 INT,16110,0.280643000669792,,,,Bad,Complete
4,COMPLETE,2025-10-25,3,1002139570,2025,PECO,PECO SUGAR FLASH SNP RDY ZZZ BK KG,TVS099014,30938,,PECO PEA RAW RDY Ln2 INT,24449,0.209742064774711,,,,Bad,Complete
6,COMPLETE,2025-10-28,3,1002139578,2025,PECO,PECO SUGAR FLASH SNP RDY ZZZ BK KG,WAS099032,19844,,PECO PEA RAW RDY Ln2 INT,11215,0.43484176577303,,,,Bad,Complete
5,COMPLETE,2025-10-27,3,1002139571,2025,PECO,PECO SUGAR FLASH SNP RDY ZZZ BK KG,TVS099015,22397,,PECO PEA RAW RDY Ln2 INT,17607.5,0.213845604322007,,,,Bad,Complete
,COMPLETE,2025-10-30,2,1002139567,2025,PECO,PECO SUGAR 188 SNP RDY ZZZ BK KG,WAS099037,44470,,PECO PEA RAW RDY Ln2 INT,23690,0.467281313244884,,,,Bad,Complete
,COMPLETE,2025-10-31,2,1002139568,2025,PECO,PECO SUGAR 188 SNP RDY ZZZ BK KG,ORS099040,27930,,PECO PEA RAW RDY Ln2 INT,20186.5,0.277246688148944,,,,Bad,Complete
,COMPLETE,2025-11-07,3,1002139582,2025,PECO,PECO SUGAR LAC SNP RDY ZZZ BK KG,ORS099007,47574,,PECO PEA RAW RDY Ln2 INT,30099.5,0.367311977130365,,,,Bad,Complete
,COMPLETE,2025-11-10,3,1002137505,2025,PECO,PECO SP704-3-8 SNP RDY ZZZ BK KG,ORS099008,49110,,PECO PEA RAW RDY Ln2 INT,37795,0.230401140297292,,,,Bad,Complete
,COMPLETE,2025-11-15,1,1002180988,2025,BECO,BECO JAMESON RDY ZZZ BK KG,TVG099014,9662,,BECO RAW RDY Ln2 INT EAME,8041.5,0.167718898778721,,,,Bad,Complete
,COMPLETE,2025-11-14,1,1002187109,2025,BECO,BECO ORGANDI RDY ZZZ BK KG,TVG25V9547,47248,,BECO RAW RDY Ln2 INT KENYA,34467.5,0.270498222146969,,,,Bad,Complete
,COMPLETE,2025-11-11,1,1002180966,2025,BECO,BECO AUBERON RDY ZZZ BK KG,TVG099002,36568,,BECO RAW RDY Ln2 INT EAME,24192.5,0.338424305403631,,,,Bad,Complete
,COMPLETE,2025-11-12,1,1002180986,2025,BECO,BECO EMOTION RDY ZZZ BK KG,TVG099005,21655,,BECO RAW RDY Ln2 INT KENYA,15669.5,0.276402678365274,,,,Bad,Complete
,COMPLETE,2025-11-15,1,1002178918,2025,SWCO,SWCO GSS 8529 CRS CLX ZZZ BK KG,WAW099038X1,1569.5,Excelis,SWCO RAX-CLX SUP INT L2B,1337.5,0.147817776361899,,,,Bad,Complete
,COMPLETE,2025-11-15,1,1002184981,2025,SWBS,SWBS AC082Y T CRS CLD ZZZ BK KG,TVW25T9500,456,,SWBS  RAW-CLD INT L2B,334.5,0.266447368421053,,,,Bad,Complete
,COMPLETE,2025-11-13,1,1002180987,2025,BECO,BECO EMOTION RDY ZZZ BK KG,TVG099005J,15719.5,,BECO RAW RDY Ln2 INT KENYA,10636.5,0.323356340850536,,,,Bad,Complete
,COMPLETE,2025-11-13,9,1002188085,2025,BEBS,BEBS EMOTION T RDY ZZZ BK KG,TVG25T9505,6988,,BEBS RAW RDY Ln2 INT EXPORT,5047.5,0.277690326273612,,,,Bad,Complete
,COMPLETE,2025-11-14,1,1002163901,2025,BEBS,BEBS SB4877 U RDY ZZZ BK KG,TVG25U9542,5556,,BEBS RAW RDY Ln2 INT,4090,0.263858891288697,,,,Bad,Complete
,COMPLETE,2025-11-14,1,1002163862,2025,BEBS,BEBS SB4890 S RDY ZZZ BK KG,TVG25S9525T,1123,,BEBS RAW RDY Ln2 INT,877,0.219056099732858,,,,Bad,Complete
,COMPLETE,2025-11-14,1,1002163863,2025,BEBS,BEBS SB4895 S RDY ZZZ BK KG,TVG25S9526T,751,,BEBS RAW RDY Ln2 INT,556,0.25965379494008,,,,Bad,Complete
,COMPLETE,2025-11-14,1,1002185592,2025,BEBS,BEBS SB4906 S RDY ZZZ BK KG,TVG25S9515T,972,,BEBS RAW RDY Ln2 INT EXPORT,661,0.319958847736625,,,,Bad,Complete
,COMPLETE,2025-11-14,1,1002186258,2025,BEBS,BEBS SB4907 S RDY ZZZ BK KG,TVG25S9516T,954,,BEBS RAW RDY Ln2 INT EXPORT,643,0.325995807127883,,,,Bad,Complete
,COMPLETE,2025-11-15,1,1002181890,2025,SWCO,SWCO GH9335 CRN RDY ZZZ BK KG,WAC099035,1503,,SWCO RAW RDY STD INT Ln1,944.5,0.371590153027279,27.29,,,Good,Complete
,COMPLETE,2025-11-15,1,1002184979,2025,SWBS,SWBS AC157Y T CRS CLD ZZZ BK KG,TVW25T9505,2113.5,,SWBS  RAW-CLD INT L2B,1516,0.282706411166312,10,,,Good,Complete
,COMPLETE,2025-11-17,1,1002184974,2025,SWBS,SWBS R584A T CRS CLX ZZZ BK KG,TVW25T9548X1,2268,Excelis,SWBS RAX-CLX INT L2B,1938,0.145502645502645,10,,,Good,Complete
,COMPLETE,2025-11-17,1,1002184975,2025,SWBS,SWBS R584A T CRS CLX ZZZ BK KG,TVW25T9549X1,2239,Excelis,SWBS RAX-CLX INT L2B,1870.5,0.164582402858419,10,,,Good,Complete
,COMPLETE,2025-11-17,1,1002183087,2025,SWBS,SWBS R584A T CRS CLX ZZZ BK KG,WAW25T9547X1,1535,Excelis,SWBS RAX-CLX INT L2B,1275,0.169381107491857,10,,,Good,Complete
,COMPLETE,2025-11-17,1,1002183089,2025,SWBS,SWBS AC215Y S CRS CLD ZZZ BK KG,TVW25S9507,1452,,SWBS  RAW-CLD INT L2B,983.5,0.322658402203857,,,,Bad,Complete
,COMPLETE,2025-11-19,1,1002182729,2025,SWBS,SWBS R00681A T CRS CLX ZZZ BK KG,TVW25T9518X1,2343.5,Excelis,SWBS RAX-CLX INT L2B,1101,0.530189886921272,10,,,Good,Complete
,COMPLETE,2025-11-19,1,1002182844,2025,SWBS,SWBS R325A S CRN CLX ZZZ BK KG,TVC25S9539X1,2275.5,Excelis,SWBS RAX-CLX INT L2B,1628,0.284552845528455,,,,Bad,Complete
,COMPLETE,2025-11-20,2,1002181888,2025,SWCO,SWCO GSS2259P CRS CLX ZZZ BK KG,WAW099046X1,2900,Excelis,SWCO RAX-CLX SUP INT Ln1,2445.5,0.156724137931034,18.54,,,Good,Complete
,COMPLETE,2025-11-20,2,1002184948,2025,SWCO,SWCO GSS2259P CRS CLX ZZZ BK KG,WAW099045X1,3753,Excelis,SWCO RAX-CLX SUP INT Ln1,3099.5,0.174127364774847,24.42,,,Good,Complete
,COMPLETE,2025-11-20,3,1002180928,2025,SWCO,SWCO GSS3378 CRS RDF ZZZ BK KG,WAW09902X2,2491.5,Fresh,SWCO RAW RDY SUP INT L2B,1623.5,0.348384507324905,17.92,,,Good,Complete
,COMPLETE,2025-11-21,4,1002179000,2025,SWCO,SWCO BSS23648-R CRS RDY ZZZ BK KG,TVW099095X2,2744,Fresh,SWCO RAW RDY SUP INT L2B,2379.5,0.13283527696793,13.31,,,Good,Complete
,COMPLETE,2025-11-21,2,1002184233,2025,SWCO,SWCO BSS3556 CRS RDF ZZZ BK KG,TVW099013X2,1944.5,Fresh,SWCO RAW RDY SUP INT L2B,1626.5,0.163538184623296,10,,,Good,Complete
,COMPLETE,2025-11-21,2,1002184234,2025,SWCO,SWCO WSS3949 CRS RDF ZZZ BK KG,TVW099090X2,81.5,Fresh,SWCO RAW RDY SUP INT L2B,43,0.47239263803681,,,,Bad,Complete
,COMPLETE,2025-11-22,2,1002181386,2025,SWCO,SWCO WSS33739 CRS RDF ZZZ BK KG,TVW099089X2,1169.5,Fresh,SWCO RAW RDY SUP INT L2B,721,0.38349722103463,22.62,,,Good,Complete
1,COMPLETE,2025-11-22,1,1002186259,2025,BEBS,BEBS SB4908 S RDY ZZZ BK KG,TVG25S9517T,2626.5,,BEBS RAW RDY Ln2 INT EXPORT,2038.5,0.223872073101085,,,,Bad,Complete
2,COMPLETE,2025-11-22,1,1002186260,2025,BEBS,BEBS SB4909 S RDY ZZZ BK KG,TVG25S9518T,2456,,BEBS RAW RDY Ln2 INT EXPORT,1988.5,0.190350162866449,,,,Bad,Complete
3,COMPLETE,2025-11-22,1,1002186261,2025,BEBS,BEBS SB4910 S RDY ZZZ BK KG,TVG25S9519T,1939,,BEBS RAW RDY Ln2 INT EXPORT,1283,0.338318720990201,,,,Bad,Complete
4,COMPLETE,2025-11-24,1,1002186262,2025,BEBS,BEBS SB4911 S RDY ZZZ BK KG,TVG25S9520T,692,,BEBS RAW RDY Ln2 INT EXPORT,497,0.281791907514451,,,,Bad,Complete
5,COMPLETE,2025-11-24,1,1002186263,2025,BEBS,BEBS SB4912 S RDY ZZZ BK KG,TVG25S9521T,4182,,BEBS RAW RDY Ln2 INT EXPORT,2951.5,0.294237207077953,,,,Bad,Complete
6,COMPLETE,2025-11-24,1,1002186264,2025,BEBS,BEBS SB4913 S RDY ZZZ BK KG,TVG25S9522T,4316,,BEBS RAW RDY Ln2 INT EXPORT,3311.5,0.232738646895273,,,,Bad,Complete
7,COMPLETE,2025-11-25,1,1002186265,2025,BEBS,BEBS SB4914 S RDY ZZZ BK KG,TVG25S9523T,3149,,BEBS RAW RDY Ln2 INT EXPORT,2469,0.215941568751985,,,,Bad,Complete
,COMPLETE,2025-11-25,1,1002163864,2025,BEBS,BEBS SB4918 S RDY ZZZ BK KG,TVG25S9528T,730,,BEBS RAW RDY Ln2 INT,466,0.361643835616438,,,,Bad,Complete
,COMPLETE,2025-11-25,1,1002163865,2025,BEBS,BEBS SB4920 S RDY ZZZ BK KG,TVG25S9530T,751,,BEBS RAW RDY Ln2 INT,448,0.403462050599201,,,,Bad,Complete
300099798,COMPLETE,2025-11-26,1,1002172134,2025,PEBS,PEBS ZERUCO T PEA RDY ZZZ BK KG,TVP25T9130TK,7121,,PEBS RAW RDY LN2 INT,6456,0.0933857604269061,,,,Bad,Complete
1,COMPLETE,2025-11-26,2,1002188076,2025,BEBS,BEBS 19B1101 T RDY ZZZ BK KG,TVG25T9500T,6896,,BEBS RAW RDY Ln2 INT EXPORT,5446,0.210266821345708,,,,Bad,Complete
2,COMPLETE,2025-12-01,2,1002188081,2025,BEBS,BEBS 20B00474 T RDY ZZZ BK KG,TVG25T9501T,3744,,BEBS RAW RDY Ln2 INT EXPORT,2401,0.358707264957265,,,,Bad,Complete
1,COMPLETE,2025-12-02,3,1002188138,2025,BEBS,BEBS R102066 U RDY ZZZ BK KG,TVG25U9536T,22433,,BEBS RAW RDY Ln2 INT EXPORT,15606,0.304328444702001,,,,Bad,Complete
2,COMPLETE,2025-12-01,3,1002163890,2025,BEBS,BEBS R102066 S RDY ZZZ BK KG,TVG25S9535,5787,,BEBS RAW RDY Ln2 INT,3960,0.315707620528771,,,,Bad,Complete
3,COMPLETE,2025-12-03,3,1002188139,2025,BEBS,BEBS R102083 U RDY ZZZ BK KG,TVG25S9550T,8782,,BEBS RAW RDY Ln2 INT EXPORT,6980.5,0.205135504440902,,,,Bad,Complete
4,COMPLETE,2025-12-03,3,1002163892,2025,BEBS,BEBS R102083 S RDY ZZZ BK KG,TVG25S9537,4192,,BEBS RAW RDY Ln2 INT,3308,0.21087786259542,,,,Bad,Complete
,COMPLETE,2025-12-04,3,1002188140,2025,BEBS,BEBS R302089 T RDY ZZZ BK KG,TVG25T9549,13613,,BEBS RAW RDY Ln2 INT EXPORT,11154.5,0.180599427018291,,,,Bad,Complete
0300099798,COMPLETE,2025-12-03,3,1002163895,2025,BEBS,BEBS R302089 S RDY ZZZ BK KG,TVG25S9548,3495,,BEBS RAW RDY Ln2 INT,2992.5,0.143776824034335,,,,Bad,Complete
,COMPLETE,2025-12-05,2,1002190173,2025,SWCO,SWCO BSS9224 CRS RDF ZZZ BK KG,TVW099016X2,255.5,Fresh,SWCO RAW RDY SUP INT L2B,170.5,0.332681017612524,29.87,,,Good,Complete
,COMPLETE,2025-12-05,3,1002150407,2025,SWCO,SWCO SILVER QUEEN CRN RDY ZZZ BK KG,TVC099552,356.5,,SWCO RAW RDY STD INT L2B,302,0.152875175315568,,,,Bad,Complete
1,COMPLETE,2025-12-05,4,1002150393,2025,SWCO,SWCO DESERT FROST CRS RDY ZZZ BK KG,TVW099020X2,11254.5,Fresh,SWCO RAW RDY SUP INT Ln1,8713,0.225820782797992,,,,Bad,Complete
2,COMPLETE,2025-12-11,4,1002150392,2025,SWCO,SWCO DESERT FROST CRS RDY ZZZ BK KG,TVW099019X2,11537,Fresh,SWCO RAW RDY SUP INT Ln1,9428,0.182803155066308,13.93,,,Good,Complete
3,COMPLETE,2025-12-12,4,1002180927,2025,SWCO,SWCO DESERT FROST CRS RDY ZZZ BK KG,TVW099020X2J,14307.5,Fresh,SWCO RAW RDY SUP INT Ln1,10544.5,0.2630089114101,,,,Bad,Complete
,COMPLETE,2025-12-13,2,1002183090,2025,SWBS,SWBS AC246Y S CRS CLD ZZZ BK KG,TVW25S9508,1059.5,,SWBS  RAW-CLD INT L2B,606.5,0.427560169891458,,,,Bad,Complete
1,COMPLETE,2025-12-15,2,1002184977,2025,SWBS,SWBS R00118 T CRS CLX ZZZ BK KG,TVW25T9513X1,1394.5,Excelis,SWBS RAX-CLX INT L2B,1014,0.272857655073503,10,,,Good,Complete
2,COMPLETE,2025-12-15,2,1002184976,2025,SWBS,SWBS R00153 T CRS CLX ZZZ BK KG,TVW25T9515X1K,155.5,Excelis,SWBS RAX-CLX INT L2B,85,0.453376205787781,,,,Bad,Complete
3,COMPLETE,2025-12-15,2,1002184984,2025,SWBS,SWBS R14759 S CRS CLX ZZZ BK KG,TVW25S9526X1,166.5,Excelis,SWBS RAX-CLX INT L2B,118,0.291291291291291,,,,Bad,Complete
4,COMPLETE,2025-12-16,2,1002184982,2025,SWBS,SWBS R15309 S CRS CLX ZZZ BK KG,TVW25S9527X1,85.5,Excelis,SWBS RAX-CLX INT L2B,52.5,0.385964912280702,,,,Bad,Complete
5,COMPLETE,2025-12-16,2,1002185006,2025,SWBS,SWBS R16826 S CRS CLX ZZZ BK KG,TVW25S9530X1,241,Excelis,SWBS RAX-CLX INT L2B,197,0.182572614107884,,,,Bad,Complete
MOVE TO LINE 1,COMPLETE,2026-01-27,7,1002188137,2025,BEBS,BEBS POWERON T RDY ZZZ BK KG,TVG25T9533,6012,,BEBS RAW RDY Ln2 INT EXPORT,2829.5,0.529357950765136,,,,Bad,Complete
,COMPLETE,2025-12-15,2,1002184985,2025,SWBS,SWBS R11965 S CRS CLX ZZZ BK KG,TVW25S9525X1,720.5,Excelis,SWBS RAX-CLX INT L2B,568,0.211658570437196,,,,Bad,Complete
6,COMPLETE,2025-12-16,2,1002184983,2025,SWBS,SWBS R28153 T CRS CLX ZZZ BK KG,TVW25T9533X1,317.5,Excelis,SWBS RAX-CLX INT L2B,204.5,0.355905511811024,,,,Bad,Complete
7,COMPLETE,2025-12-16,2,1002185007,2025,SWBS,SWBS R39232 S CRS CLX ZZZ BK KG,TVC25S9541X1,1124,Excelis,SWBS RAX-CLX INT L2B,911.5,0.189056939501779,,,,Bad,Complete
8,COMPLETE,2025-12-17,2,1002184973,2025,SWBS,SWBS W0767 S CRN CLD ZZZ BK KG,TVC25S9554,1166.5,,SWBS  RAW-CLD INT L2B,893.5,0.234033433347621,,,,Bad,Complete
,COMPLETE,2025-12-17,8,1002184235,2025,SWCO,SWCO GSS9040 CRS CLX ZZZ BK KG,TVW099070X1,2591,Excelis,SWCO RAX-CLX SUP INT L2B,1998.5,0.228676186800463,10,,,Good,Complete
,COMPLETE,2025-12-16,1,1002188280,2025,SWBS,SWBS R5001H U CRS CLD ZZZ BK KG,TVW25U9545H,315,GMO,SWBS  RAW-CLD INT L2B,207.5,0.341269841269841,,,,Bad,Complete
,COMPLETE,2025-12-16,1,1002188279,2025,SWBS,SWBS R5001H U CRS CLD ZZZ BK KG,TVW25U9544H,112,GMO,SWBS  RAW-CLD INT L2B,63,0.4375,,,,Bad,Complete
,COMPLETE,2025-12-17,5,1002139921,2025,PEBS,PEBS SL3230 S SNP RDY ZZZ BK KG,TVS25S9105T,956.854,,PEBS RAW RDY LN2 INT,807,0.156611144437918,,,,Bad,Complete
,COMPLETE,2025-12-17,5,1002163024,2025,BEBS,BEBS COYOTE U RDY ZZZ BK KG,TVG25U9504,930.5,,BEBS RAW RDY Ln2 INT,688,0.260612573885008,,,,Bad,Complete
,COMPLETE,2025-12-17,5,1002163023,2025,BEBS,BEBS COYOTE S RDY ZZZ BK KG,TVG25S9503,2839,,BEBS RAW RDY Ln2 INT,2216,0.219443466009158,,,,Bad,Complete
,COMPLETE,2025-12-18,5,1002178917,2025,SWCO,SWCO GSS4479 CRS CLX ZZZ BK KG,WAW099060X1,1923,Excelis,SWCO RAX-CLX SUP INT L2B,1520,0.209568382735309,18.49,,,Good,Complete
,COMPLETE,2025-12-18,8,1002163899,2025,BEBS,BEBS SB4780 T RDY ZZZ BK KG,TVG25T9540T,5802,,BEBS RAW RDY Ln2 INT,4521,0.220785935884178,,,,Bad,Complete
,COMPLETE,2025-12-19,8,1002186493,2025,BEBS,BEBS SB4881 T RDY ZZZ BK KG,TVG25T9543T,5191.5,,BEBS RAW RDY Ln2 INT EXPORT,3627,0.301357989020514,,,,Bad,Complete
,COMPLETE,2025-12-19,6,1002185121,2025,SWCO,SWCO GSS1474 CRS CLX ZZZ BK KG,WAW099042X1,599,Excelis,SWCO RAX-CLX SUP INT L2B,476,0.20534223706177,19.95,,,Good,Complete
,COMPLETE,2025-12-19,5,1002181388,2025,SWCO,SWCO PATRON CRS RDY ZZZ BK KG,ORW099076H,572,GMO,SWCO RAW RDY SUP INT L2B,320.5,0.439685314685315,,,,Bad,Complete
,COMPLETE,2025-12-20,7,1002182356,2025,BECO,BECO HUNTINGTON RDY ZZZ BK KG (no sizing),WAG099008W,8750,,BECO RAW RDY Ln2 INT,6697,0.234628571428571,,,,Bad,Complete
,COMPLETE,2025-12-21,6,1002170051,2025,BEBS,BEBS HUNTINGTON U RDY ZZZ BK KG (no sizing),TVG25U9508K,1540.9,,BEBS RAW RDY Ln2 INT,1190.5,0.227399571678889,,,,Bad,Complete
,COMPLETE,2025-12-20,6,1002170050,2025,BEBS,BEBS HUNTINGTON T RDY ZZZ BK KG (no sizing),TVG25T9507K,635.945,,BEBS RAW RDY Ln2 INT,478,0.248362672872654,,,,Bad,Complete
,COMPLETE,2025-12-20,6,1002163230,2025,BEBS,BEBS HUNTINGTON T RDY ZZZ BK KG (no sizing),TVG25T9507,1442.9,,BEBS RAW RDY Ln2 INT,1156.5,0.198489153787511,,,,Bad,Complete
,COMPLETE,2025-12-20,,1002163227,2025,BEBS,BEBS HUNTINGTON S RDY ZZZ BK KG,TVG25S95H1,360,,,237,0.341666666666667,,,,Bad,Complete
,COMPLETE,2025-12-22,6,1002163231,2025,BEBS,BEBS HUNTINGTON U RDY ZZZ BK KG (no sizing),TVG25U9508,25526,,BEBS RAW RDY Ln2 INT,20277,0.20563347175429,,,,Bad,Complete
,COMPLETE,2025-12-26,7,1002164391,2025,BECO,"BECO HUNTINGTON RDY ZZZ BK KG (11S, 10S, 9S)",WAW099012,46000,,BECO RAW RDY Ln2 INT,31005.5,0.325967391304348,,,,Bad,Complete
,COMPLETE,2025-12-27,6,1002181812,2025,SWCO,SWCO FIJI CRS RDF ZZZ BK KG,TVW099023X2,704.5,Fresh,SWCO RAW RDY SUP INT L2B,473.5,0.327892122072392,14.22,,,Good,Complete
,COMPLETE,2025-12-27,6,1002150395,2025,SWCO,SWCO FIJI CRS RDF ZZZ BK KG,WAW099022X2,790,Fresh,SWCO RAW RDY SUP INT Ln1,596.5,0.244936708860759,18.41,,,Good,Complete
,COMPLETE,2025-12-29,4,1002186448,2025,BEBS,BEBS SERENGETI V RDY ZZZ BK KG,TVG25V9546,8011.5,,BEBS RAW RDY Ln2 INT EXPORT,5681.5,0.290831929101916,,,,Bad,Complete
,COMPLETE,2025-12-29,4,1002186447,2025,BEBS,BEBS SERENGETI V RDY ZZZ BK KG,TVG25V9545,18831.5,,BEBS RAW RDY Ln2 INT EXPORT,13919.5,0.260839550752728,,,,Bad,Complete
,COMPLETE,2025-12-30,4,1002186446,2025,BEBS,BEBS SERENGETI T RDY ZZZ BK KG,TVG25T9544,4115.5,,BEBS RAW RDY Ln2 INT EXPORT,3038.5,0.261693597375774,,,,Bad,Complete
,COMPLETE,2025-12-28,3,1002189811,2025,BEBS,BEBS BATALLION U RDY ZZZ BK KG,TVG25U9547T,6337,,BEBS RAW RDY Ln2 INT EXPORT,5511.5,0.130266687707117,,,,Bad,Complete
1,COMPLETE,2026-01-06,5,1002163908,2025,BEBS,BEBS THOMPSON T RDY ZZZ BK KG,TVG25T9551,11664,,BEBS RAW RDY Ln2 INT,10077,0.136059670781893,,,,Bad,Complete
2,COMPLETE,2026-01-07,6,1002188133,2025,BEBS,BEBS JAMESON T RDY ZZZ BK KG,TVG25T9509,5931,,BEBS RAW RDY Ln2 INT EXPORT,4633.5,0.218765806777946,,,,Bad,Complete
3,COMPLETE,2026-01-09,9,1002163887,2025,BEBS,BEBS PISMO U RDY ZZZ BK KG,TVG25U9532,23384,,BEBS RAW RDY Ln2 INT,15690,0.329028395484092,,,,Bad,Complete
4,COMPLETE,2026-01-08,4,1002164426,2025,BECO,BECO PISMO RDY ZZZ BK KG (12 slot / 9 slot),WAG099024,101920,,BECO RAW RDY Ln2 INT,72973.5,0.284011970172684,,,,Bad,Complete
,COMPLETE,2026-01-09,4,1002164427,2025,BECO,BECO PISMO RDY ZZZ BK KG (12 slot / 9 slot),WAG099025,12650,,BECO RAW RDY Ln2 INT,9548.5,0.245177865612648,,,,Bad,Complete
,COMPLETE,2026-01-12,5,1002165487,2025,BECO,BECO PISMO RDY ZZZ BK KG (12 slot / 9 slot),WAG099061J,51622,,BECO RAW RDY Ln2 INT,40325.5,0.218831118515362,,,,Bad,Complete
,COMPLETE,2026-01-14,9,1002164405,2025,BECO,BECO PISMO RDY ZZZ BK KG (12 slot / 9 slot),WAG099023,42630,,BECO RAW RDY Ln2 INT,32515.5,0.237262491203378,,,,Bad,Complete
,COMPLETE,2026-01-16,9,1002164428,2025,BECO,BECO PISMO RDY ZZZ BK KG (12 slot / 9 slot),WAG099061,38546,,BECO RAW RDY Ln2 INT,29633.5,0.231217246925751,,,,Bad,Complete
,COMPLETE,2026-01-20,5,1002164429,2025,BECO,BECO PISMO RDY ZZZ BK KG (11 slot / 9 slot),WAG099062,64100,,BECO RAW RDY Ln2 INT,47427.5,0.260101404056162,,,,Bad,Complete
,COMPLETE,2026-01-22,3,1002164431,2025,BECO,BECO PREVAIL RDY ZZZ BK KG,WAG099027,26520,,BECO RAW RDY Ln2 INT,20872.5,0.212952488687783,,,,Bad,Complete
,COMPLETE,2026-01-22,9,1002163889,2025,BEBS,BEBS PREVAIL T RDY ZZZ BK KG,TVG25T9534,2894,,BEBS RAW RDY Ln2 INT,1911,0.339668279198341,,,,Bad,Complete
,COMPLETE,2026-01-23,6,1002139611,2025,PECO,PECO SUPER SUG SN SNP RDY ZZZ BK KG,TVS25V9115,11004,,PECO PEA RAW RDY Ln2 INT,8016.5,0.271492184660124,,,,Bad,Complete
,COMPLETE,2026-01-23,6,1002139610,2025,PECO,PECO SUPER SUG SN SNP RDY ZZZ BK KG(2),TVS25U9114,15378,,PECO PEA RAW RDY Ln2 INT,11936.5,0.223793731304461,,,,Bad,Complete
,COMPLETE,2026-01-24,9,1002163898,2025,BEBS,BEBS SB4735 T RDY ZZZ BK KG,TVG25T9539,9835,,BEBS RAW RDY Ln2 INT,7495.5,0.237874936451449,,,,Bad,Complete
,COMPLETE,2026-01-26,8,1002163900,2025,BEBS,BEBS SB4876 T RDY ZZZ BK KG,TVG25T9541T,17590,,BEBS RAW RDY Ln2 INT,11903,0.323308698123934,,,,Bad,Complete
Priority,COMPLETE,2026-01-23,1,1002174301,2025,SWBS,SWBS AC144Y T CRS CLD ZZZ BK KG,TVW25T9503,1613,,SWBS  RAW-CLD INT L2B,1077.5,0.331990080595164,,,,Bad,Complete
Priority,COMPLETE,2026-01-23,1,1002184978,2025,SWBS,SWBS AC157Y S CRS CLD ZZZ BK KG,TVW25S9504,545,,SWBS  RAW-CLD INT L2B,392.5,0.279816513761468,,,,Bad,Complete
Priority,COMPLETE,2026-01-23,1,1002184980,2025,SWBS,SWBS AC247W T CRS CLD ZZZ BK KG,TVW25T9509,1753,,SWBS  RAW-CLD INT L2B,1190.5,0.320878494010268,,,,Bad,Complete
,COMPLETE,2026-01-30,9,1002164400,2025,BECO,BECO MACALLAN RDY ZZZ BK KG,WAG099018,78960,,BECO RAW RDY Ln2 INT,56395,0.285777608915907,,,,Bad,Complete
,COMPLETE,2026-01-26,7,1002163236,2025,BEBS,BEBS MACALLAN U RDY ZZZ BK KG,TVG25U9513,7798.9,,BEBS RAW RDY Ln2 INT,5199,0.333367526189591,,,,Bad,Complete
,COMPLETE,2026-01-27,7,1002163235,2025,BEBS,BEBS MACALLAN T RDY ZZZ BK KG,TVG25T9512,4879,,BEBS RAW RDY Ln2 INT,3225.5,0.338901414224226,,,,Bad,Complete
,COMPLETE,2026-01-31,9,1002163897,2025,BEBS,BEBS REDEMPTION T RDY ZZZ BK KG,TVG25T9538,4415,,BEBS RAW RDY Ln2 INT,3554,0.195016987542469,,,,Bad,Complete
,COMPLETE,2026-01-29,3,1002140043,2025,PECO,PECO FESTIVERT PEA RDY ZZZ BK KG (10 slot),TVP25V9167,9890,,PECO PEA RAW RDY Ln2 INT,3373.5,0.658897876643074,,,,Bad,Complete
,COMPLETE,2026-01-29,3,1002175201,2025,PECO,PECO FESTIVERT PEA RDY ZZZ BK KG (10 slot),TVP25V9167W,22130,,PECO PEA RAW RDY Ln2 INT,8723.5,0.605806597379123,,,,Bad,Complete
,COMPLETE,2026-01-30,3,1002140044,2025,PECO,PECO FESTIVERT PEA RDY ZZZ BK KG (10 slot),TVP25U9168,3470,,PECO PEA RAW RDY Ln2 INT,1160,0.665706051873199,,,,Bad,Complete
,COMPLETE,2026-01-30,3,1002183091,2025,SWBS,SWBS AC092YIMP S CRS CLD ZZZ BK KG,TVW25S9501,1664,,SWBS  RAW-CLD INT L2B,964.5,0.420372596153846,,,,Bad,Complete
,COMPLETE,2026-01-30,3,1002183088,2025,SWBS,SWBS R00610 T CRS CLX ZZZ BK KG,TVW25T9517X1,919.5,Excelis,SWBS RAX-CLX INT L2B,596.5,0.351277868406743,,,,Bad,Complete
,COMPLETE,2026-01-30,3,1002182845,2025,SWBS,SWBS R594A T CRS CLX ZZZ BK KG,TVW25T9550X1,1429,Excelis,SWBS RAX-CLX INT L2B,911,0.362491252624213,,,,Bad,Complete
,COMPLETE,2026-01-30,3,1002183086,2025,SWBS,SWBS R747 T CRS CLX ZZZ BK KG,TVW25T9551X1,1632,Excelis,SWBS RAX-CLX INT L2B,1279.5,0.215992647058823,,,,Bad,Complete
,COMPLETE,2026-01-30,3,1002184972,2025,SWBS,SWBS R320E T CRS CLD ZZZ BK KG,TVW25T9538,309,,SWBS  RAW-CLD INT L2B,178.5,0.422330097087379,,,,Bad,Complete
,COMPLETE,2026-01-30,1,1002174299,2025,SWBS,SWBS R293B S CRN CLD ZZZ BK KG,TVC25S9535,916,,SWBS  RAW-CLD INT L2B,699,0.236899563318777,,,,Bad,Complete
,COMPLETE,2026-01-30,4,1002185012,2025,SWCO,SWCO GSS3228 CRS RDF ZZZ BK KG,TVW099051X2,587,Fresh,SWCO RAW RDY SUP INT L2B,450.5,0.232538330494037,,,,Bad,Complete
,COMPLETE,2026-02-03,1,1002174302,2025,SWBS,SWBS G01110 T CRS CLX ZZZ BK KG,TVW25T9512X1,558.4,Excelis,SWBS RAX-CLX INT L2B,447,0.199498567335243,,,,Bad,Complete
,COMPLETE,2026-02-03,2,1002174300,2025,SWBS,SWBS R00153 T CRS CLX ZZZ BK KG,TVW25T9514X1,711,Excelis,SWBS RAX-CLX INT L2B,489,0.312236286919831,,,,Bad,Complete
,COMPLETE,2026-02-04,2,1002188271,2025,SWBS,SWBS R00153 T CRS CLX ZZZ BK KG,TVW25T9515X1,170,Excelis,SWBS RAX-CLX INT L2B,116,0.317647058823529,,,,Bad,Complete
,COMPLETE,2026-02-04,2,1002174304,2025,SWBS,SWBS R10457 S CRS CLX ZZZ BK KG,TVW25S9521X1,1397,Excelis,SWBS RAX-CLX INT L2B,1116,0.201145311381532,,,,Bad,Complete
,COMPLETE,2026-02-04,2,1002174303,2025,SWBS,SWBS R11649 T CRS CLX ZZZ BK KG,TVW25T9524X1,1548,Excelis,SWBS RAX-CLX INT L2B,1109,0.28359173126615,,,,Bad,Complete
,COMPLETE,2026-02-04,2,1002188272,2025,SWBS,SWBS AC254Y T CRS CLD ZZZ BK KG,TVW25T9510,207.5,,SWBS  RAW-CLD INT L2B,146,0.296385542168675,,,,Bad,Complete
,COMPLETE,2026-02-04,2,1002188273,2025,SWBS,SWBS AC273Y S CRS CLD ZZZ BK KG,TVW25S9511,177,,SWBS  RAW-CLD INT L2B,117,0.338983050847458,,,,Bad,Complete
,COMPLETE,2026-02-04,2,1002188275,2025,SWBS,SWBS R4001H T CRS CLD ZZZ BK KG,TVW25T9542H,715,GMO,SWBS  RAW-CLD INT L2B,527,0.262937062937063,,,,Bad,Complete
,COMPLETE,2026-02-04,2,1002188277,2025,SWBS,SWBS R4099H S CRS CLD ZZZ BK KG,TVW25S9543H,344,GMO,SWBS  RAW-CLD INT L2B,246,0.284883720930232,,,,Bad,Complete
,COMPLETE,2026-02-06,9,1002190515,2025,SWCO,SWCO GH1662 CRN RDY ZZZ BK KG,TVC099028,950,,SWCO RAW RDY STD INT L2B,870.5,0.083684210526316,,,,Bad,Complete
2 BATCHES,COMPLETE,2026-02-06,8,1002181005,2025,SWCO,SWCO BSS3648 CRS RDF ZZZ BK KG (TRADITION),WAW099009X2,996,Fresh,SWCO RAW RDY SUP INT L2B,1650.5,-0.65712851405623,,,,Good,Complete
,COMPLETE,2026-02-06,2,1002188278,2025,SWBS,SWBS R10233 T CRS CLX ZZZ BK KG,TVW25T9520X1,494,Excelis,SWBS RAX-CLX INT L2B,375.5,0.239878542510121,,,,Bad,Complete
,COMPLETE,2026-02-06,2,1002188285,2025,SWBS,SWBS R15468 S CRS CLX ZZZ BK KG,TVW25S9528X1,314.5,Excelis,SWBS RAX-CLX INT L2B,213.5,0.321144674085851,,,,Bad,Complete
,COMPLETE,2026-02-06,2,1002188283,2025,SWBS,SWBS R16793 S CRS CLX ZZZ BK KG,TVW25S9529X1,347,Excelis,SWBS RAX-CLX INT L2B,270.5,0.220461095100864,,,,Bad,Complete
UN,COMPLETE,2026-02-06,2,1002188387,2025,SWBS,SWBS R21807 S CRS CLX ZZZ BK KG,TVW25S9531X1,161,Excelis,SWBS RAX-CLX INT L2B,120,0.254658385093168,,,,Bad,Complete
UN,COMPLETE,2026-02-06,2,1002188281,2025,SWBS,SWBS R28153 T CRS CLX ZZZ BK KG,TVW25T9532X1,92,Excelis,SWBS RAX-CLX INT L2B,48.5,0.472826086956522,,,,Bad,Complete
,COMPLETE,2026-02-06,2,1002188386,2025,SWBS,SWBS R30343 S CRN CLX ZZZ BK KG,TVC25S9537X1,782.5,Excelis,SWBS RAX-CLX INT L2B,588,0.248562300319489,,,,Bad,Complete
,COMPLETE,2026-02-06,2,1002188282,2025,SWBS,SWBS R36291 S CRN CLX ZZZ BK KG,TVC25S9540X1,548,Excelis,SWBS RAX-CLX INT L2B,375.5,0.31478102189781,,,,Bad,Complete
,COMPLETE,2026-02-06,3,1002188276,2025,SWBS,SWBS R30007 T CRN CLX ZZZ BK KG,TVC25T9536X1,764.5,Excelis,SWBS RAX-CLX INT L2B,640,0.162851536952256,,,,Bad,Complete
UN,COMPLETE,2026-02-09,3,1002188269,2025,SWBS,SWBS R0662A S CRS CLX ZZZ BK KG,TVW25S9522X1,220.5,Excelis,SWBS RAX-CLX INT L2B,143,0.351473922902494,,,,Bad,Complete
,COMPLETE,2026-02-09,3,1002188270,2025,SWBS,SWBS R00398F-SMS T CRN CLX ZZZ BK KG,TVC25T9516X1,671,Excelis,SWBS RAX-CLX INT L2B,433.5,0.353949329359165,,,,Bad,Complete
UN,COMPLETE,2026-02-09,9,1002190514,2025,SWCO,SWCO GSS8871 CRS CLX ZZZ BK KG,TVW099068X1,270,Excelis,SWCO RAX-CLX SUP INT L2B,277,-0.0259259259259299,10.34,,,Good,Complete
,COMPLETE,2026-02-09,8,1002185123,2025,SWCO,SWCO GSS5524 CRS CLX ZZZ BK KG,TVW099062X1,682.5,Excelis,SWCO RAX-CLX SUP INT L2B,445,0.347985347985348,18.62,,,Good,Complete
,COMPLETE,2026-02-09,3,1002188268,2025,SWBS,SWBS W0168 T CRN CLD ZZZ BK KG,TVC25T9553,958,,SWBS  RAW-CLD INT L2B,635,0.337160751565762,10,,,Good,Complete
,COMPLETE,2026-02-11,3,1002188274,2025,SWBS,SWBS AC101Y S CRS CLD ZZZ BK KG,TVW25S9502,334.5,,SWBS  RAW-CLD INT L2B,238.5,0.286995515695067,,,,Bad,Complete
,COMPLETE,2026-02-11,8,1002185125,2025,SWCO,SWCO WSS2524 CRS RDF ZZZ BK KG,TVW099088X2,735.5,Fresh,SWCO RAW RDY SUP INT L2B,596.5,0.188987083616587,16.8,,,Good,Complete
UN,COMPLETE,2026-02-11,9,1002185210,2025,SWCO,SWCO GH3840 CRN RDY ZZZ BK KG,TVC099029,123,,SWCO RAW RDY STD INT L2B,90.5,0.264227642276423,,,,Bad,Complete
,COMPLETE,2026-02-11,9,1002185122,2025,SWCO,SWCO GSS4972 CRS RDY ZZZ BK KG,TVW099061X2,2295.5,Fresh,SWCO RAW RDY SUP INT Ln1,1722,0.249836636898279,24.92,,,Good,Complete
,COMPLETE,2026-02-17,,2400007299,2025,SWCO,SWCO DESERT FROST CRS RDY ZZZ BK KG,TVW099020X2-LF,5099,Fresh,140 offtypes,3309,0.351049225338302,,,,Bad,Complete
,COMPLETE,2026-02-17,9,1002214868,2025,SWCO,SWCO GH5171 CRN RDY ZZZ BK KG,ORC099031,1600,,SWCO RAW RDY STD INT Ln1,1441.5,0.0990625000000001,,,,Bad,Complete
,COMPLETE,2026-02-17,,2400007520,2025,SWBS,SWBS R39232 S CRS CLX ZZZ BK KG,TVC25S9541X1-LR,527,Excelis,"1 cob, 1 offtype",513.5,0.02561669829222,,,,Bad,Complete
,COMPLETE,2026-02-19,,2400007582,2025,SWCO,SWCO P&C EARLY CRN RDY ZZZ BK KG,WAC099077-LR,12015.5,,"227 dent, please run on color sorter",6241.5,0.480545961466439,,,,Bad,Complete
,COMPLETE,2026-03-12,,1002246397,2025,SWCO,SWCO GSS2271 CRS RDY ZZZ BK KG,TVW099047X2,1514.5,Fresh,SWCO RAW RDY SUP INT L2B,1125,0.257180587652691,,,,Bad,Complete
,COMPLETE,2026-03-11,1,1002188284,2025,SWBS,SWBS R10785 S CRS CLX ZZZ BK KG,TVW25S9523X1,134.5,Excelis,SWBS RAX-CLX INT L2B,104,0.226765799256505,,,,Bad,Complete
,COMPLETE,2026-03-13,,1002246398,2025,SWCO,SWCO GSS2272 CRS CLX ZZZ BK KG,TVW099048X1,762,Excelis,SWCO RAX-CLX SUP INT L2B,376,0.506561679790026,,,,Bad,Complete
,COMPLETE,2026-03-16,DESK,2400007377,2025,SWCO,SWCO DESERT FROST CRS RDY ZZZ BK KG,TVW099020X2-MR,753.5,Fresh,130 offtypes,528,0.299270072992701,,,,Bad,Complete
,COMPLETE,2026-03-19,DESK,2400007411,2025,SWCO,SWCO DESERT FROST CRS RDY ZZZ BK KG,TVW099020X2-LR,1393,Fresh,"2 smut, 0.59% discolored, 83 offtypes",1270.5,0.087939698492462,,,,Bad,Complete
,COMPLETE,2026-03-20,DESK,2400007429,2025,SWCO,SWCO DESERT FROST CRS RDY ZZZ BK KG,TVW099020X2-MF,2351,Fresh,"3 cob, 1 smut, 176 offtypes",2139.5,0.089961718417695,,,,Bad,Complete
,COMPLETE,2026-03-20,DESK,2400007413,2025,SWCO,SWCO DESERT FROST CRS RDY ZZZ BK KG,TVW099020X2J-MF,2856,Fresh,111 Offtypes,2646.5,0.073354341736695,,,,Bad,Complete
,COMPLETE,2026-04-02,DESK,2400007378,2025,SWCO,SWCO DESERT FROST CRS RDY ZZZ BK KG,TVW099020X2J-LF,4781.5,Fresh,93 offtypes,4192,0.123287671232877,,,,Bad,Complete
,COMPLETE,2026-04-07,1,2400007430,2025,SWCO,SWCO DESERT FROST CRS RDY ZZZ BK KG,TVW099019X2-MR,677.5,Fresh,"88 oftypes, 1 cob",645,0.047970479704797,,,,Bad,Complete
,COMPLETE,2026-04-07,1,2400007481,2025,SWCO,SWCO DESERT FROST CRS RDY ZZZ BK KG,TVW099019X2-LR,2790.5,Fresh,"89 offtypes, 1.8% damaged",2597.5,0.0691632323956281,,,,Bad,Complete
,COMPLETE,2026-04-07,1,2400007480,2025,SWCO,SWCO DESERT FROST CRS RDY ZZZ BK KG,TVW099019X2-MF,1523.5,Fresh,"99 offtypes, 4 cob",1414,0.07187397440105,,,,Bad,Complete
,COMPLETE,2026-04-07,1,2400007398,2025,SWCO,SWCO DESERT FROST CRS RDY ZZZ BK KG,TVW099019X2-LF,4436.5,Fresh,99 offtypes,4018.5,0.094218415417559,,,,Bad,Complete
,COMPLETE,2026-04-16,,2400007501,2025,SWCO,SWCO DESERT FROST CRS RDY ZZZ BK KG,TVW099020X2J,1964,Fresh,"105 offtypes, 1 discolored",1810,0.078411405295316,,,,Bad,Complete
,COMPLETE,2026-04-23,,2400007500,2025,SWCO,SWCO DESERT FROST CRS RDY ZZZ BK KG,TVW099020X2,943,Fresh,109 offtypes,882,0.064687168610817,,,,Bad,Complete
,COMPLETE,2026-05-13,,1002268648,2025,SWCO,SWCO TRADITION CRS RDF ZZZ BK KG,TVW099010X2,1934.5,Fresh,SWCO RAW RDY SUP INT L2B,1321,0.317136210907211,,,,Bad,Complete
,COMPLETE,2026-05-21,,1002270166,2026CL,SWBS,SWBS R29153 T CRS CLX ZZZ BK KG,CTW26U1062,1939,Excelis,SWBS RAX-CLX INT L2B,1392.5,0.281846312532233,,,,Bad,Complete
FUMIGATED,COMPLETE,2026-07-24,2,1002267914,2026,PEBS,PEBS OCONOR S PEA RDY ZZZ BK KG,TVP26S1405,7330,,PEBS RAW RDY LN1 INT,5334,0.272305593451569,,,,Bad,Complete
FUMIGATED,COMPLETE,2026-07-27,1,1002267634,2026,PEPB,PEPB DGL0114 PEA RDY ZZZ BK KG,TVP26P1414,1980,,PEPB RAW RDY LN2 INT,1781.5,0.100252525252525,,,,Bad,Complete
FUMIGATED,COMPLETE,2026-07-27,3,1002267913,2026,PEBS,PEBS NORVERT S PEA RDY ZZZ BK KG,TVP26S1404,4009.6,,PEBS RAW RDY LN1 INT,4009.5,2.494014365495e-05,,,,Bad,Complete
conditioned with 16.5% moisture,COMPLETE,2026-07-28,1,1002267635,2026,PEPB,PEPB DGL0116 PEA RDY ZZZ BK KG,TVP26P1415,790,,PEPB RAW RDY LN2 INT,394,0.50126582278481,,,,Bad,Complete
FUMIGATED,COMPLETE,2026-07-28,4,1002267917,2026,PEBS,PEBS VIVADO S PEA RDY ZZZ BK KG,TVP26S1412,4750,,PEBS RAW RDY LN1 INT,3771.5,0.206,,,,Bad,Complete
FUMIGATED,COMPLETE,2026-07-28,1,1002267636,2026,PEPB,PEPB DGL0115 PEA RDY ZZZ BK KG,TVP26P1416,1600,,PEPB RAW RDY LN2 INT,1140.5,0.2871875,,,,Bad,Complete
FUMIGATED,COMPLETE,2026-07-29,3,1002267912,2026,PEBS,PEBS NOROIT S PEA RDY ZZZ BK KG,TVP26S1403,11070,,PEBS RAW RDY LN1 INT,8190.5,0.260117434507678,,,,Bad,Complete
FUMIGATED,COMPLETE,2026-07-30,1,1002268717,2026,PEPB,PEPB DGL0056 PEA RDY ZZZ BK KG,TVP26P1388,550,,PEPB RAW RDY LN2 INT,444.5,0.191818181818182,,,,Bad,Complete
FUMIGATED,COMPLETE,2026-07-31,2,1002267909,2026,PEBS,PEBS IDALGO S PEA RDY ZZZ BK KG,TVP26S1396,17580,,PEBS RAW RDY LN1 INT,13907.5,0.208902161547213,,,,Bad,Complete
FUMIGATED,COMPLETE,2026-08-01,3,1002267911,2026,PEBS,PEBS KUDO S PEA RDY ZZZ BK KG,TVP26S1401,2300,,PEBS RAW RDY LN1 INT,1959,0.148260869565217,,,,Bad,Complete
FUMIGATED,COMPLETE,2026-07-31,2,1002267855,2026,PEBS,PEBS DGF0104 S PEA RDY ZZZ BK KG,TVP26S1386T,8810,,PEBS RAW RDY LN1 INT,6984,0.207264472190692,,,,Bad,Complete
FUMIGATED,COMPLETE,2026-08-01,5,1002268716,2026,PEPB,PEPB BINGO PEA RDY ZZZ BK KG,TVP26P1381,2040,,PEPB RAW RDY LN2 INT,1590,0.220588235294118,,,,Bad,Complete
conditioned with 16.5% moisture,COMPLETE,2026-08-01,4,1002268718,2026,PEPB,PEPB GLORIVERT PEA RDY ZZZ BK KG,TVP26P1393,1460,,PEPB RAW RDY LN2 INT,1150,0.212328767123288,,,,Bad,Complete
FUMIGATED,COMPLETE,2026-08-03,2,1002267627,2026,PECO,PECO DGL0099 PEA RDY ZZZ BK KG,TVP10T1390T,7200,,PECO PEA RAW RDY Ln2 INT,5797,0.194861111111111,,,,Bad,Complete
FUMIGATED,COMPLETE,2026-08-04,5,1002267626,2026,PECO,PECO CONTIGO PEA RDY ZZZ BK KG,TVP10T1382,5280,,PECO PEA RAW RDY Ln2 INT,4571,0.134280303030303,,,,Bad,Complete
FUMIGATED,COMPLETE,2026-08-04,1,1002267633,2026,PEPB,PEPB DGL0117 PEA RDY ZZZ BK KG,TVP26P1413,1710,,PEPB RAW RDY LN2 INT,1180.5,0.309649122807017,,,,Bad,Complete
,COMPLETE,2026-08-04,1,1002278807,2026CL,SWCO,SWCO BSS23648-R CRS RDY ZZZ BK KG,CCW101034X2,1478,Fresh,SWCO RAW RDY SUP INT L2B,1233.5,0.165426251691475,,,,Bad,Complete
FUMIGATED,COMPLETE,2026-08-04,1,1002266120,2026,PECO,PECO SL3123 SNP RDY ZZZ BK KG,ORS101282,15020,,PECO PEA RAW RDY Ln2 INT,10836,0.278561917443409,,,,Bad,Complete
FUMIGATED,COMPLETE,2026-08-06,4,1002266124,2026,PECO,PECO SL3123 SNP RDY ZZZ BK KG,ORS101287,13540,,PECO PEA RAW RDY Ln2 INT,10441.5,0.22884047267356,,,,Bad,Complete
FUMIGATED,COMPLETE,2026-08-07,4,1002266125,2026,PECO,PECO SL3123 SNP RDY ZZZ BK KG,ORS101288,23790,,PECO PEA RAW RDY Ln2 INT,18197,0.23509878100042,,,,Bad,Complete
FUMIGATED,COMPLETE,2026-08-10,1,1002266112,2026,PECO,PECO SL3123 SNP RDY ZZZ BK KG,TVS26T1251,18270,,PECO PEA RAW RDY Ln2 INT,12998.5,0.288533114395183,,,,Bad,Complete
FUMIGATED,COMPLETE,2026-08-07,1,1002266111,2026,PECO,PECO SL3123 SNP RDY ZZZ BK KG,TVS26T1250,20030,,PECO PEA RAW RDY Ln2 INT,14270.5,0.28754368447329,,,,Bad,Complete
FUMIGATED,COMPLETE,2026-08-10,4,1002266119,2026,PECO,PECO SL3123 SNP RDY ZZZ BK KG,ORS101281,37430,,PECO PEA RAW RDY Ln2 INT,25597.5,0.31612343040342,,,,Bad,Complete
FUMIGATED,COMPLETE,2026-08-11,1,1002266123,2026,PECO,PECO SL3123 SNP RDY ZZZ BK KG,WAS101286,12660,,PECO PEA RAW RDY Ln2 INT,10108,0.201579778830964,,,,Bad,Complete
FUMIGATED,COMPLETE,2026-08-13,4,1002266346,2026,PECO,PECO SL3123 SNP RDY ZZZ BK KG,ORS101289,22620,,PECO PEA RAW RDY Ln2 INT,17727.5,0.216290893015031,,,,Bad,Complete
FUMIGATED,COMPLETE,2026-08-13,6,1002267616,2026,PECO,PECO SL3123 SNP RDY ZZZ BK KG,TVS10T1356,2060,,PECO PEA RAW RDY Ln2 INT,1460,0.29126213592233,,,,Bad,Complete
FUMIGATED,COMPLETE,2026-08-14,5,1002267082,2026,PECO,PECO SL3123 SNP RDY ZZZ BK KG,TVS10T1351,36510,,PECO PEA RAW RDY Ln2 INT,29093.5,0.203136127088469,,,,Bad,Complete
,COMPLETE,2026-08-18,1,1002291054,2025,SWBS,SWBS G4075 U CRS CLD ZZZ BK KG,NNW25U99038,2521,,SWBS  RAW-CLD INT L2B,1980,0.214597381991273,,,,Bad,Complete
FUMIGATED,COMPLETE,2026-08-19,1,1002266892,2026,PECO,PECO SUGAR 188 SNP RDY ZZZ BK KG,WAS101264,21740,,PECO PEA RAW RDY Ln2 INT,13639,0.37263109475621,,,,Bad,Complete
FUMIGATED,COMPLETE,2026-08-28,4,1002267619,2026,PECO,PECO SUGAR 188 SNP RDY ZZZ BK KG,TVS10T1365,17160,,PECO PEA RAW RDY Ln2 INT,11005.5,0.358653846153846,,,,Bad,Complete
FUMIGATED,COMPLETE,2026-08-29,7,1002267742,2026,PEBS,PEBS SUGAR 188 S SNP RDY ZZZ BK KG,TVS26S1364,2980,,PEBS RAW RDY LN1 INT,2100.5,0.295134228187919,,,,Bad,Complete
NOT FUMIGATED,COMPLETE,2026-08-31,1,1002266891,2026,PECO,PECO SUGAR 188 SNP RDY ZZZ BK KG,TVS101263,33240,,PECO PEA RAW RDY Ln2 INT,21065.5,0.366260529482551,,,,Bad,Complete
FUMIGATED,COMPLETE,2026-08-19,2,1002267745,2026,PEBS,PEBS DGF0105 S PEA RDY ZZZ BK KG,TVP26S1387T,8410,,PEBS RAW RDY LN1 INT,6062,0.279191438763377,,,,Bad,Complete
FUMIGATED,COMPLETE,2026-08-19,2,1002267910,2026,PEBS,PEBS JOF S PEA RDY ZZZ BK KG,TVP26S1399,1460,,PEBS RAW RDY LN1 INT,1019,0.302054794520548,,,,Bad,Complete
FUMIGATED,COMPLETE,2026-08-21,2,1002268719,2026,PEPB,PEPB JOF PEA RDY ZZZ BK KG,TVP26P1398,1290,,PEPB RAW RDY LN2 INT,895.5,0.305813953488372,,,,Bad,Complete
FUMIGATED,COMPLETE,2026-08-24,4,1002267918,2026,PEBS,PEBS ZERUCO S PEA RDY ZZZ BK KG,TVP26S1417T,3310,,PEBS RAW RDY LN1 INT,2097.5,0.36631419939577,,,,Bad,Complete
FUMIGATED,COMPLETE,2026-08-24,2,1002267625,2026,PECO,PECO SUGAR SPARK SNP RDY ZZZ BK KG,TVS10T1374,1780,,PECO PEA RAW RDY Ln2 INT,1195,0.328651685393258,,,,Bad,Complete
NOT FUMIGATED,COMPLETE,2026-09-08,9,1002268715,2026,PEPB,PEPB SUGAR SPARK SNP RDY ZZZ BK KG,TVS26P1373,1620,,PEPB RAW RDY LN2 INT,1087.5,0.328703703703704,,,,Bad,Complete
FUMIGATED,COMPLETE,2026-08-25,2,1002267908,2026,PEBS,PEBS DGL0112 S PEA RDY ZZZ BK KG,TVP26S1392T,9050,,PEBS RAW RDY LN1 INT,6744.5,0.25475138121547,,,,Bad,Complete
FUMIGATED,COMPLETE,2026-08-25,3,1002268722,2026,PEPB,PEPB RUSELAGO PEA RDY ZZZ BK KG,TVP26P1407,820,,PEPB RAW RDY LN2 INT,549.5,0.329878048780488,,,,Bad,Complete
FUMIGATED,COMPLETE,2026-08-31,2,1002267632,2026,PECO,PECO SNOW MAX SNP RDY ZZZ BK KG,TVP10V1411,38690,,PECO PEA RAW RDY Ln2 INT,25491,0.341147583354872,,,,Bad,Complete
NOT FUMIGATED,COMPLETE,2026-08-31,5,1002268723,2026,PEPB,PEPB SNOW MAX SNP RDY ZZZ BK KG,TVP26P1410,1600,,PEPB RAW RDY LN2 INT,946,0.40875,,,,Bad,Complete
NOT FUMIGATED,COMPLETE,2026-08-31,3,1002267915,2026,PEBS,PEBS RUSELAGO S PEA RDY ZZZ BK KG,TVP26S1408,8720,,PEBS RAW RDY LN1 INT,5891,0.324426605504587,,,,Bad,Complete
FUMIGATED,COMPLETE,2026-08-31,3,1002268720,2026,PEPB,PEPB KUDO PEA RDY ZZZ BK KG,TVP26P1400,1080,,PEPB RAW RDY LN2 INT,641.5,0.406018518518518,,,,Bad,Complete
FUMIGATED,COMPLETE,2026-08-31,1,1002267906,2026,PEBS,PEBS DGL0056 S PEA RDY ZZZ BK KG,TVP26S1389T,2360,,PEBS RAW RDY LN1 INT,1621.5,0.312923728813559,,,,Bad,Complete
FUMIGATED,COMPLETE,2026-09-01,1,1002267744,2026,PEBS,PEBS DGF0093 S PEA RDY ZZZ BK KG,TVP26S1385T,3570,,PEBS RAW RDY LN1 INT,2551.5,0.285294117647059,,,,Bad,Complete
FUMIGATED,COMPLETE,2026-09-01,2,1002267907,2026,PEBS,PEBS DGL0107 S PEA RDY ZZZ BK KG,TVP26S1391T,1840,,PEBS RAW RDY LN1 INT,1344.5,0.26929347826087,,,,Bad,Complete
FUMIGATED,COMPLETE,2026-09-01,3,1002268721,2026,PEPB,PEPB NOROIT PEA RDY ZZZ BK KG,TVP26P1402,1830,,PEPB RAW RDY LN2 INT,1365.5,0.253825136612022,,,,Bad,Complete
FUMIGATED,COMPLETE,2026-09-02,3,1002267631,2026,PECO,PECO RALLFI PEA RDY ZZZ BK KG,TVP10T1406,3620,,PECO PEA RAW RDY Ln2 INT,2028,0.439779005524862,,,,Bad,Complete
FUMIGATED,COMPLETE,2026-09-02,4,1002267916,2026,PEBS,PEBS SALTINGO S PEA RDY ZZZ BK KG,TVP26S1409,3940,,PEBS RAW RDY LN1 INT,3132,0.20507614213198,,,,Bad,Complete
NOT FUMIGATED,COMPLETE,2026-09-03,4,1002267919,2026,PEBS,PEBS ZONVERT S PEA RDY ZZZ BK KG,TVP26S1418,15250,,PEBS RAW RDY LN1 INT,10813,0.290950819672131,,,,Bad,Complete
,COMPLETE,2026-09-04,1,1002300326,2026,BECO,BECO HUNTINGTON RDY ZZZ BK KG,WAG101498W,14000,,BECO RAW RDY Ln1 INT,10489.5,0.25075,,,,Bad,Complete
FUMIGATED,COMPLETE,2026-09-08,7,1002267854,2026,PEBS,PEBS SL3227 S SNP RDY ZZZ BK KG,TVS26S1360,5900,,PEBS RAW RDY LN1 INT,4049,0.313728813559322,,,,Bad,Complete
FUMIGATED,COMPLETE,2026-09-09,4,1002267628,2026,PECO,PECO GRUNDY PEA RDY ZZZ BK KG,TVP10T1394,24010,,PECO PEA RAW RDY Ln2 INT,17442.5,0.273531861724282,,,,Bad,Complete
FUMIGATED,COMPLETE,2026-09-09,4,1002267629,2026,PECO,PECO GRUNDY PEA RDY ZZZ BK KG,TVP10T1395,1140,,PECO PEA RAW RDY Ln2 INT,822,0.278947368421053,,,,Bad,Complete
NOT FUMIGATED,COMPLETE,2026-09-14,5,1002266911,2026,PECO,PECO FESTIVERT PEA RDY ZZZ BK KG,ORP101351,37710,,PECO PEA RAW RDY Ln2 INT,29875,0.207769822328295,,,,Bad,Complete
FUMIGATED,COMPLETE,2026-09-14,5,1002267617,2026,PEPB,PEPB SL3233 SNP RDY ZZZ BK KG,TVS26P1362T,3970,,PEPB RAW RDY LN2 INT,2319,0.415869017632242,,,,Bad,Complete
FUMIGATED,COMPLETE,2026-09-14,6,1002267871,2026,PECO,PECO SL3211 SNP RDY ZZZ BK KG,TVS10V1358T,1120,,PECO PEA RAW RDY Ln2 INT,604,0.460714285714286,,,,Bad,Complete
FUMIGATED,COMPLETE,2026-09-14,6,1002267870,2026,PEPB,PEPB SL3211 SNP RDY ZZZ BK KG,TVS26P1357,840,,PEPB RAW RDY LN2 INT,457,0.455952380952381,,,,Bad,Complete
FUMIGATED,COMPLETE,2026-09-15,6,1002267615,2026,PECO,PECO SL3123 SNP RDY ZZZ BK KG,TVS10T1376,10750,,PECO PEA RAW RDY Ln2 INT,7874,0.26753488372093,,,,Bad,Complete
FUMIGATED,COMPLETE,2026-09-15,8,1002268714,2026,PEPB,PEPB SUGAR FORCE SNP RDY ZZZ BK KG,TVS26P1376,620,,PEPB RAW RDY LN2 INT,466.5,0.24758064516129,,,,Bad,Complete
FUMIGATED,COMPLETE,2026-09-16,8,1002267624,2026,PECO,PECO SUGAR FORCE SNP RDY ZZZ BK KG,TVS10V1371,7130,,PECO PEA RAW RDY Ln2 INT,6228,0.126507713884993,,,,Bad,Complete
FUMIGATED,COMPLETE,2026-09-17,8,1002267623,2026,PECO,PECO SUGAR FORCE SNP RDY ZZZ BK KG,TVS10V1370,17320,,PECO PEA RAW RDY Ln2 INT,12348,0.287066974595843,,,,Bad,Complete
NOT FUMIGATED,COMPLETE,2026-09-17,7,1002267741,2026,PEBS,PEBS SL3229 S SNP RDY ZZZ BK KG,TVS26S1361T,2750,,PEBS RAW RDY LN1 INT,1993,0.275272727272727,,,,Bad,Complete
NOT FUMIGATED,COMPLETE,2026-09-18,7,1002267872,2026,PEBS,PEBS SL3226 S SNP RDY ZZZ BK KG,TVS26S1359,5760,,PEBS RAW RDY LN2 INT,4164.5,0.276996527777778,,,,Bad,Complete
NOT FUMIGATED,COMPLETE,2026-09-18,9,1002267620,2026,PECO,PECO SUGAR 204 SNP RDY ZZZ BK KG,TVS10V1367,14900,,PECO PEA RAW RDY Ln2 INT,10829,0.273221476510067,,,,Bad,Complete
NOT FUMIGATED,COMPLETE,2026-09-19,8,1002268713,2026,PEPB,PEPB SUGAR 208 SNP RDY ZZZ BK KG,TVS26P1368,1170,,PEPB RAW RDY LN2 INT,571.5,0.511538461538462,,,,Bad,Complete
NOT FUMIGATED,COMPLETE,2026-09-21,8,1002267622,2026,PECO,PECO SUGAR 208 SNP RDY ZZZ BK KG,TVS10V1375,9410,,PECO PEA RAW RDY Ln2 INT,7080.5,0.247555791710946,,,,Bad,Complete
NOT FUMIGATED,COMPLETE,2026-09-21,8,1002267621,2026,PECO,PECO SUGAR 208 SNP RDY ZZZ BK KG,TVS10V1369,10830,,PECO PEA RAW RDY Ln2 INT,7049.5,0.349076638965836,,,,Bad,Complete
NOT FUMIGATED,COMPLETE,2026-09-22,5,1002291141,2026,PECO,PECO SUGAR FLASH SNP RDY ZZZ BK KG,WAS101279K,8450,,PECO PEA RAW RDY Ln2 INT,6661,0.211715976331361,,,,Bad,Complete
,COMPLETE,2026-09-23,,2400008096,2023,SWBS,SWBS R660D T CRS RDX ZZZ BK KG,TVW23U7586X1,7122.5,,COLORSORT,6899,0.031379431379431,,,,Bad,Complete
,COMPLETE,2026-09-23,,2400008099,2023,SWBS,SWBS R660D T CRS RDX ZZZ BK KG,TVW23U7585X1,4507.5,,THIS NEEDS TO BE RAN OVER THE COLOR SORT,4284.5,0.049473100388242,,,,Bad,Complete
NOT FUMIGATED,ONLINE,2026-09-23,9,1002266349,2026,PECO,PECO SL3134 SNP RDY ZZZ BK KG,TVS101254,22790,,PECO PEA RAW RDY Ln2 INT,,,,,,Good,Incomplete
,NEW,2026-09-25,,1002282491,2025,SWCO,SWCO GSS3378 CRS RDF ZZZ BK KG,TVW099092X2,462.5,Fresh,SWCO RAW RDY SUP INT L2B,,,,,,Good,Incomplete
,RELEASED,2026-09-25,1,1002303238,2026,BEBS,BEBS SB4840 T RDY ZZZ BK KG,TVG26T1607T,1720,,BEBS RAW RDY Ln2 INT,,,,,,Good,Incomplete
,RELEASED,2026-09-28,9,1002303237,2026,BEBS,BEBS SB4840 S RDY ZZZ BK KG,TVG26S1606T,1110,,BEBS RAW RDY Ln2 INT,,,,,,Good,Incomplete
,RELEASED,2026-09-25,2,1002307905,2026,BECO,BECO AUBERON RDY ZZZ BK KG,TVG101450K,10490,,BECO RAW RDY Ln2 INT EAME,,,,,,Good,Incomplete
,RELEASED,2026-09-26,2,1002302884,2026,BECO,BECO AUBERON RDY ZZZ BK KG,TVG101450,14300,,BECO RAW RDY Ln2 INT EAME,,,,,,Good,Incomplete
,NEW,2026-09-28,4,1002300826,2026,BECO,BECO THOMPSON RDY ZZZ BK KG,WAG101495,34140,,BECO RAW RDY Ln2 INT,,,,,,Good,Incomplete
,NEW,2026-09-30,5,1002300825,2026,BECO,BECO SB4876 RDY ZZZ BK KG,WAG101489,30760,,BECO RAW RDY Ln2 INT,,,,,,Good,Incomplete
,NEW,2026-09-30,3,1002303190,2026,BECO,BECO KAMARON RDY ZZZ BK KG,TVG101468,3460,,BECO RAW RDY Ln2 INT EAME,,,,,,Good,Incomplete
,NEW,2026-10-01,5,1002303189,2026,BECO,BECO HUNTINGTON RDY ZZZ BK KG,WAG101498,99230,,BECO RAW RDY Ln2 INT,,,,,,Good,Incomplete
,NEW,2026-10-05,5,1002300812,2026,BECO,BECO HUNTINGTON RDY ZZZ BK KG,WAG101462,89410,,BECO RAW RDY Ln2 INT,,,,,,Good,Incomplete
Wait for raw germ,NEW,2026-10-08,5,1002304965,2026,BECO,BECO HUNTINGTON RDY ZZZ BK KG,WAG101464K,65160,,BECO RAW RDY Ln2 INT,,,,,,Good,Incomplete
Wait for raw germ,NEW,2026-10-10,5,1002300814,2026,BECO,BECO HUNTINGTON RDY ZZZ BK KG,WAG101464,55510,,BECO RAW RDY Ln2 INT,,,,,,Good,Incomplete
,NEW,2026-10-14,5,1002300810,2026,BECO,BECO HUNTINGTON RDY ZZZ BK KG,WAG101461,69250,,BECO RAW RDY Ln2 INT,,,,,,Good,Incomplete
,NEW,2026-10-15,5,1002300813,2026,BECO,BECO HUNTINGTON RDY ZZZ BK KG,WAG101463,14080,,BECO RAW RDY Ln2 INT,,,,,,Good,Incomplete
,NEW,2026-12-28,5,1002303218,2026,BEBS,BEBS HUNTINGTON S RDY ZZZ BK KG,TVG26S1568,1120,,BEBS RAW RDY Ln2 INT,,,,,,Good,Incomplete
,NEW,2026-12-28,5,1002305519,2026,BECO,BECO HUNTINGTON RDY ZZZ BK KG,WAG101464K2,17710,,BECO RAW RDY Ln2 INT,,,,,,Good,Incomplete
,NEW,2026-12-28,5,1002303211,2026,BEBS,BEBS HUNTINGTON T RDY ZZZ BK KG,TVG26T1563,28890,,BEBS RAW RDY Ln2 INT,,,,,,Good,Incomplete
,NEW,2026-12-28,5,1002300816,2026,BECO,BECO HUNTINGTON RDY ZZZ BK KG,WAG101497,24740,,BECO RAW RDY Ln2 INT,,,,,,Good,Incomplete
,NEW,2026-12-28,5,1002303213,2026,BEBS,BEBS HUNTINGTON T RDY ZZZ BK KG,TVG26T1565,24360,,BEBS RAW RDY Ln2 INT,,,,,,Good,Incomplete
,NEW,2026-12-28,5,1002308866,2026,BEBS,BEBS HUNTINGTON T RDY ZZZ BK KG,,2560,,BEBS RAW RDY Ln2 INT,,,,,,Good,Incomplete
,NEW,2026-10-21,6,1002300820,2026,BECO,BECO PISMO RDY ZZZ BK KG,WAG101480,125880,,BECO RAW RDY Ln2 INT,,,,,,Good,Incomplete
,NEW,2026-10-23,6,1002300819,2026,BECO,BECO PISMO RDY ZZZ BK KG,WAG101479,61900,,BECO RAW RDY Ln2 INT,,,,,,Good,Incomplete
,NEW,2026-10-26,6,1002300822,2026,BECO,BECO PISMO RDY ZZZ BK KG,WAG101482,50200,,BECO RAW RDY Ln2 INT,,,,,,Good,Incomplete
,NEW,2026-10-27,8,1002303196,2026,BECO,BECO OUTLAW RDY ZZZ BK KG,TVG101477,21650,,BECO RAW RDY Ln2 INT EAME,,,,,,Good,Incomplete
,NEW,2026-10-28,6,1002302885,2026,BECO,BECO BASTION RDY ZZZ BK KG,TVG101451,19200,,BECO RAW RDY Ln2 INT EAME,,,,,,Good,Incomplete
,NEW,2026-10-29,2,1002307551,2026,SWCO,SWCO OVERLAND CRS CLX ZZZ BK KG,,6400,,SWCO RAX-CLX SUP INT Ln1,,,,,,Good,Incomplete
,NEW,2026-10-29,4,1002307550,2026,SWCO,SWCO OVERLAND CRS RDY ZZZ BK KG,,3300,,SWCO RAW RDY SUP INT Ln1,,,,,,Good,Incomplete
,NEW,2026-10-29,7,1002303120,2026,SWCO,SWCO 3552R CRS RDF ZZZ BK KG,,5048.5,,SWCO RAW RDY INT L2A,,,,,,Good,Incomplete
,NEW,2026-10-29,9,1002307261,2026,SWCO,SWCO GH6462S CRN RDY ZZZ BK KG,,11000,,SWCO RAW RDY STD INT Ln1,,,,,,Good,Incomplete
,NEW,2026-10-29,9,1002295419,2026,SWCO,SWCO QUICK TRIP CRT RDY ZZZ BK KG,ORT101077H,3473,,SWCO RAW RDY INT L2A,,,,,,Good,Incomplete
,NEW,2026-12-28,7,1002303204,2026,BEBS,BEBS GREENBACK T RDY ZZZ BK KG,TVG26T1561,10800,,BEBS RAW RDY Ln2 INT,,,,,,Good,Incomplete
,NEW,2026-12-28,8,1002303193,2026,BECO,BECO OKAPI RDY ZZZ BK KG,TVG101475,23050,,BECO RAW RDY Ln2 INT KENYA,,,,,,Good,Incomplete
,NEW,2026-12-28,8,1002303195,2026,BECO,BECO ORGANDI RDY ZZZ BK KG,TVG101500,10820,,BECO RAW RDY Ln2 INT KENYA,,,,,,Good,Incomplete
,NEW,2026-12-01,,120000902,,SWTO,SWTO TOLLING SWEETCORN BY RDY ZZZ BK KG,,7173,,SWTO RAW RDY Ln2 INT,,,,,,Good,Incomplete
,NEW,2026-12-01,,120000903,,SWTO,SWTO TOLLING SWEETCORN BY RDY ZZZ BK KG,,6755,,SWTO RAW RDY Ln2 INT,,,,,,Good,Incomplete
,NEW,2026-12-01,,120000904,,SWTO,SWTO TOLLING SWEETCORN BY RDY ZZZ BK KG,,3987.5,,SWTO RAW RDY Ln2 INT,,,,,,Good,Incomplete
,NEW,2026-12-31,9,1002309463,,SWCO,SWCO PATRON CRS RDY ZZZ BK KG,,216.5,,SWCO RAW RDY SUP INT L2B,,,,,,Good,Incomplete
