,Crop,"Material 
Description",Prod. Order,"Output
Qty",UOM,Scheduled Finish Date (SAP),Notes:,Priority,PO Status,WorkCenter,Pack Line,Department,Hours,Capacity
,PECO,PECO KUDO PEA RDY ZZZ BK KG,2400008091,12159,KG,2026-09-23,PECO RDY RDY PPur INT,,NEW,LSVGRVTY,LSV Gravity,LSV Conditioning,,
,SWBS,SWBS R660D T CRS RDX ZZZ BK KG,2400008095,6047,KG,2026-09-28,Gravity 10% high cut,,NEW,LSVGRVTY,LSV Gravity,LSV Conditioning,,
,SWCO,SWCO TYSON CRS RDX ZZZ BK KG,2400008076,4694,KG,2026-09-29,REWORK TO REMOVE THE DEAD MEAL MOTH.,,NEW,LSVGRVTY,LSV Gravity,LSV Conditioning,,
,SWCO,SWCO DESERT FROST CRS RDY ZZZ BK KG,300102065,4202.735,KG,2026-07-10,1st failed AP,,NEW,LSVGRVTY,LSV Gravity,LSV Conditioning,,
,SWCO,SWCO GSS3951 CRS CLX ZZZ BK KG,2400008125,3994,KG,2026-08-31,REWORKING TO REMOVE SMALL SEED.  SCREEN,,NEW,LSVGRVTY,LSV Gravity,LSV Conditioning,,
,SWCO,SWCO OVERLAND-R CRS RDX ZZZ BK KG,2400008075,2475,KG,2026-09-25,RUSH.  RUN OVER THE GRAVITY TO REMOVE DE,,NEW,LSVGRVTY,LSV Gravity,LSV Conditioning,,
,SWCO,SWCO GSS2259P CRS CLX ZZZ BK KG,300102044,1035,KG,2026-07-06,SEEDS NEEDS REWORKED FOR AP+ 2 X.  THIS,,NEW,LSVGRVTY,LSV Gravity,LSV Conditioning,,
,SWCO,SWCO 1760MR CRS RDF ZZZ BK KG,2400007696,766.5,KG,2026-06-17,Gravity for meal moth,,NEW,LSVGRVTY,LSV Gravity,LSV Conditioning,,
,SWCO,SWCO GH6055 CRN CLX ZZZ BK KG,300102084,564.5,KG,2026-07-07,NEEDS REWORKED FOR FAILED TARE X 2.  THI,,NEW,LSVGRVTY,LSV Gravity,LSV Conditioning,,
,SWCO,SWCO GSS2259P CRS RDX ZZZ BK KG,2400007882,486,KG,2026-05-27,Gravity for meal moth,,NEW,LSVGRVTY,LSV Gravity,LSV Conditioning,,
,SWCO,SWCO SS7078Y CRS RDF ZZZ BK KG,2400008012,477.452,KG,2026-06-05,Gravity for meal moth,,NEW,LSVGRVTY,LSV Gravity,LSV Conditioning,,
,SWCO,SWCO GSS39933 CRS RDF ZZZ BK KG,2400008011,397,KG,2026-06-05,gravity for meal moth,,NEW,LSVGRVTY,LSV Gravity,LSV Conditioning,,
,SWBS,SWBS G3003 T CRN RDX ZZZ BK KG,2400008151,347.5,KG,2026-07-30,47 Offtypes,,NEW,LSVGRVTY,LSV Gravity,LSV Conditioning,,
,SWBS,SWBS R565A T CRS RDX ZZZ BK KG,2400008280,244.5,KG,2026-09-16,PS HAND PICK PROJECT FOR CHILE - ANZ 26-,,NEW,LSVGRVTY,LSV Gravity,LSV Conditioning,,
,SWCO,SWCO YETI CRS RDY ZZZ BK KG,300102029,184.5,KG,2026-07-22,FAILED AP 1X.  PLEASE REWORK. NOTHING IN,,NEW,LSVGRVTY,LSV Gravity,LSV Conditioning,,
,SWBS,SWBS R20015 S CRS RDX ZZZ BK KG,2400007887,172.5,KG,2026-05-27,Gravity for meal moth,,NEW,LSVGRVTY,LSV Gravity,LSV Conditioning,,
,SWCO,SWCO BSS3556 CRS RDF ZZZ BK KG,2400008019,92,KG,2026-06-05,Gravity for meal moth,,NEW,LSVGRVTY,LSV Gravity,LSV Conditioning,,
,SWBS,SWBS R10233 T CRS RDX ZZZ BK KG,2400008094,67.5,KG,2026-09-28,SWBS EX RPR Ppur INT,,NEW,LSVGRVTY,LSV Gravity,LSV Conditioning,,
,SWPB,SWPB R10016 CRS RDX ZZZ BK KG,300102378,67.5,KG,2026-09-30,HAND PICK ASKED FOR BY JON STOCKER.,,NEW,LSVGRVTY,LSV Gravity,LSV Conditioning,,
,SWPB,SWPB G4075 CRS RDX ZZZ BK KG,300102375,36,KG,2026-09-30,HAND PICK ASKED FOR BY JON STOCKER.,,NEW,LSVGRVTY,LSV Gravity,LSV Conditioning,,
,SWPB,SWPB R10233 CRS RDX ZZZ BK KG,300102379,25,KG,2026-09-30,HAND PICK ASKED FOR BY JON STOCKER.,,NEW,LSVGRVTY,LSV Gravity,LSV Conditioning,,
,SWBS,SWBS AC250Y U CRS RDX ZZZ BK KG,300102184,20,KG,2026-08-31,PS HAND PICK PROJECT FOR CHILE - ANZ 26-,,NEW,LSVGRVTY,LSV Gravity,LSV Conditioning,,
