Packaging Times,,,,,,,,,,,,,,,,,,
Equipment,Units Per Hour,Cleandown,,,,,,,,,,,,,,,,
LSV Concetti,225,0.75,,,,,,,,,,,,,,,,
LSV Stand Alone,80,0.25,,,,,,,,,,,,,,,,
LSV Bulk,1500,0.25,,,,,,,,,,,,,,,,
SSV Line 1,150,0.5,,,,,,,,,,,,,,,,
SSV Line 2,150,0.5,,,,,,,,,,,,,,,,
SSV Bulk,1500,0.5,,,,,,,,,,,,,,,,
SSV S60,30,0.25,,,,,,,,,,,,,,,,
,,,,,,,,,,,,,,,,,,
Treating Times,,,,,,,,,,,,,,,,,,
Equipment,Per Hour,Cleandown,,,,,,,,,,,,,,,,
Heid250,0,0,,,,,,,,,,,,,,,,
Heid50,,,,,,,,,,,,,,,,,,
Hoopman,,,,,,,,,,,,,,,,,,
,,,,,,,,,,,,,,,,,,
,,,,,,,,,,,,,,,,,,
,,,,,,,,,,,,,,,,,,
,,,,,,,,,,,,,SSV  Manufacturer Rates,,,,,
SSV Target Rates/hour,,,,,,,,,,,,,S-60,,,,,
Specie,1ks,2.5ks,5ks,10ks,25ks,,,,,,,,Specie,Seed per Second,,,,
BRCO,1800,,360,180,60,,,,,,,,Tomato,400,,,,
BRBS,1800,,360,180,60,,,,,,,,Pepper,500,,,,
CACO,1800,,360,180,60,,,,,,,,Watermelon,100,,,,
CABS,1800,,360,180,60,,,"Used 30 as the standard for 1 ks foils, not 38",,,,,Melon,90,,,,
CFCO,1800,,360,180,60,,,,,,,,Corn,67,,,,
CFBS,1800,,360,180,60,,,,,,,,Squash,?,,,,
CUCO,1200,,900,480,180,,,,,,,,,,,,,
CUBS,1200,,900,480,180,,,,,,,,,,,,,
MECO,1200,,900,480,180,,,,,,,,S-660 (per minute),,,,,
MEBS,1200,,900,480,180,,,,,,,,Specie,1ks bags,2.5ks bags,5ks bags,10ks bags,25ks bags
SQCO,360,,120,60,,,,,,,,,Cucumber,20,12,6,3,1
SQBS,360,,120,60,,,,,,,,,Melon,20,12,6,3,1
SWCO,360,180,120,60,,,,,,,,,Pepper,38,25,15,8,3
SWBS,360,180,120,60,,,,,,,,,Tomato,38,25,15,8,3
TOCO,1800,,360,180,180,,,,,,,,Cabbage,38,25,15,8,3
TOBS,1800,,360,180,180,,,,,,,,Watermelon,20,12,6,3,1
WACO,1200,,360,180,180,,,,,,,,Brassica,?,?,?,?,?
WABS,1200,,360,180,180,,,,,,,,Squash,?,?,?,?,?
WCCO,1800,,360,180,180,,,,,,,,Corn,6,3,2,1,?
WCBS,1800,,360,180,180,,,,,,,,,Actual,Converted,,,
,,,,,,,,,,,,,,,,Pack Line LTD,15-31 units per min,
