equipment_model,species_name,package_size_ks,bags_per_minute,rate_basis,dq_flags,source_row_number
S-660,Cucumber,1,20,actual,,1
S-660,Cucumber,2.5,12,converted,,1
S-660,Cucumber,5,6,converted,,1
S-660,Cucumber,10,3,converted,,1
S-660,Cucumber,25,1,converted,,1
S-660,Melon,1,20,actual,,2
S-660,Melon,2.5,12,converted,,2
S-660,Melon,5,6,converted,,2
S-660,Melon,10,3,converted,,2
S-660,Melon,25,1,converted,,2
S-660,Pepper,1,38,actual,,3
S-660,Pepper,2.5,25,converted,,3
S-660,Pepper,5,15,converted,,3
S-660,Pepper,10,8,converted,,3
S-660,Pepper,25,3,converted,,3
S-660,Tomato,1,38,actual,,4
S-660,Tomato,2.5,25,converted,,4
S-660,Tomato,5,15,converted,,4
S-660,Tomato,10,8,converted,,4
S-660,Tomato,25,3,converted,,4
S-660,Cabbage,1,38,actual,,5
S-660,Cabbage,2.5,25,converted,,5
S-660,Cabbage,5,15,converted,,5
S-660,Cabbage,10,8,converted,,5
S-660,Cabbage,25,3,converted,,5
S-660,Watermelon,1,20,actual,,6
S-660,Watermelon,2.5,12,converted,,6
S-660,Watermelon,5,6,converted,,6
S-660,Watermelon,10,3,converted,,6
S-660,Watermelon,25,1,converted,,6
S-660,Brassica,1,,actual,value_unknown_in_source,7
S-660,Brassica,2.5,,converted,value_unknown_in_source,7
S-660,Brassica,5,,converted,value_unknown_in_source,7
S-660,Brassica,10,,converted,value_unknown_in_source,7
S-660,Brassica,25,,converted,value_unknown_in_source,7
S-660,Squash,1,,actual,value_unknown_in_source,8
S-660,Squash,2.5,,converted,value_unknown_in_source,8
S-660,Squash,5,,converted,value_unknown_in_source,8
S-660,Squash,10,,converted,value_unknown_in_source,8
S-660,Squash,25,,converted,value_unknown_in_source,8
S-660,Corn,1,6,actual,,9
S-660,Corn,2.5,3,converted,,9
S-660,Corn,5,2,converted,,9
S-660,Corn,10,1,converted,,9
S-660,Corn,25,,converted,value_unknown_in_source,9
