species_code,package_size_ks,target_units_per_hour,source_row_number
BRCO,1,1800,1
BRCO,5,360,1
BRCO,10,180,1
BRCO,25,60,1
BRBS,1,1800,2
BRBS,5,360,2
BRBS,10,180,2
BRBS,25,60,2
CACO,1,1800,3
CACO,5,360,3
CACO,10,180,3
CACO,25,60,3
CABS,1,1800,4
CABS,5,360,4
CABS,10,180,4
CABS,25,60,4
CFCO,1,1800,5
CFCO,5,360,5
CFCO,10,180,5
CFCO,25,60,5
CFBS,1,1800,6
CFBS,5,360,6
CFBS,10,180,6
CFBS,25,60,6
CUCO,1,1200,7
CUCO,5,900,7
CUCO,10,480,7
CUCO,25,180,7
CUBS,1,1200,8
CUBS,5,900,8
CUBS,10,480,8
CUBS,25,180,8
MECO,1,1200,9
MECO,5,900,9
MECO,10,480,9
MECO,25,180,9
MEBS,1,1200,10
MEBS,5,900,10
MEBS,10,480,10
MEBS,25,180,10
SQCO,1,360,11
SQCO,5,120,11
SQCO,10,60,11
SQBS,1,360,12
SQBS,5,120,12
SQBS,10,60,12
SWCO,1,360,13
SWCO,2.5,180,13
SWCO,5,120,13
SWCO,10,60,13
SWBS,1,360,14
SWBS,2.5,180,14
SWBS,5,120,14
SWBS,10,60,14
TOCO,1,1800,15
TOCO,5,360,15
TOCO,10,180,15
TOCO,25,180,15
TOBS,1,1800,16
TOBS,5,360,16
TOBS,10,180,16
TOBS,25,180,16
WACO,1,1200,17
WACO,5,360,17
WACO,10,180,17
WACO,25,180,17
WABS,1,1200,18
WABS,5,360,18
WABS,10,180,18
WABS,25,180,18
WCCO,1,1800,19
WCCO,5,360,19
WCCO,10,180,19
WCCO,25,180,19
WCBS,1,1800,20
WCBS,5,360,20
WCBS,10,180,20
WCBS,25,180,20
