po_number,material_description,target_qty,unit_of_measure,basic_finish_date,order_description,priority,source_row_number
300102044,SWCO GSS2259P CRS CLX ZZZ BK KG,1035.000,KG,2026-07-06,SEEDS NEEDS REWORKED FOR AP+ 2 X.  THIS,,1
1002307551,SWCO OVERLAND CRS CLX ZZZ BK KG,6400.000,KG,2026-10-29,SWCO RAX-CLX SUP INT Ln1,2,2
1002302915,SWBS R00565H S CRS CLD ZZZ BK KG,360.500,KG,2026-11-15,SWBS  RAW-CLD INT Ln1,5,3
1002302916,SWBS R00565H S CRS CLD ZZZ BK KG,697.500,KG,2026-11-15,SWBS  RAW-CLD INT Ln1,5,4
2400008268,SWBS G4075 U CRS CLD ZZZ BK KG,1.000,KG,2026-12-09,SWBS Repair INT PPur,,5
1002174855,SWCO GSS3951 CRS CLX ZZZ BK KG,48400.000,KG,2025-12-30,SWCO RAX-CLX SUP INT Ln1,1,6
2400008125,SWCO GSS3951 CRS CLX ZZZ BK KG,3994.000,KG,2026-08-31,REWORKING TO REMOVE SMALL SEED.  SCREEN,,7
2400008133,SWBS AC144Y S CRS CLD ZZZ BK KG,1.000,KG,2026-12-10,SWBS Repair INT PPur,,8
2400007436,SWBS R5002H S CRS CLD ZZZ BK KG,1.000,KG,2026-04-22,SWBS Repair INT PPur,,9
1002181889,SWCO GH6055 CRN CLX ZZZ BK KG,42000.000,KG,2025-12-29,SWCO RAX-CLX STD INT Ln1,7,10
300102084,SWCO GH6055 CRN CLX ZZZ BK KG,564.500,KG,2026-07-07,NEEDS REWORKED FOR FAILED TARE X 2.  THI,,11
300097077,SWBS R22659 S CRS CLX ZZZ BK KG,1.000,KG,2025-07-22,SWBS EX RPR GMO INT,,12
1002270166,SWBS R29153 T CRS CLX ZZZ BK KG,1939.000,KG,2026-05-22,SWBS RAX-CLX INT L2B,,13
1002302922,SWPB R5456H CRS CLD ZZZ BK KG,475.500,KG,2026-12-30,SWPB RAW-CLD INT L2,9,14
1002307550,SWCO OVERLAND CRS RDY ZZZ BK KG,3300.000,KG,2026-10-29,SWCO RAW RDY SUP INT Ln1,4,15
1002306429,MEBS 1M064 RDY ZZZ BK KS,10.660,KG,2026-10-01,MEBS RAW RDY INT,,16
1002301022,MECO OVATION RDY ZZZ BK KS,96.000,KG,2026-09-08,MECO RAW RDY Ln1 INT,,17
1002301023,MECO OVATION RDY ZZZ BK KS,89.000,KG,2026-09-09,MECO RAW RDY Ln1 INT,,18
1002302359,MECO OVATION RDY ZZZ BK KS,85.000,KG,2026-09-24,MECO RAW RDY Ln1 INT,,19
