po_number,work_center_code,requirements_date,material_description,commit_qty,unit_of_measure,source_row_number
100028467,PASSHLTH,2026-10-16,WCCO FABIOLA RAW ZZZ BK KG,752.500,KG,1
100028679,PASSHLTH,2026-08-21,BRCO SBB003 RAW ZZZ BK KG,90.000,KG,2
100028680,PASSHLTH,2026-08-24,CFCO NABOO RAW ZZZ BK KG,7.530,KG,3
100028681,PASSHLTH,2026-08-26,CFCO SGC3131 RAW ZZZ BK KG,19.040,KG,4
100028748,SSVLN5,2026-09-17,SQCO BACANORA RDY ZZZ BK KS,1630.237,KS,5
100028749,PASSHLTH,2026-09-30,BRCO MACDUI RAW ZZZ BK KG,13.000,KG,6
100028750,PASSHLTH,2026-09-30,BRCO SUNMAN RAW ZZZ BK KG,6.790,KG,7
100028768,PASSHLTH,2026-10-19,BSCO ABACUS RAW ZZZ BK KG,317.000,KG,8
120000902,LSVLN2,2026-12-01,SWTO TOLLING SWEETCORN BY RAW ZZZ BK KG,7173.000,KG,9
120000903,LSVLN2,2026-12-01,SWTO TOLLING SWEETCORN BY RAW ZZZ BK KG,6755.000,KG,10
120000904,LSVLN2,2026-12-01,SWTO TOLLING SWEETCORN BY RAW ZZZ BK KG,3987.500,KG,11
300097077,LSVGRVTY,2025-07-22,SWBS R22659 S CRS CLX ZZZ BK KG,0.000,KG,12
300102025,SSVRPR3,2026-07-29,CFCO SPACEDREAM RDY ZZZ BK KS,70319.634,KS,13
300102029,LSVGRVTY,2026-07-22,SWCO YETI CRS RDY ZZZ BK KG,184.500,KG,14
300102044,LSVGRVTY,2026-07-06,SWCO GSS2259P CRS CLX ZZZ BK KG,1035.000,KG,15
300102065,LSVGRVTY,2026-07-10,SWCO DESERT FROST CRS RDY ZZZ BK KG,4202.735,KG,16
300102084,LSVGRVTY,2026-07-07,SWCO GH6055 CRN CLX ZZZ BK KG,564.500,KG,17
300102119,SSVLN6,2026-08-07,WACO POWERHOUSE SDL RDY ZZZ BK KS,938.772,KS,18
300102184,LSVGRVTY,2026-08-31,SWBS AC250Y U CRS RDX ZZZ BK KG,0.000,KG,19
