,SPECIES,,MATERIAL NUMBER,LOT NO/PO,MATERIAL DESC,GROSS WT (KG),Tare  (kg),Net Wt. (kg),Bin Count,PQ #,FIELD ID,BAR CODE,COMMENTS,,,,,,,,,,,,
,,VARIETY CODE,,,,,,,,,,,,,,,,,,,,,,,
,,,,,,,,,,,,,,,,Material Desc,Order,Target QTY,UOM,Finish Date,Description,Priority,,Order,Operation
,CAULIFLOWER,CF263,10713073,150881768,CFCO CAUC7101 RAW ZZZ BK KG,10,0.22,9.78,,132026009,NELSON-A,20447692,CAGE #2,,150881768,CFCO CAUC7101 RAW ZZZ BK KG,150881768,39.62,KG,2026-05-29,MANUALLY ADDED YUMA SHIPMENT,,,150881768,SSVLN6
,CAULIFLOWER,CF439,10958861,150928850,CFBS CF439 RAW ZZZ BK KG,23,1.09,22.85,,132026014,NELSON-G,20694088,CAGE #20,,150928850,CFBS CF439 RAW ZZZ BK KG,150928850,47.88,KG,2026-05-29,MANUALLY ADDED YUMA SHIPMENT,,,150928850,SSVLN6
,CAULIFLOWER,CF439,10958861,150928850,CFBS CF439 RAW ZZZ BK KG,25,1.09,25.03,,132026014,NELSON-G,20694088,CAGE #20,,150943657,BRBS 2B184 RAW ZZZ BK KG,150943657,4.08,KG,2026-05-29,MANUALLY ADDED YUMA SHIPMENT,,,150943657,SSVLN6
,BROCCOLI,2B184,10235754,150943657,BRBS 2B184 RAW ZZZ BK KG,4,0.22,4.08,,132026008,NELSON-E,20912619,CAGE #17,,150943838,CFCO BCAU24-703294 RAW ZZZ BK KG,150943838,19.87,KG,2026-05-29,MANUALLY ADDED YUMA SHIPMENT,,,150943838,SSVLN6
,CAULIFLOWER,CF263,10713073,150881768,CFCO CAUC7101 RAW ZZZ BK KG,11,0.22,10.78,,132026009,NELSON-A,20447692,CAGE #1,,151009917,CFCO BCAU22-28187 RAW ZZZ BK KG,151009917,15.95,KG,2026-05-29,MANUALLY ADDED YUMA SHIPMENT,,,151009917,SSVLN6
,CAULIFLOWER,CF263,10713073,150881768,CFCO CAUC7101 RAW ZZZ BK KG,10.5,0.22,10.28,,132026009,NELSON-A,20447692,CAGE #4,,,,,,,,,,,,
,CAULIFLOWER,CF263,10713073,150881768,CFCO CAUC7101 RAW ZZZ BK KG,9,0.22,8.78,,132026009,NELSON-A,20447692,CAGE #3,,,,,,,,,,,,
,CAULIFLOWER,CF721,11466468,150943838,CFCO BCAU24-703294 RAW ZZZ BK KG,8.31,0.22,8.09,,132026012,NELSON-D,20912315,CAGE #13,,,,,,,,,,,,
,CAULIFLOWER,CF721,11466468,150943838,CFCO BCAU24-703294 RAW ZZZ BK KG,4.11,0.22,3.89,,132026012,NELSON-D,20912315,CAGE #14,,,,,,,,,,,,
,CAULIFLOWER,CF721,11466468,150943838,CFCO BCAU24-703294 RAW ZZZ BK KG,4.66,0.22,4.44,,132026012,NELSON-D,20912315,CAGE #15,,,,,,,,,,,,
,CAULIFLOWER,CF721,11466468,150943838,CFCO BCAU24-703294 RAW ZZZ BK KG,3.67,0.22,3.45,,132026012,NELSON-D,20912315,CAGE #16,,,,,,,,,,,,
,CAULIFLOWER,CF734,11473935,151009917,CFCO BCAU22-28187 RAW ZZZ BK KG,4.22,0.22,4,,132026015,NELSON-H,21305411,CAGE #21,,,,,,,,,,,,
,CAULIFLOWER,CF734,11473935,151009917,CFCO BCAU22-28187 RAW ZZZ BK KG,3.82,0.22,3.6,,132026015,NELSON-H,21305411,CAGE #22,,,,,,,,,,,,
,CAULIFLOWER,CF734,11473935,151009917,CFCO BCAU22-28187 RAW ZZZ BK KG,3.92,0.22,3.7,,132026015,NELSON-H,21305411,CAGE #23,,,,,,,,,,,,
,CAULIFLOWER,CF734,11473935,151009917,CFCO BCAU22-28187 RAW ZZZ BK KG,4.87,0.22,4.65,,132026015,NELSON-H,21305411,CAGE #24,,,,,,,,,,,,
