report_year,site_code,card_name,work_center_code,species_code,metric_code,aggregation,metric_value,unit_of_measure,dq_flags,source_row_number
,SSV,Efficiency Report Line 3,SSVLN3,BRCO,kg_per_hour,unspecified,57.7,kg/h,work_center_code_inferred;period_unspecified,1
,SSV,Efficiency Report Line 3,SSVLN3,BSCO,kg_per_hour,unspecified,34.2,kg/h,work_center_code_inferred;period_unspecified,2
,SSV,Efficiency Report Line 3,SSVLN3,CFCO,kg_per_hour,unspecified,54.6,kg/h,work_center_code_inferred;period_unspecified,3
,SSV,Efficiency Report Line 3,SSVLN3,MECO,kg_per_hour,unspecified,8.9,kg/h,work_center_code_inferred;period_unspecified,4
,SSV,Efficiency Report Line 3,SSVLN3,SPCO,kg_per_hour,unspecified,187.3,kg/h,work_center_code_inferred;period_unspecified,5
,SSV,Efficiency Report Line 3,SSVLN3,SQCO,kg_per_hour,unspecified,52.4,kg/h,work_center_code_inferred;period_unspecified,6
,SSV,Efficiency Report Line 3,SSVLN3,WACO,kg_per_hour,unspecified,59.9,kg/h,work_center_code_inferred;period_unspecified,7
,SSV,Efficiency Report Line 3,SSVLN3,WCCO,kg_per_hour,unspecified,79.4,kg/h,work_center_code_inferred;period_unspecified,8
,SSV,Efficiency Report Line 5,SSVLN5,BRBS,kg_per_hour,unspecified,2.3,kg/h,period_unspecified,9
,SSV,Efficiency Report Line 5,SSVLN5,BRCO,kg_per_hour,unspecified,22.0,kg/h,period_unspecified,10
,SSV,Efficiency Report Line 5,SSVLN5,BSCO,kg_per_hour,unspecified,11.9,kg/h,period_unspecified,11
,SSV,Efficiency Report Line 5,SSVLN5,CACO,kg_per_hour,unspecified,6.4,kg/h,period_unspecified,12
,SSV,Efficiency Report Line 5,SSVLN5,CFBS,kg_per_hour,unspecified,3.7,kg/h,period_unspecified,13
,SSV,Efficiency Report Line 5,SSVLN5,CFCO,kg_per_hour,unspecified,6.0,kg/h,period_unspecified,14
,SSV,Efficiency Report Line 5,SSVLN5,CUBS,kg_per_hour,unspecified,5.6,kg/h,period_unspecified,15
,SSV,Efficiency Report Line 5,SSVLN5,CUCO,kg_per_hour,unspecified,7.6,kg/h,period_unspecified,16
,SSV,Efficiency Report Line 5,SSVLN5,MEBS,kg_per_hour,unspecified,3.4,kg/h,period_unspecified,17
,SSV,Efficiency Report Line 5,SSVLN5,MECO,kg_per_hour,unspecified,10.3,kg/h,period_unspecified,18
,SSV,Efficiency Report Line 5,SSVLN5,SPCO,kg_per_hour,unspecified,2.8,kg/h,period_unspecified,19
,SSV,Efficiency Report Line 5,SSVLN5,SQBS,kg_per_hour,unspecified,8.0,kg/h,period_unspecified,20
,SSV,Efficiency Report Line 5,SSVLN5,SQCO,kg_per_hour,unspecified,17.0,kg/h,period_unspecified,21
,SSV,Efficiency Report Line 5,SSVLN5,TOCO,kg_per_hour,unspecified,3.0,kg/h,period_unspecified,22
,SSV,Efficiency Report Line 5,SSVLN5,WABS,kg_per_hour,unspecified,10.8,kg/h,period_unspecified,23
,SSV,Efficiency Report Line 5,SSVLN5,WACO,kg_per_hour,unspecified,13.6,kg/h,period_unspecified,24
,SSV,Efficiency Report Line 6,SSVLN6,BRCO,kg_per_hour,unspecified,18.4,kg/h,period_unspecified,25
,SSV,Efficiency Report Line 6,SSVLN6,CFCO,kg_per_hour,unspecified,40.4,kg/h,period_unspecified,26
,SSV,Efficiency Report Line 6,SSVLN6,EGCO,kg_per_hour,unspecified,23.0,kg/h,period_unspecified,27
,SSV,Efficiency Report Line 6,SSVLN6,MECO,kg_per_hour,unspecified,37.5,kg/h,period_unspecified,28
,SSV,Efficiency Report Line 6,SSVLN6,SPCO,kg_per_hour,unspecified,7.8,kg/h,period_unspecified,29
,SSV,Efficiency Report Line 6,SSVLN6,SQBS,kg_per_hour,unspecified,23.4,kg/h,period_unspecified,30
,SSV,Efficiency Report Line 6,SSVLN6,SQCO,kg_per_hour,unspecified,43.2,kg/h,period_unspecified,31
,SSV,Efficiency Report Line 6,SSVLN6,WABS,kg_per_hour,unspecified,23.3,kg/h,period_unspecified,32
,SSV,Efficiency Report Line 6,SSVLN6,WACO,kg_per_hour,unspecified,23.4,kg/h,period_unspecified,33
,SSV,Efficiency Report Line 6,SSVLN6,WCCO,kg_per_hour,unspecified,16.2,kg/h,period_unspecified,34
