Crop,"Material 
Description",Prod. Order,"Output
Qty",UOM,Scheduled Finish Date (SAP),Notes:,Priority,PO Status,WorkCenter,Pack Line,Department,Hours,Capacity
TOCO,TOCO QUALI T 99 DET RDH ZZZ BK KS,300102523,2300,KS,2026-09-25,TOCO RPR GERM INT,,NEW,SSVRPR6,SSV Line 6 Repair,SSV Conditioning,,
WACO,WACO POWERHOUSE SDL RDY ZZZ BK KS,300102119,900,KS,2026-08-07,Please repair germ to above 90%,,NEW,SSVLN6,SSV Line 6,SSV Conditioning,,
WACO,WACO CAPTIVATION SDL RDY ZZZ BK KS,1002305700,175,KG,2026-10-08,WACO RDY LN3 SDL INT,,NEW,SSVLN6,SSV Line 6,SSV Conditioning,,
SQCO,SQCO PAYROLL RDY ZZZ BK KS,1002302295,172.5,KG,2026-09-16,SQCO RAW RDY Ln1 INT,,NEW,SSVLN6,SSV Line 6,SSV Conditioning,,
SQCO,SQCO SPINE BEAUTY RDY ZZZ BK KS,1002300975,171.843,KG,2026-09-15,SQCO RAW RDY Ln1 INT,,NEW,SSVLN6,SSV Line 6,SSV Conditioning,,
MECO,MECO OVATION RDY ZZZ BK KS,1002302362,169,KG,2026-09-24,MECO RAW RDY Ln1 INT,,NEW,SSVLN6,SSV Line 6,SSV Conditioning,,
SQCO,SQCO GRANDPRIZE RDY ZZZ BK KS,1002307496,146,KG,2026-10-09,SQCO RAW RDY Ln1 INT,,NEW,SSVLN6,SSV Line 6,SSV Conditioning,,
WACO,WACO SWEET GEM SDL RDY ZZZ BK KS,1002303255,145,KG,2026-09-25,WACO RDY LN3 SDL INT,,NEW,SSVLN6,SSV Line 6,SSV Conditioning,,
BRCO,BRCO ATRACTIX RDY ZZZ BK KS,1002292927,118.5,KG,2026-09-15,BRCO RAW RDY Ln3 INT,,NEW,SSVLN6,SSV Line 6,SSV Conditioning,,
SQCO,SQCO PAYROLL RDY ZZZ BK KS,1002300976,111.8,KG,2026-09-14,SQCO RAW RDY Ln1 INT,,NEW,SSVLN6,SSV Line 6,SSV Conditioning,,
SQCO,SQCO EQUINOX RDY ZZZ BK KS,1002307491,97.5,KG,2026-10-05,SQCO RAW RDY Ln1 INT,,NEW,SSVLN6,SSV Line 6,SSV Conditioning,,
SQCO,SQCO GRANDPRIZE RDY ZZZ BK KS,1002307493,96.5,KG,2026-10-06,SQCO RAW RDY Ln1 INT,,NEW,SSVLN6,SSV Line 6,SSV Conditioning,,
MECO,MECO OVATION RDY ZZZ BK KS,1002301022,96,KG,2026-09-08,MECO RAW RDY Ln1 INT,,NEW,SSVLN6,SSV Line 6,SSV Conditioning,,
SQCO,SQCO GRANDPRIZE RDY ZZZ BK KS,1002307494,94.5,KG,2026-10-08,SQCO RAW RDY Ln1 INT,,NEW,SSVLN6,SSV Line 6,SSV Conditioning,,
SQCO,SQCO GRANDPRIZE RDY ZZZ BK KS,1002307495,90,KG,2026-10-09,SQCO RAW RDY Ln1 INT,,NEW,SSVLN6,SSV Line 6,SSV Conditioning,,
MECO,MECO OVATION RDY ZZZ BK KS,1002301023,89,KG,2026-09-09,MECO RAW RDY Ln1 INT,,NEW,SSVLN6,SSV Line 6,SSV Conditioning,,
MECO,MECO OVATION RDY ZZZ BK KS,1002302359,85,KG,2026-09-24,MECO RAW RDY Ln1 INT,,NEW,SSVLN6,SSV Line 6,SSV Conditioning,,
MECO,MECO OVATION RDY ZZZ BK KS,1002302361,80.464,KG,2026-09-24,MECO RAW RDY Ln1 INT,,NEW,SSVLN6,SSV Line 6,SSV Conditioning,,
WACO,WACO VIRTUE SDL RDY ZZZ BK KS,1002271976,72,KG,2026-06-05,WACO RDY LN3 SDL INT,,NEW,SSVLN6,SSV Line 6,SSV Conditioning,,
SQBS,SQBS SQ470 RDY ZZZ BK KS,1002304239,64.49,KG,2026-09-24,SQBS RAW RDY INT,,NEW,SSVLN6,SSV Line 6,SSV Conditioning,,
WACO,WACO RED RYDER SDL RDY ZZZ BK KS,1002271911,64,KG,2026-06-10,WACO RDY LN3 SDL INT,,NEW,SSVLN6,SSV Line 6,SSV Conditioning,,
SQCO,SQCO SPINE BEAUTY RDY ZZZ BK KS,1002300973,63,KG,2026-09-14,SQCO RAW RDY Ln1 INT,,NEW,SSVLN6,SSV Line 6,SSV Conditioning,,
SQCO,SQCO EQUINOX RDY ZZZ BK KS,1002299673,58.5,KG,2026-09-14,SQCO RAW RDY Ln1 INT,,NEW,SSVLN6,SSV Line 6,SSV Conditioning,,
SQBS,SQBS SQ279 RDY ZZZ BK KS,1002305616,55.84,KG,2026-09-29,SQBS RAW RDY INT,,NEW,SSVLN6,SSV Line 6,SSV Conditioning,,
